,mean_fit_time,std_fit_time,mean_score_time,std_score_time,param_clf__n_estimators,param_clf__min_samples_split,param_clf__max_features,param_clf__max_depth,param_clf__class_weight,param_clf__bootstrap,params,split0_test_balanced_accuracy,split1_test_balanced_accuracy,split2_test_balanced_accuracy,split3_test_balanced_accuracy,split4_test_balanced_accuracy,split5_test_balanced_accuracy,split6_test_balanced_accuracy,split7_test_balanced_accuracy,split8_test_balanced_accuracy,split9_test_balanced_accuracy,mean_test_balanced_accuracy,std_test_balanced_accuracy,rank_test_balanced_accuracy,split0_test_precision_macro,split1_test_precision_macro,split2_test_precision_macro,split3_test_precision_macro,split4_test_precision_macro,split5_test_precision_macro,split6_test_precision_macro,split7_test_precision_macro,split8_test_precision_macro,split9_test_precision_macro,mean_test_precision_macro,std_test_precision_macro,rank_test_precision_macro,split0_test_precision_weighted,split1_test_precision_weighted,split2_test_precision_weighted,split3_test_precision_weighted,split4_test_precision_weighted,split5_test_precision_weighted,split6_test_precision_weighted,split7_test_precision_weighted,split8_test_precision_weighted,split9_test_precision_weighted,mean_test_precision_weighted,std_test_precision_weighted,rank_test_precision_weighted,split0_test_recall_macro,split1_test_recall_macro,split2_test_recall_macro,split3_test_recall_macro,split4_test_recall_macro,split5_test_recall_macro,split6_test_recall_macro,split7_test_recall_macro,split8_test_recall_macro,split9_test_recall_macro,mean_test_recall_macro,std_test_recall_macro,rank_test_recall_macro,split0_test_recall_weighted,split1_test_recall_weighted,split2_test_recall_weighted,split3_test_recall_weighted,split4_test_recall_weighted,split5_test_recall_weighted,split6_test_recall_weighted,split7_test_recall_weighted,split8_test_recall_weighted,split9_test_recall_weighted,mean_test_recall_weighted,std_test_recall_weighted,rank_test_recall_weighted,split0_test_f1_macro,split1_test_f1_macro,split2_test_f1_macro,split3_test_f1_macro,split4_test_f1_macro,split5_test_f1_macro,split6_test_f1_macro,split7_test_f1_macro,split8_test_f1_macro,split9_test_f1_macro,mean_test_f1_macro,std_test_f1_macro,rank_test_f1_macro,split0_test_f1_weighted,split1_test_f1_weighted,split2_test_f1_weighted,split3_test_f1_weighted,split4_test_f1_weighted,split5_test_f1_weighted,split6_test_f1_weighted,split7_test_f1_weighted,split8_test_f1_weighted,split9_test_f1_weighted,mean_test_f1_weighted,std_test_f1_weighted,rank_test_f1_weighted,split0_test_auc_macro,split1_test_auc_macro,split2_test_auc_macro,split3_test_auc_macro,split4_test_auc_macro,split5_test_auc_macro,split6_test_auc_macro,split7_test_auc_macro,split8_test_auc_macro,split9_test_auc_macro,mean_test_auc_macro,std_test_auc_macro,rank_test_auc_macro
0,7.070730972290039,0.20527974047292386,0.17190613746643066,0.028573101755141606,500,2,50,,balanced_subsample,True,"{'clf__n_estimators': 500, 'clf__min_samples_split': 2, 'clf__max_features': 50, 'clf__max_depth': None, 'clf__class_weight': 'balanced_subsample', 'clf__bootstrap': True}",0.4660493827160494,0.36557239057239055,0.572053872053872,0.6586635586635586,0.5012561512561512,0.4207631874298541,0.4773569023569023,0.5261784511784512,0.5052749719416386,0.44191919191919193,0.49350880600880603,0.07749014974649826,45,0.7005777144666033,0.5574597196066122,0.7839031339031339,0.8532547699214366,0.7950102880658437,0.7515416100321761,0.7382996632996632,0.8451770451770453,0.6838989441930619,0.786002886002886,0.7495125774668463,0.08259076452858286,2,0.7457476516882457,0.5942645111968824,0.7781416603198781,0.8243386838683867,0.7476393472680601,0.7001019249758273,0.7306405640564057,0.7965274725274724,0.7247590497737556,0.7141688311688311,0.7356329696843745,0.059566487695072175,5,0.4660493827160494,0.36557239057239055,0.572053872053872,0.6586635586635586,0.5012561512561512,0.4207631874298541,0.4773569023569023,0.5261784511784512,0.5052749719416386,0.44191919191919193,0.49350880600880603,0.07749014974649826,45,0.7227722772277227,0.6138613861386139,0.7623762376237624,0.8118811881188119,0.7326732673267327,0.6633663366336634,0.7128712871287128,0.73,0.72,0.69,0.7159801980198018,0.05076239072122338,5,0.4727091480714669,0.3736332641466216,0.5900324469768915,0.6752250975352659,0.509572916592621,0.4092811274254573,0.48702792140132295,0.5578502415458938,0.5158381132850555,0.44110491762665677,0.5032275194607253,0.08424654677135811,45,0.6799247005445886,0.5636114074878911,0.7346069222306846,0.7892133931370282,0.6905065946425747,0.6221439463533983,0.6800825307229297,0.7005652173913043,0.6968579992568417,0.6480651059085842,0.6805577817675824,0.05799772079983285,25,,,,,,,,,,,,,1
1,6.938216662406921,0.29482787552981277,0.19727320671081544,0.027573029242136036,500,16,50,,balanced_subsample,True,"{'clf__n_estimators': 500, 'clf__min_samples_split': 16, 'clf__max_features': 50, 'clf__max_depth': None, 'clf__class_weight': 'balanced_subsample', 'clf__bootstrap': True}",0.5160493827160493,0.4806397306397307,0.6311447811447812,0.6659026159026159,0.5612729862729863,0.48066778900112234,0.4899551066217733,0.6109427609427609,0.49980359147025816,0.6405723905723906,0.5576951135284469,0.0695454656570453,28,0.6014147688060731,0.5427350427350428,0.6512776342233706,0.6748136123136123,0.5519249807040505,0.5509499759499759,0.5948148148148148,0.8179012345679012,0.6426487093153761,0.7147978564645231,0.6343278629894741,0.08182061736041778,13,0.7265358834020047,0.6430566133536432,0.7677156087701793,0.7676723029445801,0.723873903171048,0.6743217178860743,0.7019471947194719,0.8213888888888888,0.6992727272727273,0.7844713064713065,0.7310256146879924,0.05156557074291846,8,0.5160493827160493,0.4806397306397307,0.6311447811447812,0.6659026159026159,0.5612729862729863,0.48066778900112234,0.4899551066217733,0.6109427609427609,0.49980359147025816,0.6405723905723906,0.5576951135284469,0.0695454656570453,28,0.7227722772277227,0.6534653465346535,0.7722772277227723,0.7722772277227723,0.7326732673267327,0.6534653465346535,0.7128712871287128,0.76,0.68,0.77,0.7229801980198018,0.044888570116295524,1,0.5196282729616063,0.49608925695882217,0.6313363543082534,0.6621050699903104,0.552002611893719,0.4503454385732545,0.4845282191965546,0.6035360561203258,0.49340018542917097,0.6202500379996959,0.5513221503431713,0.06944119148991837,8,0.7055501154511056,0.6403009245023882,0.7652079475360493,0.7651348710490129,0.7245152827442455,0.636490167486837,0.6892898301094189,0.7417742108079186,0.6667610891523935,0.7605528955768354,0.7095577334416204,0.047372647443940964,1,,,,,,,,,,,,,1
2,6.319798636436462,0.2324926884538449,0.23149197101593016,0.0336950099188078,500,33,50,,balanced_subsample,True,"{'clf__n_estimators': 500, 'clf__min_samples_split': 33, 'clf__max_features': 50, 'clf__max_depth': None, 'clf__class_weight': 'balanced_subsample', 'clf__bootstrap': True}",0.5666666666666667,0.47356902356902353,0.60993265993266,0.7118168868168868,0.6548756798756799,0.4755611672278339,0.5484287317620651,0.6223063973063973,0.5684062850729518,0.6136363636363638,0.5845199861866528,0.07080883856880948,4,0.6020061728395061,0.45965608465608454,0.6085944919278252,0.6185429018762352,0.6748360800992379,0.43677248677248676,0.5332926332926333,0.7492197395754167,0.5379343629343629,0.660653852320519,0.5881508806294307,0.09230667582745994,25,0.7309563099167059,0.6140971239981141,0.7290767538292292,0.7614182728044114,0.7793603044514978,0.6314710042432814,0.702988430711203,0.8049984040127679,0.6942676962676962,0.751042069042069,0.7199676369276976,0.05799501935114024,23,0.5666666666666667,0.47356902356902353,0.60993265993266,0.7118168868168868,0.6548756798756799,0.4755611672278339,0.5484287317620651,0.6223063973063973,0.5684062850729518,0.6136363636363638,0.5845199861866528,0.07080883856880948,4,0.7227722772277227,0.6039603960396039,0.7227722772277227,0.7623762376237624,0.7425742574257426,0.6039603960396039,0.693069306930693,0.76,0.66,0.72,0.6991485148514851,0.055523428325618504,14,0.556144426529822,0.45864498991433983,0.5970203461423244,0.6579623440000442,0.6300695218765142,0.4470061154094665,0.5323321222954026,0.5998139025725232,0.5416668307506514,0.5742838129863496,0.5594944412477438,0.06466871039688064,3,0.7138557216620397,0.6030372819202786,0.7184773595310325,0.7554878777773446,0.7450992846342379,0.607952431378054,0.6927071304787411,0.7442709359605912,0.6654695492941107,0.7155017017322217,0.6961859274368651,0.05178904564041203,7,,,,,,,,,,,,,1
3,26.391993856430055,0.4313866005189555,0.2385223388671875,0.01454073768964927,500,2,181,,balanced_subsample,True,"{'clf__n_estimators': 500, 'clf__min_samples_split': 2, 'clf__max_features': 181, 'clf__max_depth': None, 'clf__class_weight': 'balanced_subsample', 'clf__bootstrap': True}",0.4938271604938272,0.3627946127946128,0.5973063973063973,0.6311383061383062,0.5012561512561512,0.450645342312009,0.4634680134680134,0.5632154882154882,0.49349046015712683,0.5530303030303031,0.5110172235172235,0.07412034246363393,44,0.8054131054131054,0.5629053601731198,0.7315255731922399,0.82511219080368,0.7342698967698968,0.7164668664668664,0.7211538461538463,0.8351095687937794,0.7694871794871795,0.8145095645095645,0.7515953151763278,0.07617190585333834,1,0.7671997969027672,0.5939689555336365,0.767028131384567,0.8013705055915926,0.7408506097862533,0.695197871435495,0.7199225691799949,0.8042392134181607,0.7306884615384616,0.7574725274725275,0.7377938642243456,0.05782975997375888,3,0.4938271604938272,0.3627946127946128,0.5973063973063973,0.6311383061383062,0.5012561512561512,0.450645342312009,0.4634680134680134,0.5632154882154882,0.49349046015712683,0.5530303030303031,0.5110172235172235,0.07412034246363393,44,0.7326732673267327,0.6138613861386139,0.7623762376237624,0.7821782178217822,0.7326732673267327,0.6633663366336634,0.7029702970297029,0.76,0.7,0.74,0.719009900990099,0.048099984093114494,3,0.5201154865889165,0.37585030953452003,0.6276884906839016,0.6453241119302825,0.4997928157410916,0.4477752521230782,0.47071573117608917,0.5930842625897981,0.4983911674226561,0.5666666666666668,0.5245404294457001,0.07994726272757359,38,0.6956691321306044,0.5630508869279062,0.7478560049818679,0.7616693136575978,0.6954700187714868,0.6340671095298732,0.6689236508597882,0.7361018662834782,0.6761447170183635,0.7138333333333334,0.68927860334943,0.0557806602902175,18,,,,,,,,,,,,,1
4,25.128698348999023,0.34164663971068004,0.25179479122161863,0.015378764187960848,500,16,181,,balanced_subsample,True,"{'clf__n_estimators': 500, 'clf__min_samples_split': 16, 'clf__max_features': 181, 'clf__max_depth': None, 'clf__class_weight': 'balanced_subsample', 'clf__bootstrap': True}",0.4864197530864198,0.48274410774410775,0.6010942760942761,0.677013727013727,0.5723840973840973,0.4904882154882155,0.5871773288439955,0.609652076318743,0.564618406285073,0.6287878787878788,0.5700379867046534,0.06220784321553314,17,0.6311663554310614,0.5348148148148149,0.6119789650277455,0.7025941073645521,0.6599095886886583,0.5997939925571504,0.629471916971917,0.7839077044959398,0.6484287317620651,0.7058746583136828,0.6507940835427588,0.06474853787542786,7,0.7083558670993149,0.6361716171617161,0.7320683984774785,0.7774381865323241,0.7630492492770872,0.6914515135724099,0.7287059200425536,0.7960294117647058,0.7054545454545454,0.7658783655369021,0.7304603074919037,0.045115748797892395,10,0.4864197530864198,0.48274410774410775,0.6010942760942761,0.677013727013727,0.5723840973840973,0.4904882154882155,0.5871773288439955,0.609652076318743,0.564618406285073,0.6287878787878788,0.5700379867046534,0.06220784321553314,17,0.7029702970297029,0.6534653465346535,0.7326732673267327,0.7821782178217822,0.7425742574257426,0.6534653465346535,0.7326732673267327,0.75,0.69,0.75,0.719,0.040657941765478475,4,0.49842284632792616,0.49885982155485703,0.5953522149600582,0.6777665718068194,0.5572936171847243,0.4619195346088799,0.5797930283224401,0.6021798845733938,0.5793933486915943,0.6054957631836531,0.5656476631214347,0.060476132563396436,1,0.6782381670552244,0.6373531203950416,0.7261428663874792,0.773352877083374,0.7301729913722511,0.6386606155572462,0.7195975032285837,0.7367665336691706,0.6875167464114833,0.7385049460821704,0.7066306367242025,0.042508683370560615,2,,,,,,,,,,,,,1
5,22.497020149230956,0.24195691677259396,0.23461263179779052,0.02235026018853836,500,33,181,,balanced_subsample,True,"{'clf__n_estimators': 500, 'clf__min_samples_split': 33, 'clf__max_features': 181, 'clf__max_depth': None, 'clf__class_weight': 'balanced_subsample', 'clf__bootstrap': True}",0.49104938271604937,0.4714646464646465,0.6328282828282829,0.7064750064750065,0.6296231546231545,0.485381593714927,0.6058361391694724,0.6323793490460158,0.561672278338945,0.6136363636363638,0.5830346197012863,0.07394613834452467,6,0.5121511003757381,0.48227513227513225,0.6164021164021164,0.6535717981796414,0.6736929736929738,0.4532392081411689,0.5671306084096782,0.7339995483288166,0.5550378795992832,0.5368952285618953,0.5784395593966443,0.08489786766601683,33,0.6815492418807099,0.6189533239038189,0.7366808109382366,0.7658071053528246,0.7767321787123767,0.6410931009067293,0.7168880260119035,0.7928048780487803,0.6988230190861769,0.7371051051051052,0.7166436789946662,0.05426684587714523,25,0.49104938271604937,0.4714646464646465,0.6328282828282829,0.7064750064750065,0.6296231546231545,0.485381593714927,0.6058361391694724,0.6323793490460158,0.561672278338945,0.6136363636363638,0.5830346197012863,0.07394613834452467,6,0.693069306930693,0.6138613861386139,0.7326732673267327,0.7623762376237624,0.7425742574257426,0.6039603960396039,0.7227722772277227,0.75,0.66,0.72,0.7001287128712871,0.05336742132294679,13,0.48314243490714076,0.46645473012262084,0.6157530740864074,0.6748778442993556,0.588012554419358,0.4589710992456988,0.5758634888078681,0.606807440925088,0.5420633663345426,0.563729567052007,0.5575675600200087,0.06683840277886714,4,0.6735243789408029,0.6095267683788838,0.7298433140017299,0.757328660282609,0.7344013878962058,0.6107548582705482,0.7151834736158574,0.7405946994182289,0.6648818793344105,0.7197761196682765,0.6955815539807553,0.050516662389953115,8,,,,,,,,,,,,,1
6,39.50441598892212,0.74647351771322,0.2656008005142212,0.037924156228877084,500,2,,,balanced_subsample,True,"{'clf__n_estimators': 500, 'clf__min_samples_split': 2, 'clf__max_features': None, 'clf__max_depth': None, 'clf__class_weight': 'balanced_subsample', 'clf__bootstrap': True}",0.4938271604938272,0.35168350168350165,0.5558922558922559,0.6286130536130536,0.5151450401450401,0.470594837261504,0.4773569023569023,0.5755611672278339,0.516638608305275,0.5437710437710438,0.5129083570750238,0.07038741072421696,43,0.8002690724912948,0.5524590163934425,0.6302845212158936,0.815618368559545,0.7410802704920353,0.7239364902408381,0.727960002960003,0.8483370820212925,0.7866447925971735,0.7895509719039131,0.7416140588875432,0.08561873475552537,3,0.768959972920369,0.5838987177406264,0.7234332676965174,0.7969618810620557,0.7534850123667829,0.7008423489267225,0.7296349689914046,0.8137630229419703,0.7503785301999588,0.7419335370511841,0.7363291259897593,0.05997139883312456,4,0.4938271604938272,0.35168350168350165,0.5558922558922559,0.6286130536130536,0.5151450401450401,0.470594837261504,0.4773569023569023,0.5755611672278339,0.516638608305275,0.5437710437710438,0.5129083570750238,0.07038741072421696,43,0.7425742574257426,0.6039603960396039,0.7326732673267327,0.7722772277227723,0.7425742574257426,0.6633663366336634,0.7128712871287128,0.77,0.72,0.73,0.719029702970297,0.04819406575220715,2,0.5032113014494374,0.36436033102699766,0.563569086916237,0.638364581297757,0.5099750801505186,0.4638975222308556,0.4822405027008608,0.6111957807013162,0.5196398807349499,0.5461767139265232,0.5202630781135453,0.07354529313173297,43,0.7027165337033408,0.5523857880293523,0.7143190392767118,0.7538022155683509,0.7072747240021862,0.6392431550847393,0.6801636320007594,0.7502960054776174,0.6974193590054492,0.6988746939813301,0.6896495146129837,0.05522783214723251,17,,,,,,,,,,,,,1
7,37.03539247512818,1.1698407983867933,0.2618293046951294,0.018688770095596295,500,16,,,balanced_subsample,True,"{'clf__n_estimators': 500, 'clf__min_samples_split': 16, 'clf__max_features': None, 'clf__max_depth': None, 'clf__class_weight': 'balanced_subsample', 'clf__bootstrap': True}",0.4864197530864198,0.4665824915824916,0.5760942760942762,0.658074333074333,0.5751618751618752,0.48925364758698087,0.5612514029180695,0.6090909090909091,0.5317901234567901,0.6056397306397306,0.5559358542691876,0.05863318658474639,33,0.5799317875298269,0.5114618406285072,0.5904476605456996,0.7849647266313933,0.5558391221181919,0.4963009213009213,0.7320180436847104,0.7912698412698412,0.6915923582590249,0.6570787237453904,0.6390905025713508,0.10277548398456636,11,0.6965846899816032,0.6138363836383638,0.7140823326030082,0.7852113782806852,0.7303733031110421,0.6517733091990519,0.7457146483879157,0.8038650793650792,0.7049800199800201,0.7501919191919193,0.7196613063738688,0.054497356735167826,24,0.4864197530864198,0.4665824915824916,0.5760942760942762,0.658074333074333,0.5751618751618752,0.48925364758698087,0.5612514029180695,0.6090909090909091,0.5317901234567901,0.6056397306397306,0.5559358542691876,0.05863318658474639,33,0.7029702970297029,0.6237623762376238,0.7128712871287128,0.7524752475247525,0.7425742574257426,0.6534653465346535,0.7326732673267327,0.76,0.67,0.75,0.710079207920792,0.04446346704847019,9,0.49266331899977117,0.4793545344015724,0.575090450507923,0.6521214448633804,0.5632140696569008,0.4674103794333761,0.5675064917528323,0.5987928254947422,0.5315436007912901,0.5707315084913663,0.5498428624393155,0.05457990320150208,12,0.6790828604450548,0.612027712691555,0.7085327808622714,0.7407209845408503,0.7346032373525141,0.6410948792488909,0.7142774403063173,0.7399590847574984,0.6635073705497314,0.7307789764590976,0.6964585327213781,0.04304540106237104,6,,,,,,,,,,,,,1
8,31.787436389923094,0.8211973145841134,0.25917582511901854,0.04038574201969191,500,33,,,balanced_subsample,True,"{'clf__n_estimators': 500, 'clf__min_samples_split': 33, 'clf__max_features': None, 'clf__max_depth': None, 'clf__class_weight': 'balanced_subsample', 'clf__bootstrap': True}",0.5092592592592592,0.4714646464646465,0.6328282828282829,0.6694379694379694,0.5840002590002591,0.46377665544332214,0.6033108866442201,0.6175084175084176,0.5566217732884399,0.6136363636363638,0.5721844513511181,0.06641943869043483,15,0.5003367003367004,0.4832348960255938,0.6164021164021164,0.7560247295799412,0.5441798941798941,0.42502051325580736,0.5599486932820266,0.7227124183006536,0.523638090304757,0.5377329710663044,0.5669231022733795,0.09866269343135456,38,0.6803930393039304,0.6136640242097299,0.7366808109382366,0.7903660335073754,0.7319896275341821,0.626791670763715,0.7111439715400111,0.7826960784313726,0.6760093240093241,0.7415178035178036,0.709125238375568,0.05671158747964786,33,0.5092592592592592,0.4714646464646465,0.6328282828282829,0.6694379694379694,0.5840002590002591,0.46377665544332214,0.6033108866442201,0.6175084175084176,0.5566217732884399,0.6136363636363638,0.5721844513511181,0.06641943869043483,15,0.693069306930693,0.6138613861386139,0.7326732673267327,0.7524752475247525,0.7326732673267327,0.5841584158415841,0.7128712871287128,0.73,0.64,0.72,0.691178217821782,0.054830042811816346,23,0.4953615901368711,0.46728483252984154,0.6157530740864074,0.6473910554613567,0.5593837535014006,0.4359539378608791,0.5706352935035105,0.5857037680972772,0.5293114024998083,0.5636316584246868,0.5470410366102039,0.062415589595647844,20,0.6788463066580768,0.6073655011140412,0.7298433140017299,0.7438786346353431,0.7283772915106638,0.5942027049034776,0.7070643110822712,0.7186200135226504,0.6469772256728779,0.7214830480340285,0.687665835113516,0.0509815206986853,21,,,,,,,,,,,,,1
9,5.066585516929626,0.49730242398754604,0.2441321849822998,0.02853594762220238,500,2,50,4,balanced_subsample,True,"{'clf__n_estimators': 500, 'clf__min_samples_split': 2, 'clf__max_features': 50, 'clf__max_depth': 4, 'clf__class_weight': 'balanced_subsample', 'clf__bootstrap': True}",0.504320987654321,0.45715488215488215,0.6342592592592592,0.7014245014245015,0.5757511007511007,0.4844556677890011,0.6567620650953985,0.5788720538720539,0.5216891133557799,0.6481481481481483,0.5762837779504447,0.0783918992283274,13,0.606163258602283,0.46356594689928027,0.6158940325606992,0.5990199615199615,0.601797385620915,0.5565138565138565,0.6392745202704552,0.6972564472564472,0.5135422856011091,0.6518541237839484,0.5944881818628955,0.0645456290038728,22,0.7087074561114648,0.6276352731798277,0.745961275664246,0.748446808966611,0.7661230828965249,0.6684727813440684,0.7638857178400768,0.7682176157176157,0.6733547237076649,0.7472351040772094,0.7218039839505309,0.04696834032644834,20,0.504320987654321,0.45715488215488215,0.6342592592592592,0.7014245014245015,0.5757511007511007,0.4844556677890011,0.6567620650953985,0.5788720538720539,0.5216891133557799,0.6481481481481483,0.5762837779504447,0.0783918992283274,13,0.6732673267326733,0.5841584158415841,0.7326732673267327,0.7425742574257426,0.7128712871287128,0.594059405940594,0.7425742574257426,0.69,0.62,0.72,0.6812178217821782,0.05795512310815096,28,0.501457423601003,0.43862074438665233,0.610404325763803,0.6396583808148512,0.5191064382240853,0.4473283560240081,0.628322440087146,0.5511714969546294,0.49676755992545474,0.6230676638942642,0.5455904829675896,0.07215179940006682,22,0.6683930261491353,0.5890906328049434,0.72894162503947,0.7350113321358619,0.7052382193616905,0.5938734246095417,0.7422927586876334,0.6878555781567829,0.6279714671293618,0.7222968185212388,0.6800964882595659,0.05505770863251029,28,,,,,,,,,,,,,1
10,4.59011013507843,0.1185992393653477,0.2528338670730591,0.041011374232431536,500,16,50,4,balanced_subsample,True,"{'clf__n_estimators': 500, 'clf__min_samples_split': 16, 'clf__max_features': 50, 'clf__max_depth': 4, 'clf__class_weight': 'balanced_subsample', 'clf__bootstrap': True}",0.5111111111111111,0.47104377104377104,0.6435185185185185,0.7014245014245015,0.6102628852628853,0.5008698092031425,0.6456509539842874,0.5788720538720539,0.5216891133557799,0.632996632996633,0.5817439350772684,0.07284421009102772,9,0.543939393939394,0.4727420402858999,0.6740950907617573,0.5990199615199615,0.6164141414141414,0.5684278684278685,0.6352341162300512,0.6962924989240779,0.5117354180047679,0.5757575757575757,0.5893658105265495,0.06622371655924439,24,0.6917191719171917,0.6255572925713625,0.7685921101762685,0.748446808966611,0.7693069306930693,0.6877670184600878,0.7602853578040731,0.7762685121895647,0.6720537790382992,0.7185454545454545,0.7218542436361982,0.048389474039694486,19,0.5111111111111111,0.47104377104377104,0.6435185185185185,0.7014245014245015,0.6102628852628853,0.5008698092031425,0.6456509539842874,0.5788720538720539,0.5216891133557799,0.632996632996633,0.5817439350772684,0.07284421009102772,9,0.6732673267326733,0.594059405940594,0.7425742574257426,0.7425742574257426,0.7128712871287128,0.6138613861386139,0.7326732673267327,0.69,0.62,0.69,0.6811881188118811,0.05222775561915348,29,0.4999544613166904,0.4542341537638844,0.6231931829971046,0.6396583808148512,0.5390093747936886,0.4607963694920217,0.6209150326797386,0.549460927509708,0.49588572571028716,0.5924238830821142,0.5475531492160088,0.06545769953369442,19,0.6697198733584105,0.5965718386418132,0.7373363106618783,0.7350113321358619,0.7043406021274397,0.6127324533695607,0.735692098621627,0.6904323725055431,0.6273365464944411,0.6953385329168071,0.6804511960833384,0.04971332259037644,26,,,,,,,,,,,,,1
11,4.80093207359314,0.2203589670886282,0.24291281700134276,0.0246165163465534,500,33,50,4,balanced_subsample,True,"{'clf__n_estimators': 500, 'clf__min_samples_split': 33, 'clf__max_features': 50, 'clf__max_depth': 4, 'clf__class_weight': 'balanced_subsample', 'clf__bootstrap': True}",0.5666666666666667,0.4453703703703703,0.6203703703703703,0.6903133903133903,0.6102628852628853,0.5411335578002245,0.6431257014590348,0.5662457912457913,0.5536756453423121,0.6582491582491582,0.5895413537080204,0.06678901776800353,2,0.5877492877492877,0.4357994357994358,0.5937125103791769,0.5897607022607023,0.6199775533108867,0.5404558404558405,0.5967592592592593,0.6453823953823954,0.5107141761747025,0.5738661121014064,0.5694177272873093,0.057072882485280335,37,0.7201827875095203,0.6027083789460026,0.7383995304787384,0.7412460888946037,0.7731973197319733,0.6762630109164763,0.7469471947194719,0.7560714285714286,0.6680096613912404,0.7211411170528819,0.7144166518212337,0.04869295101657219,26,0.5666666666666667,0.4453703703703703,0.6203703703703703,0.6903133903133903,0.6102628852628853,0.5411335578002245,0.6431257014590348,0.5662457912457913,0.5536756453423121,0.6582491582491582,0.5895413537080204,0.06678901776800353,2,0.693069306930693,0.5643564356435643,0.7227722772277227,0.7326732673267327,0.7128712871287128,0.5841584158415841,0.7227722772277227,0.64,0.61,0.68,0.6662673267326732,0.059040593552991155,38,0.5472548893601525,0.42102874759879594,0.5962629116223888,0.6288308068293824,0.5424740237186956,0.4613682004986353,0.6047791790825845,0.5046176046176046,0.5144342337324793,0.5951995674367461,0.5416250164497465,0.06369831260006024,25,0.6915584849404548,0.567851418045133,0.7221609469716632,0.7260925455203584,0.7075819565880593,0.5864332446338472,0.7255226075460267,0.6466363636363636,0.6187886382623224,0.6861726899878065,0.6678798896132035,0.05624044401358744,39,,,,,,,,,,,,,1
12,14.622096705436707,0.3446386897327491,0.26675145626068114,0.026817311616371426,500,2,181,4,balanced_subsample,True,"{'clf__n_estimators': 500, 'clf__min_samples_split': 2, 'clf__max_features': 181, 'clf__max_depth': 4, 'clf__class_weight': 'balanced_subsample', 'clf__bootstrap': True}",0.5120370370370371,0.42500000000000004,0.6296296296296295,0.631054131054131,0.536862211862212,0.44026374859708195,0.632631874298541,0.5765993265993266,0.5191638608305275,0.5909090909090909,0.5494150910817578,0.07235194110804893,41,0.6286177216409774,0.4333028083028083,0.6544301877635211,0.7137382597908913,0.4774691358024692,0.49915824915824925,0.6083177715530658,0.6904137904137904,0.5320987654320988,0.5269123988422234,0.5764459088700095,0.09073979172091419,34,0.723388170659642,0.5812570268015812,0.7595240605141595,0.7544609724130308,0.6969746974697469,0.6445544554455445,0.7340294533655046,0.7592723762723763,0.635,0.6978155236576291,0.6986276736599215,0.05755130736985364,41,0.5120370370370371,0.42500000000000004,0.6296296296296295,0.631054131054131,0.536862211862212,0.44026374859708195,0.632631874298541,0.5765993265993266,0.5191638608305275,0.5909090909090909,0.5494150910817578,0.07235194110804893,41,0.7029702970297029,0.5544554455445545,0.7326732673267327,0.7029702970297029,0.6831683168316832,0.5742574257425742,0.7128712871287128,0.67,0.59,0.69,0.6613366336633663,0.06056402947710202,40,0.5027868953199115,0.40954515294980604,0.610333022097728,0.6008808848721129,0.498314929836669,0.3988359788359788,0.6003415103415103,0.5404858314444372,0.5063076008223688,0.5517589206556963,0.5219590727176219,0.07097989692334583,42,0.6915161578461945,0.5533513100119574,0.7300545740848594,0.6948386285997021,0.6809769796855462,0.5727658480133727,0.7122510822510822,0.6700484914504523,0.5972926735711546,0.687707770142717,0.6590803515657039,0.058361832718457594,40,,,,,,,,,,,,,1
13,14.505058097839356,0.18806025113038877,0.2633998155593872,0.042208969428834814,500,16,181,4,balanced_subsample,True,"{'clf__n_estimators': 500, 'clf__min_samples_split': 16, 'clf__max_features': 181, 'clf__max_depth': 4, 'clf__class_weight': 'balanced_subsample', 'clf__bootstrap': True}",0.5120370370370371,0.42500000000000004,0.6296296296296295,0.631054131054131,0.5618622118622119,0.47730078563411893,0.632631874298541,0.5543771043771044,0.516638608305275,0.5909090909090909,0.553144047310714,0.06703550999672847,36,0.6286177216409774,0.43260233918128654,0.6544301877635211,0.7137382597908913,0.5958333333333333,0.5393518518518519,0.6083177715530658,0.6320804570804571,0.4944081336238198,0.5269123988422234,0.5826292454661427,0.07937751351093643,29,0.723388170659642,0.587562966822998,0.7595240605141595,0.7544609724130308,0.7524045261669023,0.6668316831683168,0.7340294533655046,0.7107723762723763,0.6224117647058823,0.6978155236576291,0.7009201497746442,0.055529148274323606,40,0.5120370370370371,0.42500000000000004,0.6296296296296295,0.631054131054131,0.5618622118622119,0.47730078563411893,0.632631874298541,0.5543771043771044,0.516638608305275,0.5909090909090909,0.553144047310714,0.06703550999672847,36,0.7029702970297029,0.5544554455445545,0.7326732673267327,0.7029702970297029,0.7029702970297029,0.5841584158415841,0.7128712871287128,0.65,0.58,0.69,0.6613069306930692,0.06155536877604093,41,0.5027868953199115,0.4087232983714621,0.610333022097728,0.6008808848721129,0.5115375001099333,0.43701222753854335,0.6003415103415103,0.5140308049894107,0.48965355632022306,0.5517589206556963,0.5227058620616531,0.06533441693537183,41,0.6915161578461945,0.555544915298931,0.7300545740848594,0.6948386285997021,0.6958131015030377,0.5871334501871239,0.7122510822510822,0.6469532533552141,0.586009324009324,0.687707770142717,0.6587822257278186,0.05809089666341325,41,,,,,,,,,,,,,1
14,14.221749567985535,0.5121776504106124,0.2674111366271973,0.029508466750910938,500,33,181,4,balanced_subsample,True,"{'clf__n_estimators': 500, 'clf__min_samples_split': 33, 'clf__max_features': 181, 'clf__max_depth': 4, 'clf__class_weight': 'balanced_subsample', 'clf__bootstrap': True}",0.5324074074074074,0.42500000000000004,0.6203703703703703,0.6655659155659155,0.5852628852628853,0.5321829405162739,0.6424523007856341,0.5442760942760942,0.516638608305275,0.6014309764309764,0.5665587498920832,0.06737899130764037,22,0.6046943796943798,0.43260233918128654,0.5964535964535965,0.6886837935599546,0.5018242650595592,0.568757467144564,0.5640594541910331,0.605988455988456,0.4944081336238198,0.5245430495430496,0.5582014934439699,0.0687283082936022,43,0.7161543077384661,0.587562966822998,0.7355530919887355,0.757712768180843,0.7162177562294044,0.6897157457681251,0.7357347576862948,0.6970194805194805,0.6224117647058823,0.7133495670995671,0.6971432206739796,0.05026828550023379,43,0.5324074074074074,0.42500000000000004,0.6203703703703703,0.6655659155659155,0.5852628852628853,0.5321829405162739,0.6424523007856341,0.5442760942760942,0.516638608305275,0.6014309764309764,0.5665587498920832,0.06737899130764037,22,0.6831683168316832,0.5544554455445545,0.7227722772277227,0.7029702970297029,0.693069306930693,0.6039603960396039,0.7128712871287128,0.61,0.58,0.67,0.6533267326732674,0.05748677535103841,45,0.5066907801061493,0.4087232983714621,0.5978176749418579,0.6067315157227438,0.5302170767146612,0.47531986531986525,0.5870185768320632,0.48561525620349144,0.48965355632022306,0.5489108412629986,0.5236698441795516,0.059610531933650755,40,0.6789573809601025,0.555544915298931,0.7209976373633916,0.6945811303224018,0.691969284522018,0.6060846084608461,0.7139076328210809,0.6122913165266106,0.586009324009324,0.6799790587787413,0.6540322289063447,0.05551171886084072,45,,,,,,,,,,,,,1
15,21.438930010795595,0.24823808681606555,0.25987083911895753,0.02463064137050966,500,2,,4,balanced_subsample,True,"{'clf__n_estimators': 500, 'clf__min_samples_split': 2, 'clf__max_features': None, 'clf__max_depth': 4, 'clf__class_weight': 'balanced_subsample', 'clf__bootstrap': True}",0.5234567901234568,0.42500000000000004,0.6203703703703703,0.6199430199430199,0.536862211862212,0.451374859708193,0.6449775533108867,0.5956790123456791,0.5147867564534231,0.5909090909090909,0.5523359665026333,0.07073849268747433,38,0.637029637029637,0.4333028083028083,0.6046481945604754,0.7040821751348066,0.4793891293891294,0.5062289562289561,0.6171296296296297,0.6862908696242029,0.5042846768336964,0.5250605469903716,0.5697446623723714,0.087588168116195,36,0.706906954431707,0.5812570268015812,0.7330289419919436,0.7465166065478728,0.7026966982412526,0.6501350135013501,0.7408415841584158,0.7568357753357753,0.6324117647058823,0.7026488569909622,0.6953279222706743,0.05399197875824189,44,0.5234567901234568,0.42500000000000004,0.6203703703703703,0.6199430199430199,0.536862211862212,0.451374859708193,0.6449775533108867,0.5956790123456791,0.5147867564534231,0.5909090909090909,0.5523359665026333,0.07073849268747433,38,0.693069306930693,0.5544554455445545,0.7227722772277227,0.693069306930693,0.6831683168316832,0.5841584158415841,0.7227722772277227,0.68,0.58,0.69,0.6603465346534654,0.059325411590203256,42,0.5160524148973942,0.40954515294980604,0.6024325440752987,0.5883658510442061,0.4982430817342051,0.408560762908589,0.6127380245027304,0.5630349314448804,0.4948002614669282,0.5496425185392941,0.5243415543563332,0.06953739924028011,39,0.6796625690315488,0.5533513100119574,0.7207456274660843,0.684234499133047,0.6832001490760515,0.5811184224012463,0.7219618180305425,0.6817503251800388,0.5921132201132201,0.6894220558570027,0.6587559996300739,0.0570697752994662,42,,,,,,,,,,,,,1
16,20.518562936782835,0.2964621898693328,0.2619468212127686,0.013510364748470336,500,16,,4,balanced_subsample,True,"{'clf__n_estimators': 500, 'clf__min_samples_split': 16, 'clf__max_features': None, 'clf__max_depth': 4, 'clf__class_weight': 'balanced_subsample', 'clf__bootstrap': True}",0.5209876543209877,0.42500000000000004,0.6203703703703703,0.6199430199430199,0.536862211862212,0.451374859708193,0.6449775533108867,0.5820426487093154,0.5147867564534231,0.5808080808080808,0.5497153155486489,0.06960317372243421,39,0.6327090222439059,0.4333028083028083,0.5964535964535965,0.7040821751348066,0.4793891293891294,0.5065656565656567,0.6171296296296297,0.6614127702362996,0.5042846768336964,0.5117889420521,0.5647118406841629,0.08457865757433823,41,0.7026651681268307,0.5812570268015812,0.7355530919887355,0.7465166065478728,0.7026966982412526,0.6511551155115511,0.7408415841584158,0.7440407239819006,0.6324117647058823,0.6918433014354067,0.6928981081499429,0.05259834762660758,45,0.5209876543209877,0.42500000000000004,0.6203703703703703,0.6199430199430199,0.536862211862212,0.451374859708193,0.6449775533108867,0.5820426487093154,0.5147867564534231,0.5808080808080808,0.5497153155486489,0.06960317372243421,39,0.6831683168316832,0.5544554455445545,0.7227722772277227,0.693069306930693,0.6831683168316832,0.5841584158415841,0.7227722772277227,0.66,0.58,0.68,0.6563564356435643,0.05797127021022807,43,0.5127535082277009,0.40954515294980604,0.5978176749418579,0.5883658510442061,0.4982430817342051,0.4077248677248677,0.6127380245027304,0.538706105372772,0.4948002614669282,0.5363718691489336,0.5197066397114009,0.06775972085828565,44,0.6725398904715578,0.5533513100119574,0.7209976373633916,0.684234499133047,0.6832001490760515,0.5806866400925808,0.7219618180305425,0.6619778074778075,0.5921132201132201,0.6776566619801536,0.6548719633750311,0.055828894162235757,44,,,,,,,,,,,,,1
17,19.607339334487914,0.25382693161229347,0.25612764358520507,0.024851205730315476,500,33,,4,balanced_subsample,True,"{'clf__n_estimators': 500, 'clf__min_samples_split': 33, 'clf__max_features': None, 'clf__max_depth': 4, 'clf__class_weight': 'balanced_subsample', 'clf__bootstrap': True}",0.5185185185185186,0.42500000000000004,0.6574074074074073,0.656980056980057,0.5738992488992489,0.5105780022446689,0.6424523007856341,0.5684062850729518,0.5122615039281706,0.6153198653198654,0.5680823189156523,0.07282158403036483,20,0.5976257256745061,0.4333028083028083,0.6257745841079174,0.7069922280448596,0.4992303992303992,0.536848635235732,0.5640594541910331,0.6404576904576904,0.5020041686708353,0.5282467532467533,0.5634542447162534,0.07640170213564941,42,0.698948318846894,0.5812570268015812,0.7482043571152481,0.7579263189476844,0.7094152272370093,0.6716908663571072,0.7357347576862948,0.7312673992673993,0.6285238095238095,0.7160162337662338,0.6978984315549261,0.05314696092355828,42,0.5185185185185186,0.42500000000000004,0.6574074074074073,0.656980056980057,0.5738992488992489,0.5105780022446689,0.6424523007856341,0.5684062850729518,0.5122615039281706,0.6153198653198654,0.5680823189156523,0.07282158403036483,20,0.6732673267326733,0.5544554455445545,0.7326732673267327,0.7029702970297029,0.693069306930693,0.5841584158415841,0.7128712871287128,0.64,0.57,0.68,0.6543465346534653,0.06055147099082749,44,0.4969985052633957,0.40954515294980604,0.6299916556452504,0.6117484108191709,0.5246876516570358,0.4520718572892486,0.5870185768320632,0.5159972867403207,0.49127122345513147,0.5568992218003986,0.5276229542451821,0.06632857307197958,37,0.6660824174817339,0.5533513100119574,0.7321466514244616,0.6947245354784537,0.6914435199969945,0.589139994744816,0.7139076328210809,0.6418805838124725,0.5834584266308404,0.6857306927656694,0.6551865765168479,0.05775382542845662,43,,,,,,,,,,,,,1
18,5.657349610328675,0.2901910337688729,0.2504021406173706,0.037919448052706334,500,2,50,5,balanced_subsample,True,"{'clf__n_estimators': 500, 'clf__min_samples_split': 2, 'clf__max_features': 50, 'clf__max_depth': 5, 'clf__class_weight': 'balanced_subsample', 'clf__bootstrap': True}",0.5598765432098766,0.45715488215488215,0.6435185185185185,0.6694379694379694,0.6042022792022793,0.4774130190796857,0.5345398428731762,0.6061447811447811,0.48970258136924805,0.6557239057239057,0.5697714322714322,0.07364179603679874,18,0.7047138047138046,0.4624745624745624,0.680746478992093,0.6428935343409028,0.5496693121693121,0.5292190380425674,0.6106912144702843,0.7332479363929942,0.5124144049582646,0.6633727883727885,0.6089443074927574,0.08633530781479638,18,0.7598259825982597,0.6083632539078083,0.7616675201354721,0.7513240515780901,0.7489097123998115,0.680060630497439,0.729294266635966,0.7903521115170665,0.6740238416554207,0.7481467181467181,0.7251968089072053,0.05183527250277057,16,0.5598765432098766,0.45715488215488215,0.6435185185185185,0.6694379694379694,0.6042022792022793,0.4774130190796857,0.5345398428731762,0.6061447811447811,0.48970258136924805,0.6557239057239057,0.5697714322714322,0.07364179603679874,18,0.7326732673267327,0.5841584158415841,0.7425742574257426,0.7524752475247525,0.7227722772277227,0.6237623762376238,0.7029702970297029,0.73,0.63,0.72,0.6941386138613861,0.055900849808503024,20,0.5704849577758442,0.44163958935117875,0.6260573518504333,0.6459151293377312,0.5623033771440581,0.4348203952068686,0.5065340451750189,0.5824270615211957,0.4658749329039184,0.6338596558492312,0.5469916496115478,0.0758442680544192,21,0.7191713553377809,0.5830756262505021,0.7344218496455096,0.7440783386027504,0.7213827512326589,0.6181919864227226,0.6940708559409985,0.7205115443091682,0.6311207729468599,0.721943755524076,0.6887968836213025,0.05361253883574789,19,,,,,,,,,,,,,1
19,5.5727156639099125,0.14810020096921003,0.2250737428665161,0.019671043932707487,500,16,50,5,balanced_subsample,True,"{'clf__n_estimators': 500, 'clf__min_samples_split': 16, 'clf__max_features': 50, 'clf__max_depth': 5, 'clf__class_weight': 'balanced_subsample', 'clf__bootstrap': True}",0.508641975308642,0.48493265993265994,0.6435185185185185,0.6643874643874644,0.6664918414918416,0.4913019079685746,0.6086139169472502,0.6175084175084176,0.4850729517396184,0.6481481481481483,0.5818617801951136,0.07515323899212946,8,0.5775825481707835,0.48397791865284123,0.6740950907617573,0.5868506493506493,0.6224202812438107,0.5694250194250194,0.6154810298102981,0.7184574684574685,0.5075712075712075,0.6572434875066454,0.6013104700950481,0.06865763699891965,20,0.7098256044091804,0.6318697150564238,0.7685921101762685,0.7345618490420469,0.7770741780060358,0.6914953033764916,0.748074136681961,0.7969688644688644,0.6640728910728911,0.7486539074960128,0.7271188559786176,0.0496670470883854,13,0.508641975308642,0.48493265993265994,0.6435185185185185,0.6643874643874644,0.6664918414918416,0.4913019079685746,0.6086139169472502,0.6175084175084176,0.4850729517396184,0.6481481481481483,0.5818617801951136,0.07515323899212946,8,0.693069306930693,0.6039603960396039,0.7425742574257426,0.7326732673267327,0.7326732673267327,0.6138613861386139,0.7227722772277227,0.73,0.63,0.72,0.6921584158415841,0.05171346557059814,22,0.5012642910404556,0.468588022066841,0.6231931829971046,0.6173340220980874,0.6216736911536571,0.45987270914807143,0.5977067594714653,0.5832359112086718,0.46484073287192196,0.6269567250083891,0.5564666047064666,0.06949177493666432,5,0.6800207802435975,0.6058476043544486,0.7373363106618783,0.7248041812218556,0.7379121389275601,0.6171136368295216,0.726787636746868,0.7242829454463817,0.6300119016785684,0.7241483259226186,0.6908265462033297,0.05052500542646398,15,,,,,,,,,,,,,1
20,5.483263635635376,0.18017368228807856,0.2441166877746582,0.029276069516338335,500,33,50,5,balanced_subsample,True,"{'clf__n_estimators': 500, 'clf__min_samples_split': 33, 'clf__max_features': 50, 'clf__max_depth': 5, 'clf__class_weight': 'balanced_subsample', 'clf__bootstrap': True}",0.5364197530864198,0.4574074074074075,0.6435185185185185,0.7317275317275318,0.6361888111888112,0.47926487093153763,0.6431257014590348,0.5962962962962962,0.5216891133557799,0.6203703703703705,0.5866008374341708,0.08132245428183689,3,0.5985529959704994,0.44173810401880576,0.6740950907617573,0.6685565977232644,0.5529882154882154,0.5342398342398342,0.5992724867724868,0.6767463530621425,0.4766476987065222,0.5653318903318904,0.5788169267075418,0.0771974691913206,32,0.7262582581275139,0.6056946174194741,0.7685921101762685,0.7799813909962424,0.7500412541254127,0.6823051535922824,0.7483026874115983,0.7739025448235975,0.6634572878102292,0.7072597402597403,0.7205795044742359,0.05333834064992396,22,0.5364197530864198,0.4574074074074075,0.6435185185185185,0.7317275317275318,0.6361888111888112,0.47926487093153763,0.6431257014590348,0.5962962962962962,0.5216891133557799,0.6203703703703705,0.5866008374341708,0.08132245428183689,3,0.7029702970297029,0.5742574257425742,0.7425742574257426,0.7623762376237624,0.7128712871287128,0.6039603960396039,0.7227722772277227,0.68,0.62,0.67,0.6791782178217821,0.058987936140674234,30,0.5288479521445658,0.4324884749721351,0.6231931829971046,0.6867092699821072,0.5745087533193481,0.44259526481748707,0.6053553744730215,0.5451058536230834,0.4829702461281409,0.5804095249631558,0.550218389742015,0.07677558897960704,11,0.6939760078204278,0.5759375765199877,0.7373363106618783,0.7612256429168973,0.7138015150840421,0.6105381966768105,0.7256720419941155,0.6818497134888828,0.6247040678619625,0.6792901399067288,0.6804331212931733,0.056588412097635904,27,,,,,,,,,,,,,1
21,18.012650346755983,0.37251389024711457,0.2566206693649292,0.018046487359341813,500,2,181,5,balanced_subsample,True,"{'clf__n_estimators': 500, 'clf__min_samples_split': 2, 'clf__max_features': 181, 'clf__max_depth': 5, 'clf__class_weight': 'balanced_subsample', 'clf__bootstrap': True}",0.49537037037037035,0.4664141414141414,0.6185185185185185,0.666912716912717,0.5706164206164206,0.45693041526374856,0.5801627384960718,0.5791245791245792,0.505695847362514,0.6102693602693603,0.5550015108348442,0.06672666773604241,35,0.6728395061728395,0.4731888481888482,0.6573849490516157,0.7752221918888585,0.5333190333190333,0.40792032948895696,0.6084054834054834,0.6943138732612417,0.7169678419678419,0.5608155327453574,0.6100377589490076,0.10949819781831273,16,0.7136413641364137,0.6196550973778696,0.7485791198662486,0.7862097020512863,0.7300005097034801,0.6226637595886285,0.7227776349063477,0.7628485724801515,0.7009846122346123,0.7184309082730135,0.7125791280618052,0.05151839030757304,29,0.49537037037037035,0.4664141414141414,0.6185185185185185,0.666912716912717,0.5706164206164206,0.45693041526374856,0.5801627384960718,0.5791245791245792,0.505695847362514,0.6102693602693603,0.5550015108348442,0.06672666773604241,35,0.693069306930693,0.594059405940594,0.7227722772277227,0.7425742574257426,0.7029702970297029,0.594059405940594,0.7128712871287128,0.68,0.62,0.71,0.6772376237623762,0.05169064947182741,31,0.4976732744379803,0.44888589768107845,0.6025769679364451,0.6497700510402517,0.542292412662783,0.41774708453474335,0.5680416634589002,0.544944319191091,0.5065543768973273,0.5764150053117809,0.5354901053152381,0.06637902895716966,32,0.6752767519803047,0.591635173049941,0.7175200433208586,0.7334441833436046,0.7072667584218738,0.5918818897705171,0.7077166872442571,0.6783534535765525,0.6244037208460415,0.7073839606189074,0.6734882622172857,0.049790249743740495,34,,,,,,,,,,,,,1
22,18.27942407131195,0.4172019547376276,0.27275540828704836,0.0463520976578422,500,16,181,5,balanced_subsample,True,"{'clf__n_estimators': 500, 'clf__min_samples_split': 16, 'clf__max_features': 181, 'clf__max_depth': 5, 'clf__class_weight': 'balanced_subsample', 'clf__bootstrap': True}",0.5348765432098764,0.4525252525252525,0.6185185185185185,0.6532763532763534,0.5678386428386428,0.5032267115600448,0.6171997755331089,0.574074074074074,0.5124298540965208,0.5909090909090909,0.5624874816541483,0.058496037500167,25,0.6299382716049382,0.4665054730844205,0.6558417391750725,0.6261119971646287,0.529445051374876,0.581374643874644,0.6219039993430238,0.6660487660487662,0.5626543209876543,0.5269123988422234,0.5866736661500248,0.061355472329926136,28,0.7167059563099167,0.613759169439211,0.7491291748717491,0.7330838346992594,0.7191695601023377,0.6933781839722434,0.7351084498693772,0.7534187479187479,0.6655277777777777,0.6978155236576291,0.7077096378618248,0.04039924877979055,35,0.5348765432098764,0.4525252525252525,0.6185185185185185,0.6532763532763534,0.5678386428386428,0.5032267115600448,0.6171997755331089,0.574074074074074,0.5124298540965208,0.5909090909090909,0.5624874816541483,0.058496037500167,25,0.7128712871287128,0.5841584158415841,0.7227722772277227,0.7227722772277227,0.7029702970297029,0.6138613861386139,0.7227722772277227,0.66,0.62,0.69,0.6752178217821783,0.049525541262359495,33,0.5503275954256347,0.44110766768062626,0.6022484414641278,0.6280945419103313,0.5417371341633215,0.4689501531606795,0.5890077243018419,0.5290616246498598,0.5060008074713956,0.5517589206556963,0.5408294610883514,0.055119606417405105,27,0.7016793922443311,0.5854133054419347,0.718333570051683,0.7170987493486191,0.7046113835663779,0.6142385667138143,0.7174308607331321,0.6623151260504201,0.6264346633758399,0.687707770142717,0.673526338766887,0.0462775335913715,33,,,,,,,,,,,,,1
23,17.555450129508973,0.38437474974575586,0.28944447040557864,0.05114428543119685,500,33,181,5,balanced_subsample,True,"{'clf__n_estimators': 500, 'clf__min_samples_split': 33, 'clf__max_features': 181, 'clf__max_depth': 5, 'clf__class_weight': 'balanced_subsample', 'clf__bootstrap': True}",0.5259259259259259,0.4553030303030303,0.6694444444444445,0.6877881377881379,0.568091168091168,0.48007856341189675,0.6517115600448934,0.5864197530864197,0.5284231200897868,0.6346801346801347,0.5787865837865839,0.07683565171862074,12,0.6115301795534354,0.4605263157894737,0.683641975308642,0.7062763861525472,0.507051282051282,0.44312817719680464,0.5812612338928128,0.6703222703222704,0.5137914230019494,0.5621218287884955,0.5739651072057713,0.08860565337813482,35,0.7217680086434403,0.6159061018883842,0.7711771177117711,0.7717391708211069,0.7195481086570195,0.6413867857373973,0.748836424995883,0.7564956709956709,0.6416798245614035,0.739028083028083,0.712756529704016,0.05518139082045159,28,0.5259259259259259,0.4553030303030303,0.6694444444444445,0.6877881377881379,0.568091168091168,0.48007856341189675,0.6517115600448934,0.5864197530864197,0.5284231200897868,0.6346801346801347,0.5787865837865839,0.07683565171862074,12,0.7029702970297029,0.5841584158415841,0.7326732673267327,0.7227722772277227,0.693069306930693,0.594059405940594,0.7227722772277227,0.67,0.6,0.7,0.6722475247524752,0.05477429694235125,35,0.5048777041530665,0.4350140663445632,0.6445488184050275,0.6298516055095001,0.5261904761904762,0.44798682530079986,0.6013091810843043,0.5450567406449759,0.5065169775023337,0.5866759512056112,0.5428028346340659,0.06849970828222854,23,0.6908588015992233,0.5826891955944282,0.7351455313598587,0.7139230645158211,0.6965110796793964,0.6005917833162627,0.7260917476520012,0.6749854557207497,0.6075113307309883,0.7093995118722595,0.6737707502040988,0.05313933438317937,32,,,,,,,,,,,,,1
24,25.230925059318544,0.7532678262276707,0.28019869327545166,0.045898162607956046,500,2,,5,balanced_subsample,True,"{'clf__n_estimators': 500, 'clf__min_samples_split': 2, 'clf__max_features': None, 'clf__max_depth': 5, 'clf__class_weight': 'balanced_subsample', 'clf__bootstrap': True}",0.5324074074074073,0.4222222222222222,0.6046296296296296,0.6558016058016058,0.5789497539497539,0.4471099887766554,0.5801627384960718,0.6042648709315377,0.5038439955106622,0.6010101010101009,0.5530402313735647,0.07122774936297477,37,0.6267195767195767,0.44287570778798846,0.6412443144899285,0.7672061338728006,0.54676970203286,0.4571747787434062,0.6176647426647427,0.7036630036630037,0.6067274287862524,0.549471321401146,0.5959516710161704,0.09580503617219305,21,0.7062706270627063,0.5879670297856852,0.7386080713334492,0.77995523045028,0.7237090250378422,0.6243610721770303,0.7327386310059577,0.7702802197802199,0.6706907688231218,0.706815523657629,0.7041396199113922,0.05788155113246391,37,0.5324074074074073,0.4222222222222222,0.6046296296296296,0.6558016058016058,0.5789497539497539,0.4471099887766554,0.5801627384960718,0.6042648709315377,0.5038439955106622,0.6010101010101009,0.5530402313735647,0.07122774936297477,37,0.7029702970297029,0.5643564356435643,0.7128712871287128,0.7326732673267327,0.7128712871287128,0.594059405940594,0.7128712871287128,0.68,0.62,0.7,0.6732673267326732,0.05554241890672389,34,0.5493386243386243,0.41118878700578043,0.5920484957827538,0.6391880404582411,0.5532760825443752,0.42303801040904837,0.5714891821238102,0.571441279458157,0.5082185691336019,0.566381335278111,0.5385608406532503,0.06837299043122429,30,0.6928335690711929,0.5622285133059739,0.7108208340817684,0.7246747349701956,0.7107874898988157,0.592121416042509,0.7118388385898262,0.6839355496823852,0.6259466032877797,0.6968506272855741,0.6712038176216021,0.05395579641686331,35,,,,,,,,,,,,,1
25,24.65483479499817,0.19977743475760878,0.27297496795654297,0.025687689289578177,500,16,,5,balanced_subsample,True,"{'clf__n_estimators': 500, 'clf__min_samples_split': 16, 'clf__max_features': None, 'clf__max_depth': 5, 'clf__class_weight': 'balanced_subsample', 'clf__bootstrap': True}",0.5324074074074073,0.46388888888888885,0.6046296296296296,0.6532763532763534,0.5764245014245015,0.4319304152637486,0.6171997755331089,0.5931537598204265,0.49205948372615044,0.6010101010101009,0.5565980315980317,0.06922106320013442,31,0.6214183964183965,0.4697275596398403,0.6412443144899285,0.7299188465855132,0.5317510150843484,0.39676173499702905,0.631163258602283,0.6879559801128428,0.5383739354327589,0.549471321401146,0.5797786362764086,0.09640677347194736,31,0.7033619845501035,0.6159850947500765,0.7386080713334492,0.769073061152269,0.721999593781772,0.6136090079596195,0.7450694459689872,0.7670962795374561,0.643134284016637,0.706815523657629,0.7024752346707999,0.055705406078386546,38,0.5324074074074073,0.46388888888888885,0.6046296296296296,0.6532763532763534,0.5764245014245015,0.4319304152637486,0.6171997755331089,0.5931537598204265,0.49205948372615044,0.6010101010101009,0.5565980315980317,0.06922106320013442,31,0.7029702970297029,0.5841584158415841,0.7128712871287128,0.7227722772277227,0.7029702970297029,0.5742574257425742,0.7227722772277227,0.67,0.6,0.7,0.6692772277227722,0.05649075040990628,36,0.5449788536745058,0.4456520152359464,0.5920484957827538,0.6227614286612588,0.5450424602471386,0.4007137604838754,0.5924552429667519,0.5571842808684914,0.485025990903184,0.566381335278111,0.5352243864102018,0.06666919665291297,33,0.690299584186799,0.5841974930146301,0.7108208340817684,0.7143948180896188,0.7039003399086774,0.5781181073772402,0.7215530120787014,0.6753352716510611,0.6063298245614035,0.6968506272855741,0.6681799912235473,0.05332054033284116,37,,,,,,,,,,,,,1
26,23.78922712802887,0.40871192272901646,0.2697221040725708,0.03295122717011668,500,33,,5,balanced_subsample,True,"{'clf__n_estimators': 500, 'clf__min_samples_split': 33, 'clf__max_features': None, 'clf__max_depth': 5, 'clf__class_weight': 'balanced_subsample', 'clf__bootstrap': True}",0.5604938271604938,0.46388888888888885,0.6416666666666667,0.6766770266770267,0.5542022792022792,0.45662177328843995,0.6517115600448934,0.590628507295174,0.526571268237935,0.6254208754208754,0.5747882672882672,0.07266415356043716,14,0.6083333333333333,0.4697275596398403,0.6623707040373706,0.6968871723773684,0.5015956765956767,0.4147331154684095,0.5772328548644338,0.6710912544245878,0.5164322968244537,0.5433702100368767,0.5661774177602352,0.08868367618049659,40,0.7195662423385196,0.6159850947500765,0.7537834864567539,0.7659780683950748,0.708949992118309,0.6279654436031838,0.7461307972902553,0.7618119658119659,0.6448312537136067,0.7219884559884561,0.7066990800466202,0.05383610902287507,36,0.5604938271604938,0.46388888888888885,0.6416666666666667,0.6766770266770267,0.5542022792022792,0.45662177328843995,0.6517115600448934,0.590628507295174,0.526571268237935,0.6254208754208754,0.5747882672882672,0.07266415356043716,14,0.7029702970297029,0.5841584158415841,0.7227722772277227,0.7128712871287128,0.6831683168316832,0.5742574257425742,0.7227722772277227,0.66,0.6,0.69,0.6652970297029702,0.055120284471504556,39,0.5589106083358958,0.4456520152359464,0.6196076073527054,0.6176427169635997,0.5149354413630299,0.4250413779465043,0.6005912171310462,0.5435775172617278,0.5095485314317205,0.5722862733071613,0.5407793306329337,0.0641220312447628,28,0.7004834511492074,0.5841974930146301,0.7222218580401458,0.7049627181416251,0.6856338737220323,0.5853397775664886,0.7258159847815966,0.6653810591968486,0.6112461025982678,0.6957818009282326,0.6681064119139075,0.05183649305063502,38,,,,,,,,,,,,,1
27,6.64138696193695,0.38166173353967137,0.23747580051422118,0.024066691522490635,500,2,50,6,balanced_subsample,True,"{'clf__n_estimators': 500, 'clf__min_samples_split': 2, 'clf__max_features': 50, 'clf__max_depth': 6, 'clf__class_weight': 'balanced_subsample', 'clf__bootstrap': True}",0.5114197530864197,0.4377104377104377,0.6435185185185185,0.6605995855995856,0.5726366226366226,0.47968574635241296,0.5108305274971942,0.6276094276094276,0.5019079685746353,0.6212121212121212,0.5567130708797375,0.07417728841094037,30,0.6390432098765433,0.5147808981142314,0.69679086345753,0.6494808024219788,0.5625300625300624,0.696273951175912,0.5866355866355867,0.7782606282606283,0.6370089786756454,0.6657090959722539,0.6426514077120371,0.07122326982121126,9,0.7377612761276128,0.6195928384047196,0.7585676150032586,0.7554248702181142,0.7244653036732244,0.7259133153134317,0.7082496711209583,0.8131098901098902,0.7137575757575757,0.7490348598769652,0.730587721560575,0.04665068483559301,9,0.5114197530864197,0.4377104377104377,0.6435185185185185,0.6605995855995856,0.5726366226366226,0.47968574635241296,0.5108305274971942,0.6276094276094276,0.5019079685746353,0.6212121212121212,0.5567130708797375,0.07417728841094037,30,0.7227722772277227,0.594059405940594,0.7425742574257426,0.7623762376237624,0.7326732673267327,0.6435643564356436,0.693069306930693,0.77,0.67,0.72,0.7051089108910891,0.05261643997750403,11,0.5148821887383979,0.43288020688841483,0.6302708764871139,0.6466741348320295,0.5609650741841683,0.4482427384050102,0.48731284345095083,0.6215707802664324,0.48577673139076655,0.5820429913990034,0.5410618566042287,0.07390461104841839,26,0.7032693767114268,0.586220284661319,0.7320831749065358,0.7530960614858477,0.7242766714160489,0.6339780631207136,0.6821047833683624,0.7558985507246376,0.6639655958077012,0.713969443935041,0.6948862006137634,0.051410396018207905,10,,,,,,,,,,,,,1
28,6.339290261268616,0.11793329215947697,0.24477050304412842,0.035020544829335434,500,16,50,6,balanced_subsample,True,"{'clf__n_estimators': 500, 'clf__min_samples_split': 16, 'clf__max_features': 50, 'clf__max_depth': 6, 'clf__class_weight': 'balanced_subsample', 'clf__bootstrap': True}",0.5089506172839506,0.47104377104377104,0.6212962962962963,0.6608521108521109,0.5953638953638953,0.5144500561167228,0.5576879910213243,0.6225589225589226,0.5250561167227834,0.6111111111111112,0.5688370888370888,0.05894444865757895,19,0.6203002244668911,0.46925647451963237,0.6639956372412512,0.6538366317778083,0.5515200929674614,0.587943537943538,0.5957070707070707,0.734673185892698,0.648970473970474,0.6515454818086397,0.6177748811295466,0.06859032657979056,15,0.7236598659865987,0.6207151542221891,0.7459159449779563,0.7572445027308161,0.7424571758795313,0.7073368875349074,0.7227669195490979,0.8012114105406788,0.7305291375291375,0.7430128818549872,0.72948498808059,0.04351792515619875,11,0.5089506172839506,0.47104377104377104,0.6212962962962963,0.6608521108521109,0.5953638953638953,0.5144500561167228,0.5576879910213243,0.6225589225589226,0.5250561167227834,0.6111111111111112,0.5688370888370888,0.05894444865757895,19,0.7128712871287128,0.594059405940594,0.7227722772277227,0.7524752475247525,0.7326732673267327,0.6336633663366337,0.7029702970297029,0.75,0.69,0.71,0.7001485148514852,0.04778912133148638,12,0.5101557735250913,0.4591225709995592,0.6061866875353246,0.6495531834942108,0.5643273214341339,0.48044884083531436,0.5515779622304335,0.5946690041386502,0.5038444078264688,0.5681805575365695,0.5488066309555757,0.05692198654805888,16,0.6954180297789807,0.5987872932236298,0.7161914551774915,0.7491426885237669,0.7293182159739462,0.6347153970055391,0.703565430507925,0.7385705247774168,0.68244769522581,0.705959920125517,0.6954116650320024,0.04438162259941503,9,,,,,,,,,,,,,1
29,6.083310222625732,0.08487835432205436,0.2516286373138428,0.040081875316431606,500,33,50,6,balanced_subsample,True,"{'clf__n_estimators': 500, 'clf__min_samples_split': 33, 'clf__max_features': 50, 'clf__max_depth': 6, 'clf__class_weight': 'balanced_subsample', 'clf__bootstrap': True}",0.5666666666666667,0.49166666666666664,0.6324074074074074,0.703949753949754,0.6412393162393162,0.486672278338945,0.6431257014590348,0.5925084175084174,0.5381032547699215,0.6447811447811448,0.5941120607787274,0.06830277957293779,1,0.6192291731507418,0.4745348289465936,0.6684553601220268,0.6069725028058361,0.562025012025012,0.5558526440879381,0.5930856180856181,0.6977411477411477,0.49465900838449856,0.6000897750897751,0.5872645070439189,0.06581265571517152,26,0.7383355982657089,0.6332470210455068,0.7627415251177626,0.7546817181718173,0.7552462389096053,0.6912867757363973,0.7402918863314903,0.7794120879120879,0.6734575163398694,0.7381841806841806,0.7266884548514427,0.043531309928879006,15,0.5666666666666667,0.49166666666666664,0.6324074074074074,0.703949753949754,0.6412393162393162,0.486672278338945,0.6431257014590348,0.5925084175084174,0.5381032547699215,0.6447811447811448,0.5941120607787274,0.06830277957293779,1,0.7227722772277227,0.6039603960396039,0.7326732673267327,0.7524752475247525,0.7326732673267327,0.6138613861386139,0.7227722772277227,0.71,0.65,0.71,0.6951188118811882,0.05003108630739815,19,0.5569948107135396,0.4676425631981187,0.614433629793107,0.647204040280799,0.5863334977259028,0.4538986766696442,0.6049988067251495,0.5608414176185259,0.5068504381157497,0.6123947213713294,0.5611592602211866,0.06216082400330686,2,0.7116693491786377,0.6055676043794855,0.7290069062928701,0.7455790362394229,0.730849215120427,0.6181012580489021,0.7237563224718525,0.7054731393104886,0.6520315853572549,0.7173718184349763,0.6939406234834318,0.04739354889589783,13,,,,,,,,,,,,,1
30,20.853764176368713,0.18597835488175915,0.2474442958831787,0.02184936059876387,500,2,181,6,balanced_subsample,True,"{'clf__n_estimators': 500, 'clf__min_samples_split': 2, 'clf__max_features': 181, 'clf__max_depth': 6, 'clf__class_weight': 'balanced_subsample', 'clf__bootstrap': True}",0.49783950617283945,0.4244949494949495,0.6296296296296295,0.6694379694379694,0.5643032893032893,0.46198092031425364,0.5456509539842873,0.6212682379349046,0.503591470258137,0.5765993265993266,0.5494796253129588,0.07415330579305823,40,0.7284966643662296,0.45599128540305006,0.6641513308179974,0.7825299781440133,0.559457671957672,0.47001763668430335,0.6147833647833648,0.7625288893581575,0.7400205120793355,0.6215142881809549,0.6399491621775079,0.11133958168534287,10,0.7345776192526084,0.6062512133566298,0.7554336514732555,0.7921797442902184,0.7361562942008486,0.6435014930064434,0.720986109599971,0.7973460035899059,0.7301094672418202,0.7256954156954157,0.7242237011707118,0.05627558907601522,18,0.49783950617283945,0.4244949494949495,0.6296296296296295,0.6694379694379694,0.5643032893032893,0.46198092031425364,0.5456509539842873,0.6212682379349046,0.503591470258137,0.5765993265993266,0.5494796253129588,0.07415330579305823,40,0.7029702970297029,0.594059405940594,0.7326732673267327,0.7524752475247525,0.7227722772277227,0.6138613861386139,0.7128712871287128,0.74,0.65,0.71,0.6931683168316831,0.05185635411983478,21,0.5056111789445122,0.4127849554981337,0.6112256818991688,0.6558909439580827,0.5519559304042062,0.4368993939628009,0.5169234360410832,0.6155494273528329,0.4806295906691255,0.5374531493707889,0.5324923688100734,0.07473331045836099,36,0.6828576264219829,0.583504489983882,0.7257506800491278,0.7428519990360283,0.7219295328547634,0.611250136107664,0.6969227384923367,0.7364590595163353,0.6443571984332338,0.69724739204496,0.6843130852940315,0.05167546494067366,22,,,,,,,,,,,,,1
31,20.505833435058594,0.15330357012444687,0.25941283702850343,0.019413171705153342,500,16,181,6,balanced_subsample,True,"{'clf__n_estimators': 500, 'clf__min_samples_split': 16, 'clf__max_features': 181, 'clf__max_depth': 6, 'clf__class_weight': 'balanced_subsample', 'clf__bootstrap': True}",0.4864197530864198,0.48282828282828283,0.6185185185185185,0.666912716912717,0.5817275317275317,0.45945566778900115,0.6060886644219977,0.5902356902356902,0.5149551066217734,0.574074074074074,0.5581216006216007,0.0648349606150611,27,0.6251013171225936,0.4852089268755935,0.6558417391750725,0.6425061425061425,0.5364054530721197,0.4005474554494162,0.6217236241626485,0.6872838662312346,0.6152744373332609,0.6026958746256992,0.5872588836553781,0.08322579370102846,27,0.7113916558829135,0.6362317000930863,0.7491291748717491,0.7477058516662478,0.7327507847309828,0.6265181269258148,0.7340637025375012,0.7678086124401914,0.6792805124128654,0.7195078313499367,0.7104387952911289,0.04564690734838133,32,0.4864197530864198,0.48282828282828283,0.6185185185185185,0.666912716912717,0.5817275317275317,0.45945566778900115,0.6060886644219977,0.5902356902356902,0.5149551066217734,0.574074074074074,0.5581216006216007,0.0648349606150611,27,0.7029702970297029,0.6138613861386139,0.7227722772277227,0.7425742574257426,0.7128712871287128,0.6039603960396039,0.7128712871287128,0.69,0.63,0.7,0.6831881188118811,0.046355560152618505,26,0.49608688681152446,0.4667579557137789,0.6022484414641278,0.6454127525653061,0.5500896836179487,0.42019929388350447,0.5825106810400928,0.5504305540890906,0.5173987770094618,0.5253038942006698,0.5356438920395505,0.0625991012975086,31,0.6805312829419589,0.6122874699756484,0.718333570051683,0.7369386504373728,0.7142148216492492,0.6024716641704657,0.7112774092535304,0.6877071586949636,0.6346754570427204,0.6881839606189075,0.67866214448365,0.0442934620728847,29,,,,,,,,,,,,,1
32,19.468760824203493,0.10585962062849429,0.26642436981201173,0.02727566504400328,500,33,181,6,balanced_subsample,True,"{'clf__n_estimators': 500, 'clf__min_samples_split': 33, 'clf__max_features': 181, 'clf__max_depth': 6, 'clf__class_weight': 'balanced_subsample', 'clf__bootstrap': True}",0.49537037037037035,0.48030303030303023,0.6416666666666667,0.6643874643874644,0.5542022792022793,0.4689674523007856,0.6035634118967452,0.574074074074074,0.5515712682379349,0.6254208754208754,0.5659526892860227,0.06519797639298996,24,0.4815095398428732,0.48182261208576993,0.6623707040373706,0.5896103896103897,0.5211899574644673,0.43501530241726316,0.54994264994265,0.6634032634032635,0.5235640720934839,0.5504409171075838,0.5458869408005115,0.07139813740378988,45,0.6669716971697169,0.6328556539864513,0.7537834864567539,0.7432828997185434,0.7225272947462813,0.6337803108041897,0.7232524900841734,0.7473473193473192,0.6707321746880571,0.7270793650793651,0.7021612692080852,0.0442532086620691,39,0.49537037037037035,0.48030303030303023,0.6416666666666667,0.6643874643874644,0.5542022792022793,0.4689674523007856,0.6035634118967452,0.574074074074074,0.5515712682379349,0.6254208754208754,0.5659526892860227,0.06519797639298996,24,0.6831683168316832,0.6039603960396039,0.7227722772277227,0.7326732673267327,0.6831683168316832,0.5841584158415841,0.7029702970297029,0.66,0.62,0.69,0.6682871287128712,0.04779892141607736,37,0.4770316085715954,0.46355672419756583,0.6196076073527054,0.6195644677390559,0.5252122060945591,0.4395115307843154,0.5636456785464582,0.5287970743853097,0.5254263818969702,0.5768346813643412,0.5339187960932875,0.05888724568693722,34,0.6657793891065931,0.6049778074438217,0.7222218580401458,0.7283793215287937,0.690461062913014,0.59275255545755,0.7049684225788176,0.6597436974789916,0.6320601046012811,0.6990566547294023,0.6700400873878412,0.045142530500979765,36,,,,,,,,,,,,,1
33,28.93894455432892,0.3000883724364915,0.26936342716217043,0.032012624721803135,500,2,,6,balanced_subsample,True,"{'clf__n_estimators': 500, 'clf__min_samples_split': 2, 'clf__max_features': None, 'clf__max_depth': 6, 'clf__class_weight': 'balanced_subsample', 'clf__bootstrap': True}",0.49783950617283945,0.4383838383838384,0.6046296296296296,0.6694379694379694,0.5893032893032893,0.4730920314253647,0.5431257014590347,0.6219416386083052,0.5498877665544333,0.5765993265993266,0.556424069757403,0.06738397376451748,32,0.6812910428158655,0.5181236835819599,0.6427875243664717,0.7825299781440133,0.5833774250440916,0.4786596119929453,0.6061291206640045,0.8206349206349207,0.7512220012220011,0.6215142881809549,0.648626959664723,0.10576493287743181,8,0.718900826252838,0.6249655100354671,0.7380580163279487,0.7921797442902184,0.7477762061920478,0.6505421970768506,0.7138524899001528,0.8153246753246753,0.7402990815490815,0.7256954156954157,0.7267594162644696,0.0541080889683603,14,0.49783950617283945,0.4383838383838384,0.6046296296296296,0.6694379694379694,0.5893032893032893,0.4730920314253647,0.5431257014590347,0.6219416386083052,0.5498877665544333,0.5765993265993266,0.556424069757403,0.06738397376451748,32,0.7029702970297029,0.6039603960396039,0.7128712871287128,0.7524752475247525,0.7425742574257426,0.6237623762376238,0.7029702970297029,0.75,0.67,0.71,0.6971584158415841,0.0481711211825989,16,0.49902301165728274,0.4338726790450928,0.592377022255071,0.6558909439580827,0.5748006379585326,0.44726517770319774,0.5113871741660788,0.6269084001174144,0.5477327290766117,0.5374531493707889,0.5426710925308152,0.06877042595072247,24,0.679611017227183,0.5932393133212525,0.7100073073509441,0.7428519990360283,0.7376454186772061,0.6200986989825272,0.6885565114030963,0.7445689339100672,0.6703961768461254,0.69724739204496,0.688422276879939,0.048179103439846584,20,,,,,,,,,,,,,1
34,28.272216057777406,0.23626394836043857,0.270631742477417,0.027822610103893725,500,16,,6,balanced_subsample,True,"{'clf__n_estimators': 500, 'clf__min_samples_split': 16, 'clf__max_features': None, 'clf__max_depth': 6, 'clf__class_weight': 'balanced_subsample', 'clf__bootstrap': True}",0.49783950617283945,0.48030303030303023,0.6046296296296296,0.6530238280238281,0.5678386428386428,0.44834455667788997,0.6171997755331089,0.6093153759820427,0.5381032547699215,0.6010101010101009,0.5617607700941034,0.06420534719973453,26,0.6280998389694041,0.48244810744810734,0.6427875243664717,0.7337456047982365,0.529445051374876,0.4074800290486565,0.6219039993430238,0.7104641908989735,0.7344155481410383,0.5486295705593951,0.6039419464948184,0.10469089801265798,19,0.7075620605538815,0.6262557574438762,0.7380580163279487,0.7715516197016978,0.7191695601023377,0.6212968355659095,0.7351084498693772,0.7775696659392313,0.7245056903880435,0.7046185539606593,0.7125696209852963,0.04991659803743148,30,0.49783950617283945,0.48030303030303023,0.6046296296296296,0.6530238280238281,0.5678386428386428,0.44834455667788997,0.6171997755331089,0.6093153759820427,0.5381032547699215,0.6010101010101009,0.5617607700941034,0.06420534719973453,26,0.7029702970297029,0.6039603960396039,0.7128712871287128,0.7326732673267327,0.7029702970297029,0.594059405940594,0.7227722772277227,0.7,0.65,0.7,0.6822277227722773,0.046430497508769715,27,0.4943203093203093,0.4643459278469909,0.592377022255071,0.6259283754654125,0.5417371341633215,0.4139545276800179,0.5890077243018419,0.5796439500143202,0.5329003485143837,0.5668158867424107,0.5401031206304081,0.062105136647595344,29,0.6823994487360825,0.6026561846533638,0.7100073073509441,0.7219509054080011,0.7046113835663779,0.5924983448571102,0.7174308607331321,0.7010530457197123,0.6516114832535884,0.6963334648141783,0.678055242909249,0.044485468597273176,30,,,,,,,,,,,,,1
35,27.18520917892456,0.6980960567754692,0.270878529548645,0.03393699021112283,500,33,,6,balanced_subsample,True,"{'clf__n_estimators': 500, 'clf__min_samples_split': 33, 'clf__max_features': None, 'clf__max_depth': 6, 'clf__class_weight': 'balanced_subsample', 'clf__bootstrap': True}",0.537037037037037,0.4664141414141414,0.6416666666666667,0.703949753949754,0.5706164206164206,0.45662177328843995,0.6406004489337822,0.5956790123456791,0.5515712682379349,0.6254208754208754,0.5789577397910731,0.07483498688250162,11,0.632256675279931,0.47041107041107044,0.6623707040373706,0.7480920314253647,0.5333190333190333,0.41589506172839497,0.5673001949317739,0.6989892823226156,0.5252195154155939,0.5504409171075838,0.5804294485978732,0.09853041758546305,30,0.732481387673651,0.6168498168498168,0.7537834864567539,0.7924692469246924,0.7300005097034801,0.627887788778878,0.7362298071912454,0.7668833943833944,0.6604367201426026,0.7270793650793651,0.7144101523183879,0.05614305632595296,27,0.537037037037037,0.4664141414141414,0.6416666666666667,0.703949753949754,0.5706164206164206,0.45662177328843995,0.6406004489337822,0.5956790123456791,0.5515712682379349,0.6254208754208754,0.5789577397910731,0.07483498688250162,11,0.7128712871287128,0.594059405940594,0.7227722772277227,0.7524752475247525,0.7029702970297029,0.5742574257425742,0.7128712871287128,0.68,0.62,0.69,0.6762277227722772,0.05647635234918373,32,0.5221091871091872,0.45018659789818727,0.6196076073527054,0.6628918473004495,0.542292412662783,0.4254320322925339,0.5903657742969077,0.5649067469242908,0.5251152283036341,0.5768346813643412,0.5479742115505021,0.06859803713576108,17,0.7015622990870516,0.5922150017265112,0.7222218580401458,0.7432383791374529,0.7072667584218738,0.5849809587231438,0.716201979902848,0.6831114324272219,0.6270966077400861,0.6990566547294023,0.6776951929935737,0.05306041734235485,31,,,,,,,,,,,,,1
36,7.369206261634827,0.34357251219715096,0.24711930751800537,0.02809087062477369,500,2,50,7,balanced_subsample,True,"{'clf__n_estimators': 500, 'clf__min_samples_split': 2, 'clf__max_features': 50, 'clf__max_depth': 7, 'clf__class_weight': 'balanced_subsample', 'clf__bootstrap': True}",0.4975308641975309,0.4388047138047138,0.5932659932659933,0.6744884744884745,0.5403975653975653,0.4693041526374859,0.4849046015712682,0.6023569023569024,0.49727833894500567,0.6287878787878788,0.5427119485452818,0.07384128752855602,42,0.6576409996622762,0.5709636914347059,0.6264260806943734,0.6965672990063234,0.7977225365332782,0.695775684010978,0.5701372701372702,0.8224569226857557,0.638068972371298,0.7122439063495974,0.6788003362885856,0.08049113764886451,6,0.7359083932709379,0.6406415486269122,0.7187396037915235,0.7626687058949798,0.7868877680606936,0.710042937066816,0.6984686930231484,0.812119697236402,0.691785181872391,0.768646042304579,0.7325908571148384,0.048448959560156386,6,0.4975308641975309,0.4388047138047138,0.5932659932659933,0.6744884744884745,0.5403975653975653,0.4693041526374859,0.4849046015712682,0.6023569023569024,0.49727833894500567,0.6287878787878788,0.5427119485452818,0.07384128752855602,42,0.7227722772277227,0.6237623762376238,0.7227722772277227,0.7722772277227723,0.7524752475247525,0.6534653465346535,0.693069306930693,0.76,0.67,0.75,0.712059405940594,0.047524933993052694,8,0.49049766122229893,0.44641485869556047,0.575925925925926,0.6727848954287917,0.53400061601816,0.4442557144758676,0.4669662528796412,0.6101868833986646,0.4879807995162083,0.6097070290104346,0.5338720636571552,0.07535502606838232,35,0.6939726270763723,0.6077621295964184,0.7053276756247053,0.7602437771562464,0.7252581649142359,0.6342688123463968,0.6771232258225598,0.7424734059769122,0.6565404902590721,0.7406674922600621,0.6943637801032981,0.04765779671596172,12,,,,,,,,,,,,,1
37,7.091237139701843,0.21148134242163613,0.2425542116165161,0.02736571979749958,500,16,50,7,balanced_subsample,True,"{'clf__n_estimators': 500, 'clf__min_samples_split': 16, 'clf__max_features': 50, 'clf__max_depth': 7, 'clf__class_weight': 'balanced_subsample', 'clf__bootstrap': True}",0.5253086419753087,0.4964646464646465,0.6185185185185185,0.6633773633773633,0.5978891478891479,0.49876543209876545,0.5713243546576879,0.6086700336700337,0.5019079685746353,0.6212121212121212,0.5703438228438229,0.057519963444667005,16,0.682253086419753,0.4987955435109907,0.6158881891338032,0.6527876807288572,0.6050805675805676,0.5815937149270481,0.6036565716798274,0.7384920148078042,0.6281144781144783,0.6657090959722539,0.6272370942875384,0.061069152875616727,14,0.7685643564356436,0.6415136287147878,0.7334037047429438,0.7571821888071161,0.7518928678582144,0.6925206806394925,0.7299434102623141,0.7947550256760781,0.704030303030303,0.7490348598769652,0.7322841026043858,0.041387555478059716,7,0.5253086419753087,0.4964646464646465,0.6185185185185185,0.6633773633773633,0.5978891478891479,0.49876543209876545,0.5713243546576879,0.6086700336700337,0.5019079685746353,0.6212121212121212,0.5703438228438229,0.057519963444667005,16,0.7326732673267327,0.6336633663366337,0.7227722772277227,0.7623762376237624,0.7326732673267327,0.6336633663366337,0.7227722772277227,0.74,0.67,0.72,0.707059405940594,0.042738482477986096,10,0.5283634061411839,0.48834946729683576,0.6031563845050215,0.6492063492063492,0.5901112935595694,0.47127355978266966,0.5632970162911075,0.5873646220207117,0.48316865212364823,0.5820429913990034,0.5546333742326099,0.056209097113525106,7,0.7128797495134129,0.6314070280229126,0.718651701202094,0.7537010843941537,0.7349851241281763,0.630305679236927,0.717813091956393,0.7286958628346202,0.6605717026426409,0.713969443935041,0.7002980467866371,0.04132001923797056,4,,,,,,,,,,,,,1
38,6.512921643257141,0.24829728119310962,0.24316864013671874,0.033300010465134255,500,33,50,7,balanced_subsample,True,"{'clf__n_estimators': 500, 'clf__min_samples_split': 33, 'clf__max_features': 50, 'clf__max_depth': 7, 'clf__class_weight': 'balanced_subsample', 'clf__bootstrap': True}",0.575925925925926,0.47777777777777775,0.6324074074074074,0.7203638953638953,0.5900608650608651,0.4913019079685746,0.5551627384960719,0.6036195286195286,0.5452581369248036,0.6473063973063974,0.5839184580851248,0.06902281472539921,5,0.6089506172839506,0.4635170885170885,0.6684553601220268,0.6265557223890558,0.6426410384743719,0.5425084175084174,0.5437534461924707,0.7103174116332011,0.49685746352413024,0.6090478559776805,0.5912604421622393,0.07383267268517513,23,0.7376394782335377,0.6253927902442754,0.7627415251177626,0.7691772217762317,0.7701855034775827,0.6885688568856886,0.7094590992200266,0.7856835971046497,0.683949494949495,0.7456581810002864,0.7278455748009537,0.047729770796466724,12,0.575925925925926,0.47777777777777775,0.6324074074074074,0.7203638953638953,0.5900608650608651,0.4913019079685746,0.5551627384960719,0.6036195286195286,0.5452581369248036,0.6473063973063974,0.5839184580851248,0.06902281472539921,5,0.7326732673267327,0.594059405940594,0.7326732673267327,0.7722772277227723,0.7227722772277227,0.6138613861386139,0.693069306930693,0.72,0.66,0.72,0.6961386138613861,0.05368413247688835,18,0.5645123548977504,0.45993149809574924,0.614433629793107,0.666401847192171,0.5507694363527885,0.4515815812491004,0.5399180269384873,0.5717746134074473,0.5109462556258896,0.6190841782441118,0.5549353421796603,0.06506982858330232,6,0.7222552429328482,0.6000706074748261,0.7290069062928701,0.7643251076129861,0.7173261967041547,0.6176037698764396,0.6953211680320389,0.7138165715832357,0.6616090324625793,0.7273914794158999,0.6948726082387879,0.04972291466776896,11,,,,,,,,,,,,,1
39,23.706156182289124,0.18996812850311748,0.2678552150726318,0.02374313951115251,500,2,181,7,balanced_subsample,True,"{'clf__n_estimators': 500, 'clf__min_samples_split': 2, 'clf__max_features': 181, 'clf__max_depth': 7, 'clf__class_weight': 'balanced_subsample', 'clf__bootstrap': True}",0.5141975308641976,0.4388047138047138,0.6210437710437711,0.6374514374514375,0.6052123802123802,0.46832210998877666,0.5244668911335578,0.6260662177328844,0.5364197530864199,0.5791245791245792,0.555110938444272,0.06578018003646277,34,0.7631172839506173,0.5302229506939652,0.6950395659745252,0.7990644931701841,0.7570735143409562,0.6989014072347406,0.6144085426000319,0.8214337586886606,0.7436202686202686,0.6466523163677634,0.7069534101641712,0.08499545284653079,4,0.7536166116611661,0.6314006245345032,0.7478502071595526,0.7961320522296133,0.8076388986330271,0.7114692238454614,0.7173903355965711,0.8120373482726423,0.735655094905095,0.7352769723501431,0.7448467369187776,0.05107597123335831,1,0.5141975308641976,0.4388047138047138,0.6210437710437711,0.6374514374514375,0.6052123802123802,0.46832210998877666,0.5244668911335578,0.6260662177328844,0.5364197530864199,0.5791245791245792,0.555110938444272,0.06578018003646277,34,0.7227722772277227,0.6237623762376238,0.7326732673267327,0.7623762376237624,0.7821782178217822,0.6435643564356436,0.7128712871287128,0.77,0.67,0.72,0.714019801980198,0.05062356389130223,7,0.5297997202741036,0.44389145617215786,0.6184873949579832,0.6354867207983157,0.5992930122240466,0.4470150443042009,0.5060468514500012,0.6329598079375868,0.5374293572789536,0.5545000573328747,0.5504909422730224,0.06759537673598671,10,0.7010532537708596,0.6086035324180192,0.7224672047036635,0.7485064645483823,0.7649498447381683,0.6309180143487669,0.6943926531627395,0.7567312206675654,0.6691306510197472,0.7100478844169248,0.7006800723794837,0.049499499526229056,3,,,,,,,,,,,,,1
40,23.03797092437744,0.2966713327147989,0.2668205499649048,0.009402608481797614,500,16,181,7,balanced_subsample,True,"{'clf__n_estimators': 500, 'clf__min_samples_split': 16, 'clf__max_features': 181, 'clf__max_depth': 7, 'clf__class_weight': 'balanced_subsample', 'clf__bootstrap': True}",0.4864197530864198,0.5031986531986532,0.6321548821548821,0.6530238280238281,0.5951113701113702,0.4453142536475869,0.5909652076318743,0.6086700336700337,0.5338945005611673,0.6111111111111112,0.5659863593196925,0.06568784371773476,23,0.5716528640441685,0.5146164021164021,0.6733143399810066,0.6280560863894197,0.659412346912347,0.41140409298304037,0.6046703296703296,0.7914159914159913,0.5813877642825012,0.6583830886462466,0.6094313306441453,0.09637514854673583,17,0.7049894430436833,0.6511786892975011,0.7588643479732589,0.7362047015512362,0.7767226585295893,0.626974744900748,0.7128721938127879,0.8069129204129204,0.6932693227824807,0.7413974972396025,0.7209386519543808,0.05232027357831921,21,0.4864197530864198,0.5031986531986532,0.6321548821548821,0.6530238280238281,0.5951113701113702,0.4453142536475869,0.5909652076318743,0.6086700336700337,0.5338945005611673,0.6111111111111112,0.5659863593196925,0.06568784371773476,23,0.7029702970297029,0.6336633663366337,0.7425742574257426,0.7326732673267327,0.7425742574257426,0.6039603960396039,0.7029702970297029,0.74,0.66,0.71,0.6971386138613862,0.046424779704070884,17,0.4860640593973927,0.49165649165649167,0.6183058544411887,0.6309438336846225,0.5642144884458968,0.41836977802785547,0.5684143773226625,0.5964596040995648,0.5279063116381602,0.5738948432508553,0.5476229641964692,0.0630381679301187,18,0.681924895786282,0.62997860225583,0.7347353536168861,0.7259383907475382,0.7329347986136974,0.6041673794079887,0.6971934582680893,0.7295184434797813,0.6625643178184375,0.7057027772683742,0.6904658417262904,0.043337983317357436,16,,,,,,,,,,,,,1
41,20.854947423934938,0.49460767249852405,0.2587844133377075,0.023311095805478094,500,33,181,7,balanced_subsample,True,"{'clf__n_estimators': 500, 'clf__min_samples_split': 33, 'clf__max_features': 181, 'clf__max_depth': 7, 'clf__class_weight': 'balanced_subsample', 'clf__bootstrap': True}",0.49537037037037035,0.4920875420875421,0.6416666666666667,0.7014245014245015,0.6185120435120435,0.4714927048260381,0.6406004489337822,0.613692480359147,0.5540965207631874,0.5984848484848485,0.5827428127428128,0.07241513631779839,7,0.4815095398428732,0.49334384751051413,0.6623707040373706,0.6146483509228607,0.5577370241843925,0.4430655763989097,0.5831196581196582,0.69705830232146,0.5198412698412699,0.5180809930809931,0.5570775266260302,0.077687060606106,44,0.6669716971697169,0.6435159999516435,0.7537834864567539,0.7493349755143583,0.7394633050638784,0.6403883245467404,0.7305978674790556,0.7699082934609249,0.6686547619047619,0.7184084249084249,0.7081027136456258,0.04605113672231997,34,0.49537037037037035,0.4920875420875421,0.6416666666666667,0.7014245014245015,0.6185120435120435,0.4714927048260381,0.6406004489337822,0.613692480359147,0.5540965207631874,0.5984848484848485,0.5827428127428128,0.07241513631779839,7,0.6831683168316832,0.6237623762376238,0.7227722772277227,0.7425742574257426,0.7326732673267327,0.594059405940594,0.7128712871287128,0.71,0.63,0.69,0.6841881188118812,0.04845935500338792,25,0.4770316085715954,0.47478264707180373,0.6196076073527054,0.6500909305235831,0.5782162103230228,0.44499339403992333,0.5997723514378369,0.5793321600455253,0.5256037666313169,0.5474351631029305,0.5496865839100243,0.06450304364825572,13,0.6657793891065931,0.6202082620548562,0.7222218580401458,0.736481790761892,0.7286110023954456,0.6020898853533605,0.7144222040914228,0.7070193442124322,0.6373374399241861,0.6948736806702135,0.6829044856610549,0.045885797735669774,24,,,,,,,,,,,,,1
42,32.50015916824341,0.49599577094445746,0.2858214139938354,0.034536953252029046,500,2,,7,balanced_subsample,True,"{'clf__n_estimators': 500, 'clf__min_samples_split': 2, 'clf__max_features': None, 'clf__max_depth': 7, 'clf__class_weight': 'balanced_subsample', 'clf__bootstrap': True}",0.5141975308641976,0.4526936026936027,0.5819023569023569,0.658074333074333,0.6191012691012692,0.46579685746352406,0.5194163860830527,0.6229797979797981,0.5456790123456791,0.5955387205387205,0.5575379867046534,0.06564980588180902,29,0.7631172839506173,0.5371673951384097,0.6232675593140709,0.7815764482431149,0.7667957365631783,0.5885652521617435,0.5934709412970283,0.8343172746681519,0.7502136752136752,0.7540262206928873,0.6992517787242878,0.09733674769692888,5,0.7536166116611661,0.6375062350955591,0.7179299325281364,0.7910214098332911,0.8168385686000239,0.6720915006480405,0.6923877170325727,0.821189640768588,0.7404423076923077,0.7651699411699411,0.7408193865029628,0.058122354473495015,2,0.5141975308641976,0.4526936026936027,0.5819023569023569,0.658074333074333,0.6191012691012692,0.46579685746352406,0.5194163860830527,0.6229797979797981,0.5456790123456791,0.5955387205387205,0.5575379867046534,0.06564980588180902,29,0.7227722772277227,0.6336633663366337,0.7227722772277227,0.7524752475247525,0.7920792079207921,0.6336633663366337,0.693069306930693,0.77,0.68,0.74,0.714049504950495,0.05103394154759502,6,0.5297997202741036,0.45253668462414975,0.5720451206385871,0.6504911140161821,0.6112903398907455,0.44525539952369214,0.4965535377793645,0.62814937098032,0.5467273203831715,0.5597550775149354,0.5492603685625251,0.06654606487929234,14,0.7010532537708596,0.6154998742261131,0.7067287698435386,0.7432396873577758,0.7748436622856721,0.6249017584685298,0.675036557748808,0.7530927253104939,0.6776570685127552,0.7194577643378853,0.6991511121862433,0.04960873227200826,5,,,,,,,,,,,,,1
43,32.649807119369505,0.3181977490780262,0.3008009433746338,0.04102999898015729,500,16,,7,balanced_subsample,True,"{'clf__n_estimators': 500, 'clf__min_samples_split': 16, 'clf__max_features': None, 'clf__max_depth': 7, 'clf__class_weight': 'balanced_subsample', 'clf__bootstrap': True}",0.5003086419753087,0.4920875420875421,0.6071548821548822,0.6555490805490805,0.5978891478891479,0.4756172839506173,0.566273849607183,0.6267676767676768,0.540628507295174,0.6111111111111112,0.5673387723387723,0.05918674566747517,21,0.6910625164171263,0.49326364692218344,0.6592592592592592,0.7705490578297596,0.556003256003256,0.4835537918871251,0.5968698614047452,0.7436646686646687,0.690956340956341,0.6633019352317598,0.6348484334576225,0.0941087123359106,12,0.7336610256770358,0.6281850484700038,0.7432343234323432,0.7824387701928087,0.7445181880825447,0.6548797736916548,0.7064267473258954,0.7982462537462537,0.7197832640332641,0.7381441949863004,0.7249517589638104,0.049282448405244664,17,0.5003086419753087,0.4920875420875421,0.6071548821548822,0.6555490805490805,0.5978891478891479,0.4756172839506173,0.566273849607183,0.6267676767676768,0.540628507295174,0.6111111111111112,0.5673387723387723,0.05918674566747517,21,0.7128712871287128,0.6237623762376238,0.7227722772277227,0.7425742574257426,0.7425742574257426,0.6336633663366337,0.7029702970297029,0.74,0.66,0.71,0.6991188118811882,0.042217488574465716,15,0.5038804730364833,0.47838405017627583,0.6008297258297258,0.6432375661086264,0.5698626097633893,0.45136876006441223,0.5585450272062847,0.5989251510418558,0.5298953476541807,0.5732571105749389,0.5508185821456173,0.056621976229638056,9,0.6910376018349988,0.6160884642201505,0.7176889117483177,0.7331459864179596,0.7371709075331956,0.6283254412397762,0.69703324142904,0.7294248665141113,0.6598285434624737,0.7027102764083811,0.6912454240808404,0.04096490341948704,14,,,,,,,,,,,,,1
44,27.994915533065797,2.9121762162038953,0.2567436218261719,0.05582994485950476,500,33,,7,balanced_subsample,True,"{'clf__n_estimators': 500, 'clf__min_samples_split': 33, 'clf__max_features': None, 'clf__max_depth': 7, 'clf__class_weight': 'balanced_subsample', 'clf__bootstrap': True}",0.5092592592592592,0.48030303030303023,0.6416666666666667,0.703949753949754,0.5842527842527843,0.46377665544332214,0.6007856341189675,0.6315375982042649,0.5633557800224467,0.6355218855218854,0.581440904774238,0.07352763006000172,10,0.5003367003367004,0.4807233434684415,0.6623707040373706,0.7478213507625271,0.5440499396639747,0.42617845117845116,0.5365902615902616,0.7084513084513085,0.5231802148468816,0.5388247554914222,0.5668527029827339,0.0988352309700168,39,0.6803930393039304,0.6242011402174477,0.7537834864567539,0.7928557561638516,0.7389608509723152,0.6353435343534354,0.7138250363497889,0.7875624195624197,0.6727532467532469,0.7248823953823953,0.7124560905515585,0.05568792290302839,31,0.5092592592592592,0.48030303030303023,0.6416666666666667,0.703949753949754,0.5842527842527843,0.46377665544332214,0.6007856341189675,0.6315375982042649,0.5633557800224467,0.6355218855218854,0.581440904774238,0.07352763006000172,10,0.693069306930693,0.6039603960396039,0.7227722772277227,0.7524752475247525,0.7227722772277227,0.5841584158415841,0.7029702970297029,0.72,0.64,0.7,0.6842178217821782,0.052914807615763226,24,0.4953615901368711,0.4651316528432423,0.6196076073527054,0.6634878193701723,0.5560194669535453,0.4360370256632652,0.5585704161182545,0.5878329832033535,0.5337342265139193,0.5752249807843891,0.5491007768939719,0.06582861497978745,15,0.6788463066580768,0.6028689022814019,0.7222218580401458,0.744148532500309,0.7234864008078027,0.5966357995721114,0.7024840354846461,0.7169946041612708,0.6459561396612059,0.7031823494008637,0.6836824928567835,0.049116030512388685,23,,,,,,,,,,,,,1
