,mean_fit_time,std_fit_time,mean_score_time,std_score_time,param_clf__solver,param_clf__shrinkage,params,split0_test_balanced_accuracy,split1_test_balanced_accuracy,split2_test_balanced_accuracy,split3_test_balanced_accuracy,split4_test_balanced_accuracy,split5_test_balanced_accuracy,split6_test_balanced_accuracy,split7_test_balanced_accuracy,split8_test_balanced_accuracy,split9_test_balanced_accuracy,mean_test_balanced_accuracy,std_test_balanced_accuracy,rank_test_balanced_accuracy,split0_test_precision_macro,split1_test_precision_macro,split2_test_precision_macro,split3_test_precision_macro,split4_test_precision_macro,split5_test_precision_macro,split6_test_precision_macro,split7_test_precision_macro,split8_test_precision_macro,split9_test_precision_macro,mean_test_precision_macro,std_test_precision_macro,rank_test_precision_macro,split0_test_precision_weighted,split1_test_precision_weighted,split2_test_precision_weighted,split3_test_precision_weighted,split4_test_precision_weighted,split5_test_precision_weighted,split6_test_precision_weighted,split7_test_precision_weighted,split8_test_precision_weighted,split9_test_precision_weighted,mean_test_precision_weighted,std_test_precision_weighted,rank_test_precision_weighted,split0_test_recall_macro,split1_test_recall_macro,split2_test_recall_macro,split3_test_recall_macro,split4_test_recall_macro,split5_test_recall_macro,split6_test_recall_macro,split7_test_recall_macro,split8_test_recall_macro,split9_test_recall_macro,mean_test_recall_macro,std_test_recall_macro,rank_test_recall_macro,split0_test_recall_weighted,split1_test_recall_weighted,split2_test_recall_weighted,split3_test_recall_weighted,split4_test_recall_weighted,split5_test_recall_weighted,split6_test_recall_weighted,split7_test_recall_weighted,split8_test_recall_weighted,split9_test_recall_weighted,mean_test_recall_weighted,std_test_recall_weighted,rank_test_recall_weighted,split0_test_f1_macro,split1_test_f1_macro,split2_test_f1_macro,split3_test_f1_macro,split4_test_f1_macro,split5_test_f1_macro,split6_test_f1_macro,split7_test_f1_macro,split8_test_f1_macro,split9_test_f1_macro,mean_test_f1_macro,std_test_f1_macro,rank_test_f1_macro,split0_test_f1_weighted,split1_test_f1_weighted,split2_test_f1_weighted,split3_test_f1_weighted,split4_test_f1_weighted,split5_test_f1_weighted,split6_test_f1_weighted,split7_test_f1_weighted,split8_test_f1_weighted,split9_test_f1_weighted,mean_test_f1_weighted,std_test_f1_weighted,rank_test_f1_weighted,split0_test_auc_macro,split1_test_auc_macro,split2_test_auc_macro,split3_test_auc_macro,split4_test_auc_macro,split5_test_auc_macro,split6_test_auc_macro,split7_test_auc_macro,split8_test_auc_macro,split9_test_auc_macro,mean_test_auc_macro,std_test_auc_macro,rank_test_auc_macro
0,0.30466670989990235,0.04453688712179594,0.05453004837036133,0.005698963290471911,svd,,"{'clf__solver': 'svd', 'clf__shrinkage': None}",0.5231481481481481,0.5038720538720539,0.5694444444444444,0.5702279202279202,0.4438034188034188,0.40611672278338945,0.45011223344556683,0.4135521885521885,0.6179573512906846,0.42003367003367004,0.49182681516014853,0.07202777324766357,25,0.5174340302247279,0.49259259259259264,0.5481969648397195,0.5487968821302155,0.4157129455909944,0.375990275990276,0.46677890011223344,0.6130175983436853,0.5581455581455582,0.45652604476133885,0.49931917927313413,0.06832897772566172,23,0.6635416697815961,0.6178217821782178,0.6752857485758035,0.6987687779766989,0.6260588300856352,0.6097996865323598,0.6521452145214522,0.6580139751552795,0.7194079254079254,0.6177450980392156,0.6538588708254185,0.03493361968275826,23,0.5231481481481481,0.5038720538720539,0.5694444444444444,0.5702279202279202,0.4438034188034188,0.40611672278338945,0.45011223344556683,0.4135521885521885,0.6179573512906846,0.42003367003367004,0.49182681516014853,0.07202777324766357,25,0.6633663366336634,0.6237623762376238,0.6831683168316832,0.6633663366336634,0.6336633663366337,0.594059405940594,0.6336633663366337,0.64,0.7,0.59,0.6425049504950495,0.03383375776344756,21,0.5134101765680713,0.4910034998986309,0.5529956465900259,0.5477306663755245,0.42401397340545416,0.3859396433470508,0.4550948325458129,0.3921494143716366,0.5733299721251529,0.41744887721899215,0.4753116702446352,0.06623913150463727,23,0.6583795568683531,0.6154205092073598,0.6737045211204754,0.6735839886493261,0.625051714096359,0.5950372815059285,0.6405010248924052,0.6105641025641025,0.6997936160225317,0.5896715162232403,0.6381707831150081,0.03520288533300768,21,,,,,,,,,,,,,1
1,0.24935832023620605,0.009623146211536515,0.05500469207763672,0.006944802982397012,lsqr,,"{'clf__solver': 'lsqr', 'clf__shrinkage': None}",0.5280864197530863,0.5038720538720539,0.5694444444444444,0.5727531727531727,0.42991452991452994,0.4172278338945006,0.4551627384960718,0.4198372615039282,0.6179573512906846,0.42003367003367004,0.4934289475956143,0.07141134881909893,21,0.542648709315376,0.49259259259259264,0.5481969648397195,0.5513091846425179,0.40460183447988324,0.3807519640852974,0.45722573186341303,0.6562610229276896,0.5581455581455582,0.4568066283752558,0.5048540191267303,0.0783634924961231,21,0.676966268055377,0.6178217821782178,0.6752857485758035,0.7072238542535573,0.6181380380064272,0.6228372837283728,0.6500916145126217,0.6826190476190476,0.7194079254079254,0.6163562091503267,0.6586747771487678,0.037000556098764126,21,0.5280864197530863,0.5038720538720539,0.5694444444444444,0.5727531727531727,0.42991452991452994,0.4172278338945006,0.4551627384960718,0.4198372615039282,0.6179573512906846,0.42003367003367004,0.4934289475956143,0.07141134881909893,21,0.6831683168316832,0.6237623762376238,0.6831683168316832,0.6732673267326733,0.6237623762376238,0.6039603960396039,0.6534653465346535,0.66,0.7,0.59,0.6494554455445545,0.03528052882463177,17,0.5271026569272182,0.4910034998986309,0.5529956465900259,0.5502827292636686,0.4105829599744408,0.39365079365079364,0.4510265444195538,0.4098971774334093,0.5733299721251529,0.41800573881592196,0.47778777190988164,0.06568209351262017,21,0.6750612250351697,0.6154205092073598,0.6737045211204754,0.6822240577472768,0.6154771302643494,0.6055634134842055,0.6483619662660458,0.6282710333145115,0.6997936160225317,0.589242417047338,0.6433119889509264,0.035761660296481264,19,,,,,,,,,,,,,1
2,0.2736624479293823,0.011651386506662316,0.05972466468811035,0.007226795025166807,lsqr,auto,"{'clf__solver': 'lsqr', 'clf__shrinkage': 'auto'}",0.5907407407407407,0.5142255892255893,0.5499158249158249,0.6551217301217301,0.49068894068894076,0.4595679012345679,0.557435465768799,0.40434904601571264,0.6008417508417508,0.5202020202020202,0.5343089009755675,0.06925760015030413,13,0.5856958287190844,0.5776609633752492,0.5356083876970493,0.6312483812483811,0.4817345295606165,0.45543438175017115,0.5827637204448799,0.5412046622191551,0.6836651003317669,0.5493558776167471,0.5624371832963101,0.06318332664017279,1,0.7350037827703036,0.6473067714934758,0.6879229574400626,0.7471554847792472,0.6623311399462928,0.6502718195005845,0.7078415199379471,0.651472049689441,0.7475935175935176,0.6769492753623189,0.6913848318513192,0.03838474930384133,9,0.5907407407407407,0.5142255892255893,0.5499158249158249,0.6551217301217301,0.49068894068894076,0.4595679012345679,0.557435465768799,0.40434904601571264,0.6008417508417508,0.5202020202020202,0.5343089009755675,0.06925760015030413,13,0.7326732673267327,0.6534653465346535,0.7326732673267327,0.7227722772277227,0.693069306930693,0.6237623762376238,0.7128712871287128,0.64,0.74,0.67,0.6921287128712871,0.04040475663082547,1,0.5836022002688668,0.5251020092276458,0.5361909770293815,0.6362730043287512,0.48295812152021306,0.44896645237147026,0.5652480637987884,0.4010791677458344,0.6154044648162295,0.5262748255501878,0.5321099286657369,0.06937948438928643,1,0.7313184615164812,0.6384721939236219,0.7052512959206672,0.7293223333684428,0.6760068163679114,0.6281996556030411,0.707316073222229,0.617948717948718,0.7342613445378151,0.6671787439613526,0.683527563637028,0.0420814156196022,1,,,,,,,,,,,,,1
3,0.29486355781555174,0.02139591118890124,0.05592057704925537,0.007018581001718039,eigen,auto,"{'clf__solver': 'eigen', 'clf__shrinkage': 'auto'}",0.5907407407407407,0.5142255892255893,0.5499158249158249,0.6551217301217301,0.49068894068894076,0.4595679012345679,0.557435465768799,0.40434904601571264,0.6008417508417508,0.5202020202020202,0.5343089009755675,0.06925760015030413,13,0.5856958287190844,0.5776609633752492,0.5356083876970493,0.6312483812483811,0.4817345295606165,0.45543438175017115,0.5827637204448799,0.5412046622191551,0.6836651003317669,0.5493558776167471,0.5624371832963101,0.06318332664017279,1,0.7350037827703036,0.6473067714934758,0.6879229574400626,0.7471554847792472,0.6623311399462928,0.6502718195005845,0.7078415199379471,0.651472049689441,0.7475935175935176,0.6769492753623189,0.6913848318513192,0.03838474930384133,9,0.5907407407407407,0.5142255892255893,0.5499158249158249,0.6551217301217301,0.49068894068894076,0.4595679012345679,0.557435465768799,0.40434904601571264,0.6008417508417508,0.5202020202020202,0.5343089009755675,0.06925760015030413,13,0.7326732673267327,0.6534653465346535,0.7326732673267327,0.7227722772277227,0.693069306930693,0.6237623762376238,0.7128712871287128,0.64,0.74,0.67,0.6921287128712871,0.04040475663082547,1,0.5836022002688668,0.5251020092276458,0.5361909770293815,0.6362730043287512,0.48295812152021306,0.44896645237147026,0.5652480637987884,0.4010791677458344,0.6154044648162295,0.5262748255501878,0.5321099286657369,0.06937948438928643,1,0.7313184615164812,0.6384721939236219,0.7052512959206672,0.7293223333684428,0.6760068163679114,0.6281996556030411,0.707316073222229,0.617948717948718,0.7342613445378151,0.6671787439613526,0.683527563637028,0.0420814156196022,1,,,,,,,,,,,,,1
4,0.24830524921417235,0.011674154780335127,0.0550006628036499,0.0059075830327537,lsqr,0.0,"{'clf__solver': 'lsqr', 'clf__shrinkage': 0.0}",0.5280864197530863,0.5038720538720539,0.5694444444444444,0.5727531727531727,0.42991452991452994,0.4172278338945006,0.4551627384960718,0.4198372615039282,0.6179573512906846,0.42003367003367004,0.4934289475956143,0.07141134881909893,21,0.542648709315376,0.49259259259259264,0.5481969648397195,0.5513091846425179,0.40460183447988324,0.3807519640852974,0.45722573186341303,0.6562610229276896,0.5581455581455582,0.4568066283752558,0.5048540191267303,0.0783634924961231,21,0.676966268055377,0.6178217821782178,0.6752857485758035,0.7072238542535573,0.6181380380064272,0.6228372837283728,0.6500916145126217,0.6826190476190476,0.7194079254079254,0.6163562091503267,0.6586747771487678,0.037000556098764126,21,0.5280864197530863,0.5038720538720539,0.5694444444444444,0.5727531727531727,0.42991452991452994,0.4172278338945006,0.4551627384960718,0.4198372615039282,0.6179573512906846,0.42003367003367004,0.4934289475956143,0.07141134881909893,21,0.6831683168316832,0.6237623762376238,0.6831683168316832,0.6732673267326733,0.6237623762376238,0.6039603960396039,0.6534653465346535,0.66,0.7,0.59,0.6494554455445545,0.03528052882463177,17,0.5271026569272182,0.4910034998986309,0.5529956465900259,0.5502827292636686,0.4105829599744408,0.39365079365079364,0.4510265444195538,0.4098971774334093,0.5733299721251529,0.41800573881592196,0.47778777190988164,0.06568209351262017,21,0.6750612250351697,0.6154205092073598,0.6737045211204754,0.6822240577472768,0.6154771302643494,0.6055634134842055,0.6483619662660458,0.6282710333145115,0.6997936160225317,0.589242417047338,0.6433119889509264,0.035761660296481264,19,,,,,,,,,,,,,1
5,0.2369699239730835,0.00865252075721455,0.0,0.0,eigen,0.0,"{'clf__solver': 'eigen', 'clf__shrinkage': 0.0}",,,,,,,,,,,,,26,,,,,,,,,,,,,26,,,,,,,,,,,,,26,,,,,,,,,,,,,26,,,,,,,,,,,,,26,,,,,,,,,,,,,26,,,,,,,,,,,,,26,,,,,,,,,,,,,1
6,0.2529975652694702,0.011044162103621734,0.054167985916137695,0.006248786697426512,lsqr,0.1,"{'clf__solver': 'lsqr', 'clf__shrinkage': 0.1}",0.5518518518518518,0.5228114478114478,0.5242424242424242,0.5614283864283863,0.4536519036519036,0.5104938271604939,0.5435465768799101,0.4068742985409652,0.6480078563411897,0.4583333333333333,0.5181241906241906,0.06383937605415091,19,0.5396640826873385,0.5906806156806157,0.5358203887615652,0.54803317730147,0.4230247208508078,0.4945918928375068,0.5639840433318695,0.6445626477541371,0.6541310541310542,0.5073454913880445,0.550183811472441,0.06554345641677198,3,0.7065737969145751,0.6552376666238051,0.6663729398149899,0.6804823165243354,0.6479511305167784,0.6674478783910781,0.6937199154698078,0.6774680851063829,0.7643333333333334,0.6325405268490375,0.6792127589544125,0.03498987984976632,19,0.5518518518518518,0.5228114478114478,0.5242424242424242,0.5614283864283863,0.4536519036519036,0.5104938271604939,0.5435465768799101,0.4068742985409652,0.6480078563411897,0.4583333333333333,0.5181241906241906,0.06383937605415091,19,0.7029702970297029,0.6534653465346535,0.7029702970297029,0.6633663366336634,0.6831683168316832,0.6534653465346535,0.7029702970297029,0.65,0.75,0.62,0.6782376237623763,0.03556225048341502,11,0.54110683555128,0.536033858128951,0.5201895084203929,0.5461396692975641,0.43550639629071,0.4905335135488172,0.5475955019689035,0.40033331678068523,0.6385056918390251,0.4710494014841841,0.5126993693310513,0.06354662779625841,19,0.7012165502264511,0.641848414982067,0.6769933279470589,0.6659549517704807,0.6633922215750988,0.6486114004687239,0.6940913601773038,0.6223431217904902,0.7486106782106782,0.6173272524576872,0.6680389279606039,0.03755071161305632,13,,,,,,,,,,,,,1
7,0.2560762643814087,0.017442073503358795,0.0527338981628418,0.004110660830584255,eigen,0.1,"{'clf__solver': 'eigen', 'clf__shrinkage': 0.1}",0.5518518518518518,0.5228114478114478,0.5242424242424242,0.5614283864283863,0.4536519036519036,0.5104938271604939,0.5435465768799101,0.4068742985409652,0.6480078563411897,0.4583333333333333,0.5181241906241906,0.06383937605415091,19,0.5396640826873385,0.5906806156806157,0.5358203887615652,0.54803317730147,0.4230247208508078,0.4945918928375068,0.5639840433318695,0.6445626477541371,0.6541310541310542,0.5073454913880445,0.550183811472441,0.06554345641677198,3,0.7065737969145751,0.6552376666238051,0.6663729398149899,0.6804823165243354,0.6479511305167784,0.6674478783910781,0.6937199154698078,0.6774680851063829,0.7643333333333334,0.6325405268490375,0.6792127589544125,0.03498987984976632,19,0.5518518518518518,0.5228114478114478,0.5242424242424242,0.5614283864283863,0.4536519036519036,0.5104938271604939,0.5435465768799101,0.4068742985409652,0.6480078563411897,0.4583333333333333,0.5181241906241906,0.06383937605415091,19,0.7029702970297029,0.6534653465346535,0.7029702970297029,0.6633663366336634,0.6831683168316832,0.6534653465346535,0.7029702970297029,0.65,0.75,0.62,0.6782376237623763,0.03556225048341502,11,0.54110683555128,0.536033858128951,0.5201895084203929,0.5461396692975641,0.43550639629071,0.4905335135488172,0.5475955019689035,0.40033331678068523,0.6385056918390251,0.4710494014841841,0.5126993693310513,0.06354662779625841,19,0.7012165502264511,0.641848414982067,0.6769933279470589,0.6659549517704807,0.6633922215750988,0.6486114004687239,0.6940913601773038,0.6223431217904902,0.7486106782106782,0.6173272524576872,0.6680389279606039,0.03755071161305632,13,,,,,,,,,,,,,1
8,0.2473605155944824,0.015122023634895369,0.05325767993927002,0.005692338250106882,lsqr,0.2,"{'clf__solver': 'lsqr', 'clf__shrinkage': 0.2}",0.5654320987654321,0.5234848484848484,0.5406565656565656,0.6301605801605802,0.46501554001554,0.48734567901234566,0.5666947250280584,0.40182379349046016,0.5612794612794613,0.47979797979797983,0.5221691271691273,0.06176327449844325,17,0.5677489177489178,0.5906144781144781,0.5490484136917178,0.5908942908942909,0.4307118807118807,0.47889117187362795,0.5932098765432099,0.5241622574955909,0.640540553331251,0.5076954044345349,0.54735172448395,0.05947751561625783,9,0.7217243152886718,0.6644314431443143,0.6906945209092695,0.7182105023689183,0.655994170845656,0.6571475070693412,0.7232673267326732,0.6379841269841271,0.730514950166113,0.6348327759197324,0.6834801639428817,0.0357272277720522,17,0.5654320987654321,0.5234848484848484,0.5406565656565656,0.6301605801605802,0.46501554001554,0.48734567901234566,0.5666947250280584,0.40182379349046016,0.5612794612794613,0.47979797979797983,0.5221691271691273,0.06176327449844325,17,0.7227722772277227,0.6633663366336634,0.7227722772277227,0.693069306930693,0.6831683168316832,0.6336633663366337,0.7227722772277227,0.63,0.72,0.63,0.6821584158415841,0.038270645277700376,7,0.560477516657292,0.5318943494000702,0.5389309923792683,0.6019459198410243,0.44598310822941023,0.47264218760326965,0.5743105315367929,0.3953907654282186,0.539318140352623,0.48840311325818564,0.5149296624686156,0.06013838172402224,17,0.7187573578940805,0.6482464771485321,0.7021013810361711,0.6994881072608062,0.668190245237114,0.6350193307055629,0.7194292868999864,0.6092687986171132,0.7055703985669503,0.6283690821256037,0.673444046549192,0.03871533354098855,9,,,,,,,,,,,,,1
9,0.24893479347229003,0.010853433166451237,0.05485849380493164,0.007235867001591713,eigen,0.2,"{'clf__solver': 'eigen', 'clf__shrinkage': 0.2}",0.5654320987654321,0.5234848484848484,0.5406565656565656,0.6301605801605802,0.46501554001554,0.48734567901234566,0.5666947250280584,0.40182379349046016,0.5612794612794613,0.47979797979797983,0.5221691271691273,0.06176327449844325,17,0.5677489177489178,0.5906144781144781,0.5490484136917178,0.5908942908942909,0.4307118807118807,0.47889117187362795,0.5932098765432099,0.5241622574955909,0.640540553331251,0.5076954044345349,0.54735172448395,0.05947751561625783,9,0.7217243152886718,0.6644314431443143,0.6906945209092695,0.7182105023689183,0.655994170845656,0.6571475070693412,0.7232673267326732,0.6379841269841271,0.730514950166113,0.6348327759197324,0.6834801639428817,0.0357272277720522,17,0.5654320987654321,0.5234848484848484,0.5406565656565656,0.6301605801605802,0.46501554001554,0.48734567901234566,0.5666947250280584,0.40182379349046016,0.5612794612794613,0.47979797979797983,0.5221691271691273,0.06176327449844325,17,0.7227722772277227,0.6633663366336634,0.7227722772277227,0.693069306930693,0.6831683168316832,0.6336633663366337,0.7227722772277227,0.63,0.72,0.63,0.6821584158415841,0.038270645277700376,7,0.560477516657292,0.5318943494000702,0.5389309923792683,0.6019459198410243,0.44598310822941023,0.47264218760326965,0.5743105315367929,0.3953907654282186,0.539318140352623,0.48840311325818564,0.5149296624686156,0.06013838172402224,17,0.7187573578940805,0.6482464771485321,0.7021013810361711,0.6994881072608062,0.668190245237114,0.6350193307055629,0.7194292868999864,0.6092687986171132,0.7055703985669503,0.6283690821256037,0.673444046549192,0.03871533354098855,9,,,,,,,,,,,,,1
10,0.24686474800109864,0.012014526045095739,0.055002999305725095,0.0057127283758062405,lsqr,0.30000000000000004,"{'clf__solver': 'lsqr', 'clf__shrinkage': 0.30000000000000004}",0.5907407407407407,0.520959595959596,0.5499158249158249,0.6155594405594406,0.47637917637917643,0.445679012345679,0.575280583613917,0.3967732884399551,0.5776936026936027,0.5787037037037037,0.5327684969351637,0.06770762053987653,15,0.5810245310245311,0.5774728030047179,0.5446992967879585,0.5872298591596837,0.43572034710246094,0.4416916916916917,0.5904040404040404,0.5048398342971987,0.6535708764390935,0.5580832173855429,0.5474736497296919,0.06505561655450404,7,0.7383245467403883,0.6529811035814826,0.6960237675210706,0.7297560583125982,0.6704450932898167,0.6395370618142896,0.7202970297029703,0.6298006644518273,0.7482688758270153,0.6865992844364938,0.6912033485677953,0.04023134257290739,11,0.5907407407407407,0.520959595959596,0.5499158249158249,0.6155594405594406,0.47637917637917643,0.445679012345679,0.575280583613917,0.3967732884399551,0.5776936026936027,0.5787037037037037,0.5327684969351637,0.06770762053987653,15,0.7326732673267327,0.6534653465346535,0.7326732673267327,0.7029702970297029,0.6831683168316832,0.6138613861386139,0.7227722772277227,0.61,0.74,0.69,0.6881584158415842,0.045748107333265946,3,0.5805014057887621,0.5286062973197476,0.5409528817912862,0.5946259664639185,0.45353088603862596,0.4335193099081988,0.5759392837411413,0.38505598275713215,0.5548509435122011,0.5627306920410368,0.521031364936205,0.06782960553944398,11,0.7321801979364286,0.6418505962799866,0.7094945773916714,0.7103859327152336,0.6744531684482026,0.6164692110236665,0.7168719702576184,0.5956763925729442,0.7250298789108119,0.6846406467096122,0.6807052572246176,0.04533495145122894,5,,,,,,,,,,,,,1
11,0.2524798631668091,0.01172834739359285,0.05378885269165039,0.0068252040564729735,eigen,0.30000000000000004,"{'clf__solver': 'eigen', 'clf__shrinkage': 0.30000000000000004}",0.5907407407407407,0.520959595959596,0.5499158249158249,0.6155594405594406,0.47637917637917643,0.445679012345679,0.575280583613917,0.3967732884399551,0.5776936026936027,0.5787037037037037,0.5327684969351637,0.06770762053987653,15,0.5810245310245311,0.5774728030047179,0.5446992967879585,0.5872298591596837,0.43572034710246094,0.4416916916916917,0.5904040404040404,0.5048398342971987,0.6535708764390935,0.5580832173855429,0.5474736497296919,0.06505561655450404,7,0.7383245467403883,0.6529811035814826,0.6960237675210706,0.7297560583125982,0.6704450932898167,0.6395370618142896,0.7202970297029703,0.6298006644518273,0.7482688758270153,0.6865992844364938,0.6912033485677953,0.04023134257290739,11,0.5907407407407407,0.520959595959596,0.5499158249158249,0.6155594405594406,0.47637917637917643,0.445679012345679,0.575280583613917,0.3967732884399551,0.5776936026936027,0.5787037037037037,0.5327684969351637,0.06770762053987653,15,0.7326732673267327,0.6534653465346535,0.7326732673267327,0.7029702970297029,0.6831683168316832,0.6138613861386139,0.7227722772277227,0.61,0.74,0.69,0.6881584158415842,0.045748107333265946,3,0.5805014057887621,0.5286062973197476,0.5409528817912862,0.5946259664639185,0.45353088603862596,0.4335193099081988,0.5759392837411413,0.38505598275713215,0.5548509435122011,0.5627306920410368,0.521031364936205,0.06782960553944398,11,0.7321801979364286,0.6418505962799866,0.7094945773916714,0.7103859327152336,0.6744531684482026,0.6164692110236665,0.7168719702576184,0.5956763925729442,0.7250298789108119,0.6846406467096122,0.6807052572246176,0.04533495145122894,5,,,,,,,,,,,,,1
12,0.24755675792694093,0.008899298570019159,0.052916884422302246,0.005950167330401965,lsqr,0.4,"{'clf__solver': 'lsqr', 'clf__shrinkage': 0.4}",0.6046296296296296,0.5117003367003368,0.5776936026936027,0.618084693084693,0.4902680652680653,0.4431537598204265,0.617929292929293,0.3942480359147026,0.5554713804713804,0.5622895622895623,0.5375468358801693,0.07234705543844612,9,0.5914774926970049,0.5497960976221846,0.5884901464611609,0.6060482727149394,0.4459984459984459,0.4228395061728395,0.6036716370049703,0.5001356668023335,0.6691115086463924,0.5231610530391018,0.5500729827159374,0.0732150000313512,5,0.7540729856957821,0.6434763973291739,0.7144667882937361,0.735882379446736,0.6925615638486926,0.6332783278327833,0.7333397625476835,0.6242490842490844,0.7430277280858677,0.6722653890824623,0.6946620406412002,0.04616074886531026,1,0.6046296296296296,0.5117003367003368,0.5776936026936027,0.618084693084693,0.4902680652680653,0.4431537598204265,0.617929292929293,0.3942480359147026,0.5554713804713804,0.5622895622895623,0.5375468358801693,0.07234705543844612,9,0.7425742574257426,0.6435643564356436,0.7425742574257426,0.7128712871287128,0.693069306930693,0.6039603960396039,0.7425742574257426,0.6,0.72,0.67,0.6871188118811881,0.05263149631608577,5,0.5932999529898754,0.5138344436590051,0.5748969373324379,0.6036006184594345,0.46516697286961,0.42446581196581196,0.6028391319390558,0.3809061901411075,0.5481601325076646,0.5393628465879104,0.5246533038451913,0.07396476628894641,7,0.7451229815033638,0.6349827666398798,0.7222223681899371,0.718510970902273,0.6893633625150934,0.6080350342726579,0.7335476012459042,0.5873064549202061,0.7119410154866544,0.6692164170015832,0.6820248972677552,0.05230196656553065,3,,,,,,,,,,,,,1
13,0.24737977981567383,0.014853980536154702,0.05328426361083984,0.004418649010007079,eigen,0.4,"{'clf__solver': 'eigen', 'clf__shrinkage': 0.4}",0.6046296296296296,0.5117003367003368,0.5776936026936027,0.618084693084693,0.4902680652680653,0.4431537598204265,0.617929292929293,0.3942480359147026,0.5554713804713804,0.5622895622895623,0.5375468358801693,0.07234705543844612,9,0.5914774926970049,0.5497960976221846,0.5884901464611609,0.6060482727149394,0.4459984459984459,0.4228395061728395,0.6036716370049703,0.5001356668023335,0.6691115086463924,0.5231610530391018,0.5500729827159374,0.0732150000313512,5,0.7540729856957821,0.6434763973291739,0.7144667882937361,0.735882379446736,0.6925615638486926,0.6332783278327833,0.7333397625476835,0.6242490842490844,0.7430277280858677,0.6722653890824623,0.6946620406412002,0.04616074886531026,1,0.6046296296296296,0.5117003367003368,0.5776936026936027,0.618084693084693,0.4902680652680653,0.4431537598204265,0.617929292929293,0.3942480359147026,0.5554713804713804,0.5622895622895623,0.5375468358801693,0.07234705543844612,9,0.7425742574257426,0.6435643564356436,0.7425742574257426,0.7128712871287128,0.693069306930693,0.6039603960396039,0.7425742574257426,0.6,0.72,0.67,0.6871188118811881,0.05263149631608577,5,0.5932999529898754,0.5138344436590051,0.5748969373324379,0.6036006184594345,0.46516697286961,0.42446581196581196,0.6028391319390558,0.3809061901411075,0.5481601325076646,0.5393628465879104,0.5246533038451913,0.07396476628894641,7,0.7451229815033638,0.6349827666398798,0.7222223681899371,0.718510970902273,0.6893633625150934,0.6080350342726579,0.7335476012459042,0.5873064549202061,0.7119410154866544,0.6692164170015832,0.6820248972677552,0.05230196656553065,3,,,,,,,,,,,,,1
14,0.2440464973449707,0.00879215987510873,0.054334592819213864,0.005594157527370517,lsqr,0.5,"{'clf__solver': 'lsqr', 'clf__shrinkage': 0.5}",0.5953703703703703,0.49991582491582487,0.5776936026936027,0.618084693084693,0.5111434861434861,0.4431537598204265,0.617929292929293,0.3942480359147026,0.5415824915824916,0.5622895622895623,0.5361411119744453,0.0707598523486787,11,0.5885632885632885,0.5040878874212207,0.5849109369995985,0.6072353572353573,0.47716049382716047,0.41358024691358025,0.5917262180828071,0.49313476345996676,0.661952861952862,0.5196386946386945,0.5441990749094536,0.07078073811697595,11,0.7417781888078917,0.6211928885196212,0.7134683691240881,0.7358400675232359,0.7051705170517051,0.6308030803080308,0.7309416694288902,0.6306921736799787,0.7308333333333333,0.6775559440559441,0.6918276231832718,0.045589853682471586,7,0.5953703703703703,0.49991582491582487,0.5776936026936027,0.618084693084693,0.5111434861434861,0.4431537598204265,0.617929292929293,0.3942480359147026,0.5415824915824916,0.5622895622895623,0.5361411119744453,0.0707598523486787,11,0.7326732673267327,0.6237623762376238,0.7425742574257426,0.7128712871287128,0.6732673267326733,0.6039603960396039,0.7425742574257426,0.6,0.71,0.67,0.6811683168316831,0.05297399450406116,9,0.5870082322955886,0.4934622135864004,0.5747874682574516,0.606968975024722,0.4899315281668222,0.41917480667480667,0.5990827128902828,0.37667917633817033,0.539149666600647,0.5372095698182654,0.5223454349653157,0.0736425566850739,9,0.7342689342825909,0.6172886075462323,0.7232368538749587,0.7189498675504326,0.6829686329977536,0.6066206071156566,0.7340706777557399,0.5900912897843843,0.7019738562091503,0.6711387163561077,0.6780608043473008,0.05214276943271585,7,,,,,,,,,,,,,1
15,0.25311689376831054,0.012478232777110135,0.05308330059051514,0.004303860695801624,eigen,0.5,"{'clf__solver': 'eigen', 'clf__shrinkage': 0.5}",0.5953703703703703,0.49991582491582487,0.5776936026936027,0.618084693084693,0.5111434861434861,0.4431537598204265,0.617929292929293,0.3942480359147026,0.5415824915824916,0.5622895622895623,0.5361411119744453,0.0707598523486787,11,0.5885632885632885,0.5040878874212207,0.5849109369995985,0.6072353572353573,0.47716049382716047,0.41358024691358025,0.5917262180828071,0.49313476345996676,0.661952861952862,0.5196386946386945,0.5441990749094536,0.07078073811697595,11,0.7417781888078917,0.6211928885196212,0.7134683691240881,0.7358400675232359,0.7051705170517051,0.6308030803080308,0.7309416694288902,0.6306921736799787,0.7308333333333333,0.6775559440559441,0.6918276231832718,0.045589853682471586,7,0.5953703703703703,0.49991582491582487,0.5776936026936027,0.618084693084693,0.5111434861434861,0.4431537598204265,0.617929292929293,0.3942480359147026,0.5415824915824916,0.5622895622895623,0.5361411119744453,0.0707598523486787,11,0.7326732673267327,0.6237623762376238,0.7425742574257426,0.7128712871287128,0.6732673267326733,0.6039603960396039,0.7425742574257426,0.6,0.71,0.67,0.6811683168316831,0.05297399450406116,9,0.5870082322955886,0.4934622135864004,0.5747874682574516,0.606968975024722,0.4899315281668222,0.41917480667480667,0.5990827128902828,0.37667917633817033,0.539149666600647,0.5372095698182654,0.5223454349653157,0.0736425566850739,9,0.7342689342825909,0.6172886075462323,0.7232368538749587,0.7189498675504326,0.6829686329977536,0.6066206071156566,0.7340706777557399,0.5900912897843843,0.7019738562091503,0.6711387163561077,0.6780608043473008,0.05214276943271585,7,,,,,,,,,,,,,1
16,0.24808876514434813,0.013043758243267279,0.0569899320602417,0.009588566094729809,lsqr,0.6000000000000001,"{'clf__solver': 'lsqr', 'clf__shrinkage': 0.6000000000000001}",0.6040123456790124,0.4973905723905724,0.5983164983164984,0.6301605801605802,0.5035677285677286,0.4313692480359147,0.586952861952862,0.4380190796857463,0.5365319865319864,0.5505050505050506,0.5376825951825952,0.06576032047646793,7,0.5904047172339855,0.4913012913012913,0.5751162417829084,0.5927827177827178,0.45031080031080034,0.4030142696809363,0.5888512496236074,0.41577053243719914,0.6541102077687444,0.5055860805860806,0.5267248108508271,0.08124233159597119,13,0.7453721960242123,0.6284850463068286,0.7046133184747045,0.7247714153654748,0.6872752659881373,0.6236745103081737,0.72284472349674,0.6406814671814672,0.7297764227642277,0.6630494505494505,0.6870543816459416,0.04290930851429762,13,0.6040123456790124,0.4973905723905724,0.5983164983164984,0.6301605801605802,0.5035677285677286,0.4313692480359147,0.586952861952862,0.4380190796857463,0.5365319865319864,0.5505050505050506,0.5376825951825952,0.06576032047646793,7,0.7326732673267327,0.6138613861386139,0.7326732673267327,0.693069306930693,0.6435643564356436,0.5841584158415841,0.7227722772277227,0.61,0.69,0.65,0.6672772277227723,0.051689469855965675,13,0.591799833441222,0.4848416907902833,0.5826769091474974,0.6027659168497375,0.4694847636024106,0.4081616461363297,0.5805169514199442,0.41265507469211177,0.5310457516339869,0.5231432870093394,0.5187091824722863,0.06894199185270085,13,0.7353464885705673,0.6153925203676164,0.7150178883434561,0.7009764050757623,0.6542141609118894,0.5935911667394309,0.7181926861416791,0.6119926061592728,0.6898823529411764,0.6524145670535465,0.6687020842304398,0.0476454542986735,11,,,,,,,,,,,,,1
17,0.25740938186645507,0.018125888925007078,0.05286610126495361,0.006008550284427991,eigen,0.6000000000000001,"{'clf__solver': 'eigen', 'clf__shrinkage': 0.6000000000000001}",0.6040123456790124,0.4973905723905724,0.5983164983164984,0.6301605801605802,0.5035677285677286,0.4313692480359147,0.586952861952862,0.4380190796857463,0.5365319865319864,0.5505050505050506,0.5376825951825952,0.06576032047646793,7,0.5904047172339855,0.4913012913012913,0.5751162417829084,0.5927827177827178,0.45031080031080034,0.4030142696809363,0.5888512496236074,0.41577053243719914,0.6541102077687444,0.5055860805860806,0.5267248108508271,0.08124233159597119,13,0.7453721960242123,0.6284850463068286,0.7046133184747045,0.7247714153654748,0.6872752659881373,0.6236745103081737,0.72284472349674,0.6406814671814672,0.7297764227642277,0.6630494505494505,0.6870543816459416,0.04290930851429762,13,0.6040123456790124,0.4973905723905724,0.5983164983164984,0.6301605801605802,0.5035677285677286,0.4313692480359147,0.586952861952862,0.4380190796857463,0.5365319865319864,0.5505050505050506,0.5376825951825952,0.06576032047646793,7,0.7326732673267327,0.6138613861386139,0.7326732673267327,0.693069306930693,0.6435643564356436,0.5841584158415841,0.7227722772277227,0.61,0.69,0.65,0.6672772277227723,0.051689469855965675,13,0.591799833441222,0.4848416907902833,0.5826769091474974,0.6027659168497375,0.4694847636024106,0.4081616461363297,0.5805169514199442,0.41265507469211177,0.5310457516339869,0.5231432870093394,0.5187091824722863,0.06894199185270085,13,0.7353464885705673,0.6153925203676164,0.7150178883434561,0.7009764050757623,0.6542141609118894,0.5935911667394309,0.7181926861416791,0.6119926061592728,0.6898823529411764,0.6524145670535465,0.6687020842304398,0.0476454542986735,11,,,,,,,,,,,,,1
18,0.251369833946228,0.010978342292453539,0.054556965827941895,0.004016709313262981,lsqr,0.7000000000000001,"{'clf__solver': 'lsqr', 'clf__shrinkage': 0.7000000000000001}",0.5929012345679012,0.48055555555555557,0.6652356902356902,0.6276353276353276,0.5103017353017353,0.4608305274971942,0.5844276094276094,0.4864197530864198,0.5314814814814814,0.585858585858586,0.55256475006475,0.06502876640896252,5,0.5683249451542134,0.4477263977263978,0.6404240820907487,0.589001739001739,0.4690055315055315,0.40125629050360234,0.5512626262626262,0.4455026455026455,0.5410781226570701,0.5333533750200417,0.5186935755424616,0.07117247913547994,17,0.7372483067122043,0.616002016002016,0.7522795136656523,0.727008964632727,0.6875508979469376,0.6261877800683294,0.7132313231323132,0.6661428571428571,0.7037078272604588,0.704966810966811,0.6934326297530307,0.04293884144957364,3,0.5929012345679012,0.48055555555555557,0.6652356902356902,0.6276353276353276,0.5103017353017353,0.4608305274971942,0.5844276094276094,0.4864197530864198,0.5314814814814814,0.585858585858586,0.55256475006475,0.06502876640896252,5,0.7227722772277227,0.5742574257425742,0.7524752475247525,0.6831683168316832,0.6237623762376238,0.5643564356435643,0.7128712871287128,0.62,0.67,0.67,0.6593663366336633,0.059525460625682994,15,0.5778048107505472,0.45441690646369004,0.6482933914306463,0.5936432185506927,0.4803760242356733,0.41164778576543287,0.5637773782281791,0.44886756859330695,0.5263278753235712,0.5506488443330549,0.5255803803674794,0.07104898793709345,5,0.7274961383181507,0.5879671676440826,0.7481783472464894,0.693507654423183,0.642230388452379,0.5768550843448922,0.7087827187426162,0.6278330319469559,0.6797709913233586,0.6788528822055139,0.6671474404647622,0.054333607686246774,15,,,,,,,,,,,,,1
19,0.250339412689209,0.011140086426160191,0.05441296100616455,0.006376829213304671,eigen,0.7000000000000001,"{'clf__solver': 'eigen', 'clf__shrinkage': 0.7000000000000001}",0.5929012345679012,0.48055555555555557,0.6652356902356902,0.6276353276353276,0.5103017353017353,0.4608305274971942,0.5844276094276094,0.4864197530864198,0.5314814814814814,0.585858585858586,0.55256475006475,0.06502876640896252,5,0.5683249451542134,0.4477263977263978,0.6404240820907487,0.589001739001739,0.4690055315055315,0.40125629050360234,0.5512626262626262,0.4455026455026455,0.5410781226570701,0.5333533750200417,0.5186935755424616,0.07117247913547994,17,0.7372483067122043,0.616002016002016,0.7522795136656523,0.727008964632727,0.6875508979469376,0.6261877800683294,0.7132313231323132,0.6661428571428571,0.7037078272604588,0.704966810966811,0.6934326297530307,0.04293884144957364,3,0.5929012345679012,0.48055555555555557,0.6652356902356902,0.6276353276353276,0.5103017353017353,0.4608305274971942,0.5844276094276094,0.4864197530864198,0.5314814814814814,0.585858585858586,0.55256475006475,0.06502876640896252,5,0.7227722772277227,0.5742574257425742,0.7524752475247525,0.6831683168316832,0.6237623762376238,0.5643564356435643,0.7128712871287128,0.62,0.67,0.67,0.6593663366336633,0.059525460625682994,15,0.5778048107505472,0.45441690646369004,0.6482933914306463,0.5936432185506927,0.4803760242356733,0.41164778576543287,0.5637773782281791,0.44886756859330695,0.5263278753235712,0.5506488443330549,0.5255803803674794,0.07104898793709345,5,0.7274961383181507,0.5879671676440826,0.7481783472464894,0.693507654423183,0.642230388452379,0.5768550843448922,0.7087827187426162,0.6278330319469559,0.6797709913233586,0.6788528822055139,0.6671474404647622,0.054333607686246774,15,,,,,,,,,,,,,1
20,0.2439591646194458,0.00800199287974135,0.05556948184967041,0.006260820183073804,lsqr,0.8,"{'clf__solver': 'lsqr', 'clf__shrinkage': 0.8}",0.5929012345679012,0.4745791245791246,0.6551346801346801,0.6621471121471121,0.5191401191401191,0.47682379349046017,0.5746071829405163,0.48852413019079677,0.5659932659932659,0.571969696969697,0.5581820340153674,0.06474564148212922,3,0.5673820608779958,0.4454915454915454,0.6144099727433061,0.6054816643051937,0.46827801827801824,0.42229484386347127,0.535484246256604,0.4476190476190476,0.5591642924976259,0.5269400352733685,0.5192545727206177,0.06579787361976847,15,0.7382517037552053,0.6116464393692116,0.7353849670681354,0.7315573186277904,0.6903797522609405,0.6315958066394874,0.7113235713815284,0.6585714285714286,0.7117905982905982,0.7092063492063493,0.6929707935170675,0.042265133432859155,5,0.5929012345679012,0.4745791245791246,0.6551346801346801,0.6621471121471121,0.5191401191401191,0.47682379349046017,0.5746071829405163,0.48852413019079677,0.5659932659932659,0.571969696969697,0.5581820340153674,0.06474564148212922,3,0.7227722772277227,0.5544554455445545,0.7128712871287128,0.6831683168316832,0.6138613861386139,0.5544554455445545,0.7128712871287128,0.61,0.67,0.66,0.6494455445544555,0.05996831500083038,19,0.5770858565021811,0.4510795923876092,0.6295103226475777,0.6163229298379989,0.4806502750947195,0.4284488048855865,0.5501408904946842,0.4524479271314714,0.5502303143479614,0.5401002848396743,0.5276017198169465,0.06739528551545988,3,0.7279957176878525,0.5749332130319722,0.7173909827957586,0.6938633729829372,0.6338421036440839,0.5731485400314352,0.7081635236961767,0.6214080771549126,0.681524649859944,0.6747895649399002,0.6607059745824974,0.05386442216411437,17,,,,,,,,,,,,,1
21,0.2581017971038818,0.02091762528705844,0.05219171047210693,0.00406473410149384,eigen,0.8,"{'clf__solver': 'eigen', 'clf__shrinkage': 0.8}",0.5929012345679012,0.4745791245791246,0.6551346801346801,0.6621471121471121,0.5191401191401191,0.47682379349046017,0.5746071829405163,0.48852413019079677,0.5659932659932659,0.571969696969697,0.5581820340153674,0.06474564148212922,3,0.5673820608779958,0.4454915454915454,0.6144099727433061,0.6054816643051937,0.46827801827801824,0.42229484386347127,0.535484246256604,0.4476190476190476,0.5591642924976259,0.5269400352733685,0.5192545727206177,0.06579787361976847,15,0.7382517037552053,0.6116464393692116,0.7353849670681354,0.7315573186277904,0.6903797522609405,0.6315958066394874,0.7113235713815284,0.6585714285714286,0.7117905982905982,0.7092063492063493,0.6929707935170675,0.042265133432859155,5,0.5929012345679012,0.4745791245791246,0.6551346801346801,0.6621471121471121,0.5191401191401191,0.47682379349046017,0.5746071829405163,0.48852413019079677,0.5659932659932659,0.571969696969697,0.5581820340153674,0.06474564148212922,3,0.7227722772277227,0.5544554455445545,0.7128712871287128,0.6831683168316832,0.6138613861386139,0.5544554455445545,0.7128712871287128,0.61,0.67,0.66,0.6494455445544555,0.05996831500083038,19,0.5770858565021811,0.4510795923876092,0.6295103226475777,0.6163229298379989,0.4806502750947195,0.4284488048855865,0.5501408904946842,0.4524479271314714,0.5502303143479614,0.5401002848396743,0.5276017198169465,0.06739528551545988,3,0.7279957176878525,0.5749332130319722,0.7173909827957586,0.6938633729829372,0.6338421036440839,0.5731485400314352,0.7081635236961767,0.6214080771549126,0.681524649859944,0.6747895649399002,0.6607059745824974,0.05386442216411437,17,,,,,,,,,,,,,1
22,0.2426398515701294,0.009824537725790262,0.05548815727233887,0.0032863337336539117,lsqr,0.9,"{'clf__solver': 'lsqr', 'clf__shrinkage': 0.9}",0.633641975308642,0.5015151515151515,0.650084175084175,0.6596218596218597,0.5393421393421394,0.5052749719416386,0.5670314253647587,0.46663860830527487,0.5144781144781145,0.5694444444444444,0.5607072865406199,0.06420832882062782,1,0.5634726384726384,0.4339506172839506,0.6007295173961841,0.5973470973470973,0.48011268566824117,0.44711768219832737,0.5309247445212357,0.4111500155617802,0.47419987419987425,0.5226625226625227,0.5061667395311852,0.06391857621590341,19,0.743984233588194,0.6171617161716171,0.7499607103567498,0.7286591296492287,0.6858979121355359,0.6319333546257851,0.7007349419152442,0.6296491596638656,0.6618183483183483,0.7162087912087912,0.6866008297633359,0.046713077549127804,15,0.633641975308642,0.5015151515151515,0.650084175084175,0.6596218596218597,0.5393421393421394,0.5052749719416386,0.5670314253647587,0.46663860830527487,0.5144781144781145,0.5694444444444444,0.5607072865406199,0.06420832882062782,1,0.6831683168316832,0.5247524752475248,0.693069306930693,0.6732673267326733,0.594059405940594,0.5643564356435643,0.6831683168316832,0.55,0.58,0.65,0.6195841584158416,0.060329500759544616,22,0.5857115822091666,0.44333857667191,0.6138539679561351,0.6072135207285898,0.49339075982268465,0.45764746509844545,0.5359953714017716,0.4178591518821404,0.4810997552174023,0.5323649190315857,0.5168475070019831,0.06592494561231449,15,0.6998950348928825,0.5517225853859516,0.7094982386341242,0.6852099801711286,0.6140898295060894,0.5808812012422963,0.6823834072545264,0.5689171262619539,0.6034485880838822,0.6685968253968254,0.6364642816829661,0.05594509197658299,22,,,,,,,,,,,,,1
23,0.24750678539276122,0.010652514381813359,0.056187987327575684,0.006149906629978569,eigen,0.9,"{'clf__solver': 'eigen', 'clf__shrinkage': 0.9}",0.633641975308642,0.5015151515151515,0.650084175084175,0.6596218596218597,0.5393421393421394,0.5052749719416386,0.5670314253647587,0.46663860830527487,0.5144781144781145,0.5694444444444444,0.5607072865406199,0.06420832882062782,1,0.5634726384726384,0.4339506172839506,0.6007295173961841,0.5973470973470973,0.48011268566824117,0.44711768219832737,0.5309247445212357,0.4111500155617802,0.47419987419987425,0.5226625226625227,0.5061667395311852,0.06391857621590341,19,0.743984233588194,0.6171617161716171,0.7499607103567498,0.7286591296492287,0.6858979121355359,0.6319333546257851,0.7007349419152442,0.6296491596638656,0.6618183483183483,0.7162087912087912,0.6866008297633359,0.046713077549127804,15,0.633641975308642,0.5015151515151515,0.650084175084175,0.6596218596218597,0.5393421393421394,0.5052749719416386,0.5670314253647587,0.46663860830527487,0.5144781144781145,0.5694444444444444,0.5607072865406199,0.06420832882062782,1,0.6831683168316832,0.5247524752475248,0.693069306930693,0.6732673267326733,0.594059405940594,0.5643564356435643,0.6831683168316832,0.55,0.58,0.65,0.6195841584158416,0.060329500759544616,22,0.5857115822091666,0.44333857667191,0.6138539679561351,0.6072135207285898,0.49339075982268465,0.45764746509844545,0.5359953714017716,0.4178591518821404,0.4810997552174023,0.5323649190315857,0.5168475070019831,0.06592494561231449,15,0.6998950348928825,0.5517225853859516,0.7094982386341242,0.6852099801711286,0.6140898295060894,0.5808812012422963,0.6823834072545264,0.5689171262619539,0.6034485880838822,0.6685968253968254,0.6364642816829661,0.05594509197658299,22,,,,,,,,,,,,,1
24,0.24161617755889891,0.011702907435641391,0.05409712791442871,0.007578456484472839,lsqr,1.0,"{'clf__solver': 'lsqr', 'clf__shrinkage': 1.0}",0.5629629629629629,0.39494949494949494,0.5825757575757575,0.5660580160580161,0.5309246309246309,0.4828282828282828,0.4368967452300786,0.4211840628507295,0.433361391694725,0.5134680134680134,0.49252093585426915,0.06456799626717354,23,0.4896893230226564,0.35685425685425687,0.516347849681183,0.4813347763347763,0.44968734968734964,0.41865881032547697,0.4015025098358431,0.4013022538384857,0.380039591185102,0.47912958725315696,0.43745463080182867,0.05050767359442099,24,0.6949139968941949,0.5455431257411456,0.692910939445593,0.6670901375851871,0.6434872058634435,0.6064849342077064,0.6208192797301709,0.6130244465679248,0.5939938420712415,0.6928951454723766,0.6371163053578984,0.04746935643539011,24,0.5629629629629629,0.39494949494949494,0.5825757575757575,0.5660580160580161,0.5309246309246309,0.4828282828282828,0.4368967452300786,0.4211840628507295,0.433361391694725,0.5134680134680134,0.49252093585426915,0.06456799626717354,23,0.5346534653465347,0.40594059405940597,0.6039603960396039,0.5544554455445545,0.5148514851485149,0.504950495049505,0.504950495049505,0.45,0.43,0.53,0.5033762376237624,0.056812661977110344,24,0.4904773670619499,0.3449993304482468,0.5324248862185775,0.49878658155919936,0.4577505171326681,0.4236266170476697,0.3943589743589743,0.37653960191273617,0.3763564213564214,0.4634340084091328,0.43587543055055755,0.05890190536876471,24,0.5663882363703916,0.4409943733120633,0.6273348197077654,0.579347676769741,0.5348744846320577,0.5324097823316166,0.5386536345942288,0.4886456081232201,0.4565345598845599,0.5672309965324891,0.5332414172258133,0.05445021080465717,24,,,,,,,,,,,,,1
25,0.2381509065628052,0.014629411895104283,0.05114595890045166,0.0053123125883153734,eigen,1.0,"{'clf__solver': 'eigen', 'clf__shrinkage': 1.0}",0.5629629629629629,0.39494949494949494,0.5825757575757575,0.5660580160580161,0.5309246309246309,0.4828282828282828,0.4368967452300786,0.4211840628507295,0.433361391694725,0.5134680134680134,0.49252093585426915,0.06456799626717354,23,0.4896893230226564,0.35685425685425687,0.516347849681183,0.4813347763347763,0.44968734968734964,0.41865881032547697,0.4015025098358431,0.4013022538384857,0.380039591185102,0.47912958725315696,0.43745463080182867,0.05050767359442099,24,0.6949139968941949,0.5455431257411456,0.692910939445593,0.6670901375851871,0.6434872058634435,0.6064849342077064,0.6208192797301709,0.6130244465679248,0.5939938420712415,0.6928951454723766,0.6371163053578984,0.04746935643539011,24,0.5629629629629629,0.39494949494949494,0.5825757575757575,0.5660580160580161,0.5309246309246309,0.4828282828282828,0.4368967452300786,0.4211840628507295,0.433361391694725,0.5134680134680134,0.49252093585426915,0.06456799626717354,23,0.5346534653465347,0.40594059405940597,0.6039603960396039,0.5544554455445545,0.5148514851485149,0.504950495049505,0.504950495049505,0.45,0.43,0.53,0.5033762376237624,0.056812661977110344,24,0.4904773670619499,0.3449993304482468,0.5324248862185775,0.49878658155919936,0.4577505171326681,0.4236266170476697,0.3943589743589743,0.37653960191273617,0.3763564213564214,0.4634340084091328,0.43587543055055755,0.05890190536876471,24,0.5663882363703916,0.4409943733120633,0.6273348197077654,0.579347676769741,0.5348744846320577,0.5324097823316166,0.5386536345942288,0.4886456081232201,0.4565345598845599,0.5672309965324891,0.5332414172258133,0.05445021080465717,24,,,,,,,,,,,,,1
