mean_fit_time,std_fit_time,mean_score_time,std_score_time,param_reduce_dim__percentile,param_clf__n_estimators,param_clf__min_samples_split,param_clf__max_features,param_clf__max_depth,param_clf__class_weight,param_clf__bootstrap,params,split0_test_balanced_accuracy,split1_test_balanced_accuracy,split2_test_balanced_accuracy,split3_test_balanced_accuracy,split4_test_balanced_accuracy,split5_test_balanced_accuracy,split6_test_balanced_accuracy,split7_test_balanced_accuracy,split8_test_balanced_accuracy,split9_test_balanced_accuracy,mean_test_balanced_accuracy,std_test_balanced_accuracy,rank_test_balanced_accuracy,split0_test_precision_macro,split1_test_precision_macro,split2_test_precision_macro,split3_test_precision_macro,split4_test_precision_macro,split5_test_precision_macro,split6_test_precision_macro,split7_test_precision_macro,split8_test_precision_macro,split9_test_precision_macro,mean_test_precision_macro,std_test_precision_macro,rank_test_precision_macro,split0_test_precision_weighted,split1_test_precision_weighted,split2_test_precision_weighted,split3_test_precision_weighted,split4_test_precision_weighted,split5_test_precision_weighted,split6_test_precision_weighted,split7_test_precision_weighted,split8_test_precision_weighted,split9_test_precision_weighted,mean_test_precision_weighted,std_test_precision_weighted,rank_test_precision_weighted,split0_test_recall_macro,split1_test_recall_macro,split2_test_recall_macro,split3_test_recall_macro,split4_test_recall_macro,split5_test_recall_macro,split6_test_recall_macro,split7_test_recall_macro,split8_test_recall_macro,split9_test_recall_macro,mean_test_recall_macro,std_test_recall_macro,rank_test_recall_macro,split0_test_recall_weighted,split1_test_recall_weighted,split2_test_recall_weighted,split3_test_recall_weighted,split4_test_recall_weighted,split5_test_recall_weighted,split6_test_recall_weighted,split7_test_recall_weighted,split8_test_recall_weighted,split9_test_recall_weighted,mean_test_recall_weighted,std_test_recall_weighted,rank_test_recall_weighted,split0_test_f1_macro,split1_test_f1_macro,split2_test_f1_macro,split3_test_f1_macro,split4_test_f1_macro,split5_test_f1_macro,split6_test_f1_macro,split7_test_f1_macro,split8_test_f1_macro,split9_test_f1_macro,mean_test_f1_macro,std_test_f1_macro,rank_test_f1_macro,split0_test_f1_weighted,split1_test_f1_weighted,split2_test_f1_weighted,split3_test_f1_weighted,split4_test_f1_weighted,split5_test_f1_weighted,split6_test_f1_weighted,split7_test_f1_weighted,split8_test_f1_weighted,split9_test_f1_weighted,mean_test_f1_weighted,std_test_f1_weighted,rank_test_f1_weighted,split0_test_auc_macro,split1_test_auc_macro,split2_test_auc_macro,split3_test_auc_macro,split4_test_auc_macro,split5_test_auc_macro,split6_test_auc_macro,split7_test_auc_macro,split8_test_auc_macro,split9_test_auc_macro,mean_test_auc_macro,std_test_auc_macro,rank_test_auc_macro
8.97155270576477,0.3450820626454155,0.1877288341522217,0.02227164263036678,95,500,2,50,,balanced_subsample,True,"{'reduce_dim__percentile': 95, 'clf__n_estimators': 500, 'clf__min_samples_split': 2, 'clf__max_features': 50, 'clf__max_depth': None, 'clf__class_weight': 'balanced_subsample', 'clf__bootstrap': True}",0.44753086419753085,0.36557239057239055,0.5741582491582492,0.6172494172494173,0.5012561512561512,0.4207631874298541,0.42643097643097644,0.47247474747474744,0.48675645342312013,0.5021043771043772,0.48142968142968134,0.07017977479335356,45,0.6960331741033495,0.5574597196066122,0.7741830065359477,0.7148972720401292,0.7950102880658437,0.7515416100321761,0.6946853593405318,0.8217635732255615,0.6594382197323374,0.8177840677840679,0.7282796290466557,0.07753553407335825,3,0.7255464123624624,0.5942645111968824,0.7688539442179513,0.752292780298438,0.7476393472680601,0.7001019249758273,0.7068326660252232,0.7732352248141722,0.705422969187675,0.7447252747252747,0.7218915055071966,0.049218891920180696,12,0.44753086419753085,0.36557239057239055,0.5741582491582492,0.6172494172494173,0.5012561512561512,0.4207631874298541,0.42643097643097644,0.47247474747474744,0.48675645342312013,0.5021043771043772,0.48142968142968134,0.07017977479335356,45,0.7029702970297029,0.6138613861386139,0.7524752475247525,0.7722772277227723,0.7326732673267327,0.6633663366336634,0.693069306930693,0.73,0.7,0.72,0.708069306930693,0.04302650086275319,8,0.46196078431372556,0.3736332641466216,0.5884261306861925,0.6385722600776362,0.509572916592621,0.4092811274254573,0.4371718080157978,0.4817360040762164,0.49341366885226534,0.5252364919031586,0.49190044560896923,0.07554053746700931,45,0.6591690933799262,0.5636114074878911,0.7270628522383421,0.7514586694401449,0.6905065946425747,0.6221439463533983,0.6551724844500414,0.6842269158077612,0.6757506645401382,0.6899126984126984,0.6719015326752917,0.049853721193384284,34,,,,,,,,,,,,,1
9.02711374759674,0.20476874505274728,0.200905704498291,0.017166074384532846,95,500,16,50,,balanced_subsample,True,"{'reduce_dim__percentile': 95, 'clf__n_estimators': 500, 'clf__min_samples_split': 16, 'clf__max_features': 50, 'clf__max_depth': None, 'clf__class_weight': 'balanced_subsample', 'clf__bootstrap': True}",0.5074074074074074,0.46279461279461276,0.6175084175084176,0.6659026159026159,0.5638370888370888,0.48066778900112234,0.4735409652076319,0.6109427609427609,0.5738776655443322,0.6287878787878788,0.5585267201933869,0.06929556920490877,29,0.604912473263537,0.5507686932215234,0.6416229478244982,0.6715266578011677,0.6568362731153428,0.5509499759499759,0.5802469135802469,0.7989469862018882,0.6491301907968574,0.6987758928815839,0.6403717004636621,0.07125619393734917,8,0.7278255941095628,0.6307366585715176,0.7525438590370664,0.7633270890114222,0.757334460765269,0.6743217178860743,0.6844334433443344,0.8089183006535947,0.7027272727272728,0.7691005877591245,0.7271268983865239,0.05081202911709121,8,0.5074074074074074,0.46279461279461276,0.6175084175084176,0.6659026159026159,0.5638370888370888,0.48066778900112234,0.4735409652076319,0.6109427609427609,0.5738776655443322,0.6287878787878788,0.5585267201933869,0.06929556920490877,29,0.7227722772277227,0.6534653465346535,0.7524752475247525,0.7722772277227723,0.7326732673267327,0.6534653465346535,0.693069306930693,0.76,0.7,0.75,0.719019801980198,0.0405280421893967,2,0.5166168238632006,0.4871139848230341,0.6177359420387545,0.6589867007559665,0.5493769406023805,0.4503454385732545,0.46909225757786455,0.6001369009970328,0.5863115279781945,0.6047150805402253,0.5540431597749909,0.06683960897098562,5,0.7057800189956884,0.6288690951342784,0.7461606707575544,0.7616600258363203,0.7208586951964353,0.636490167486837,0.6707022391851201,0.7401544053260442,0.6931904761904762,0.7412761879122359,0.704514198202099,0.04417172517972578,1,,,,,,,,,,,,,1
8.24002730846405,0.1035373086081686,0.21229031085968017,0.02476696089164104,95,500,33,50,,balanced_subsample,True,"{'reduce_dim__percentile': 95, 'clf__n_estimators': 500, 'clf__min_samples_split': 33, 'clf__max_features': 50, 'clf__max_depth': None, 'clf__class_weight': 'balanced_subsample', 'clf__bootstrap': True}",0.5435185185185185,0.47356902356902353,0.6210437710437711,0.6868168868168868,0.6298756798756799,0.5258136924803591,0.5576879910213243,0.6172558922558923,0.5271604938271605,0.6035353535353535,0.578627730294397,0.060323752652811535,12,0.5803742009624363,0.47326007326007324,0.6159056992390325,0.6063677313677314,0.5627081627081627,0.5768316650669593,0.5448246198246198,0.7104108309990662,0.5395638312304979,0.5458797375464042,0.5756126552204984,0.05876917116156266,28,0.7095489833404801,0.6245312443332245,0.7365346424752366,0.752104264480502,0.7486409451755988,0.6793134064537676,0.7126869005581877,0.7966722689075629,0.6984981684981685,0.7174156954156955,0.7175946519638423,0.04398472067842714,16,0.5435185185185185,0.47356902356902353,0.6210437710437711,0.6868168868168868,0.6298756798756799,0.5258136924803591,0.5576879910213243,0.6172558922558923,0.5271604938271605,0.6035353535353535,0.578627730294397,0.060323752652811535,12,0.7029702970297029,0.6039603960396039,0.7326732673267327,0.7425742574257426,0.7326732673267327,0.6138613861386139,0.7029702970297029,0.74,0.66,0.71,0.6941683168316831,0.04854758342175787,15,0.5351629171169401,0.4637640360531926,0.6065351112126449,0.639473379483126,0.5840888228802459,0.4867567283127923,0.5432524712962469,0.5717168399927021,0.5146455750344991,0.5679875166900533,0.5513383398072442,0.051081277461639915,7,0.6940344273154105,0.6071236568910433,0.7275200220390415,0.7411335953979692,0.7314516581148507,0.6152766896877281,0.7031109130064852,0.7282446633825944,0.6643962644837722,0.7092683683988884,0.6921560258717783,0.04563316960518828,12,,,,,,,,,,,,,1
27.236454439163207,1.9187168945686195,0.2501554489135742,0.014060945595003031,95,500,2,181,,balanced_subsample,True,"{'reduce_dim__percentile': 95, 'clf__n_estimators': 500, 'clf__min_samples_split': 2, 'clf__max_features': 181, 'clf__max_depth': None, 'clf__class_weight': 'balanced_subsample', 'clf__bootstrap': True}",0.5077160493827161,0.36742424242424243,0.6197811447811448,0.6311383061383062,0.5151450401450401,0.43633557800224465,0.4634680134680134,0.5632154882154882,0.49349046015712683,0.47895622895622897,0.5076670551670552,0.0766102726895872,44,0.8177146927146928,0.5660493827160494,0.7217400277683965,0.8226744364851782,0.7421605174056155,0.6954322132893561,0.712086987086987,0.8464634436770659,0.7694871794871795,0.7791539735984181,0.747296285422894,0.07709838255202629,1,0.7707358647952707,0.5986798679867986,0.7703394959556745,0.8042252160912109,0.7519861124767939,0.6606962109083749,0.7183195517353933,0.8063434150988331,0.7306884615384616,0.7187614237614237,0.7330775620348235,0.06109358829666169,4,0.5077160493827161,0.36742424242424243,0.6197811447811448,0.6311383061383062,0.5151450401450401,0.43633557800224465,0.4634680134680134,0.5632154882154882,0.49349046015712683,0.47895622895622897,0.5076670551670552,0.0766102726895872,44,0.7425742574257426,0.6138613861386139,0.7722772277227723,0.7821782178217822,0.7425742574257426,0.6336633663366337,0.7029702970297029,0.76,0.7,0.7,0.715009900990099,0.053645738948427335,4,0.5403314526299651,0.37982191527083164,0.6375644084794412,0.6435997400909682,0.5105957626508496,0.43268949091529735,0.46742568788604594,0.5973052168667434,0.4983911674226561,0.49454697821157445,0.5202271820424372,0.08168693326878582,44,0.7068886699259681,0.5661824243867587,0.7583307910622995,0.7626698760101575,0.7063759236034561,0.603940845697473,0.6696025758951489,0.7356739880773244,0.6761447170183635,0.6674209405501331,0.6853230752227083,0.060187698608345906,20,,,,,,,,,,,,,1
26.623310136795045,0.35961568788979653,0.2527792453765869,0.01610596657007124,95,500,16,181,,balanced_subsample,True,"{'reduce_dim__percentile': 95, 'clf__n_estimators': 500, 'clf__min_samples_split': 16, 'clf__max_features': 181, 'clf__max_depth': None, 'clf__class_weight': 'balanced_subsample', 'clf__bootstrap': True}",0.4864197530864198,0.4693602693602694,0.6122053872053872,0.6492359492359492,0.5751618751618752,0.5182659932659932,0.5501402918069584,0.6214365881032548,0.5713524130190797,0.563973063973064,0.561755158421825,0.05502290912280426,23,0.584870059134765,0.49903198653198644,0.6281746031746032,0.7914462081128747,0.5558391221181919,0.4912795912795913,0.6268660968660968,0.7961538461538462,0.6558281224947892,0.6353615520282188,0.6264851187894964,0.09909084019156221,9,0.7001050420168067,0.6036003600360036,0.7368222536539368,0.7915291529152915,0.7303733031110421,0.6610643303712611,0.7177189642041126,0.8082606837606836,0.7164935064935065,0.7305555555555556,0.7196523152118199,0.05553626731117484,14,0.4864197530864198,0.4693602693602694,0.6122053872053872,0.6492359492359492,0.5751618751618752,0.5182659932659932,0.5501402918069584,0.6214365881032548,0.5713524130190797,0.563973063973064,0.561755158421825,0.05502290912280426,23,0.7029702970297029,0.6237623762376238,0.7425742574257426,0.7623762376237624,0.7425742574257426,0.6534653465346535,0.7227722772277227,0.77,0.69,0.72,0.713049504950495,0.0444050476195301,5,0.4918812397863194,0.47641984725635894,0.6100199422550845,0.6499158339368392,0.5632140696569008,0.49200868080010385,0.5631922495869277,0.6148339502315191,0.5878270461759011,0.5418018611406664,0.5591114720826622,0.05564205555638511,2,0.6785253386295249,0.6081986426821827,0.7344961074180507,0.74862204042717,0.7346032373525141,0.6468703977910162,0.7090564578500155,0.7532422508667515,0.6944905007716461,0.7081314485484117,0.7016236422337283,0.04410186254251277,2,,,,,,,,,,,,,1
24.240483689308167,0.25556007007007286,0.25248782634735106,0.020703484126305592,95,500,33,181,,balanced_subsample,True,"{'reduce_dim__percentile': 95, 'clf__n_estimators': 500, 'clf__min_samples_split': 33, 'clf__max_features': 181, 'clf__max_depth': None, 'clf__class_weight': 'balanced_subsample', 'clf__bootstrap': True}",0.49783950617283945,0.4760942760942761,0.6439393939393939,0.703949753949754,0.6046231546231546,0.47612233445566776,0.6033108866442201,0.6298540965207633,0.5545173961840628,0.6506734006734007,0.5840924199257532,0.0754326487523209,5,0.5004564788878514,0.4798361078848884,0.6246438746438746,0.6256271869016967,0.5521421479754812,0.448668615335282,0.5598863873254118,0.7189814814814814,0.5390637890637892,0.6122397745204763,0.5661545844020233,0.07679682023721286,40,0.6741011916317683,0.6223088510941686,0.7451129728357452,0.7577272433125665,0.7311824451675937,0.6461596709121462,0.7183956247407106,0.7888333333333334,0.6949261211761211,0.7537011088326878,0.7132448563036842,0.050329370179356625,25,0.49783950617283945,0.4760942760942761,0.6439393939393939,0.703949753949754,0.6046231546231546,0.47612233445566776,0.6033108866442201,0.6298540965207633,0.5545173961840628,0.6506734006734007,0.5840924199257532,0.0754326487523209,5,0.693069306930693,0.6138613861386139,0.7425742574257426,0.7524752475247525,0.7227722772277227,0.594059405940594,0.7128712871287128,0.74,0.65,0.73,0.6951683168316831,0.05358014444948359,13,0.4865815075416157,0.4657346773715061,0.6248811440840427,0.6574273249969844,0.5690898250130161,0.4512831926104237,0.5688495600260306,0.593984533984534,0.5347523371488513,0.622318637339403,0.5574902740116408,0.0675064254595863,3,0.6738844604207205,0.6098420533152498,0.7385865294603996,0.7469003158608652,0.7207964871660804,0.6066385507462155,0.709123055162659,0.7319798534798535,0.660145865753709,0.734586492055102,0.6932483663420854,0.05008249571414777,6,,,,,,,,,,,,,1
38.37195630073548,0.6151027145487606,0.26464617252349854,0.006840225126360764,95,500,2,,,balanced_subsample,True,"{'reduce_dim__percentile': 95, 'clf__n_estimators': 500, 'clf__min_samples_split': 2, 'clf__max_features': None, 'clf__max_depth': None, 'clf__class_weight': 'balanced_subsample', 'clf__bootstrap': True}",0.5077160493827161,0.36557239057239055,0.5697811447811447,0.6656500906500907,0.5151450401450401,0.4459034792368126,0.4773569023569023,0.5879068462401796,0.5073793490460158,0.5437710437710438,0.5186182336182337,0.07767868588925367,43,0.7343067426400761,0.5598765432098766,0.6668019059475642,0.8178069207480971,0.7421605174056155,0.7260032127053404,0.727960002960003,0.8540350877192983,0.7770186163043307,0.7923728413924492,0.7398342391032651,0.07832707648467409,2,0.7565202674113565,0.5931793179317931,0.7377796002889605,0.8055427391478643,0.7519861124767939,0.6980653290954534,0.7296349689914046,0.8188912280701754,0.7387856786071072,0.7439652830829302,0.7374350525103839,0.0585788908129325,1,0.5077160493827161,0.36557239057239055,0.5697811447811447,0.6656500906500907,0.5151450401450401,0.4459034792368126,0.4773569023569023,0.5879068462401796,0.5073793490460158,0.5437710437710438,0.5186182336182337,0.07767868588925367,43,0.7425742574257426,0.6138613861386139,0.7425742574257426,0.7821782178217822,0.7425742574257426,0.6633663366336634,0.7128712871287128,0.78,0.71,0.73,0.7219999999999999,0.04866057725959825,1,0.5204900729091939,0.374998603429976,0.5852322600032474,0.6728044859623806,0.5105957626508496,0.41446695816261037,0.4822405027008608,0.6256981865080697,0.509732624024624,0.5494965603836246,0.5245756016735437,0.08556854416089904,40,0.709809334294151,0.562646038359492,0.7241183229753976,0.7670517427682619,0.7063759236034561,0.6269774822680548,0.6801636320007594,0.7623591597146847,0.6861754622372558,0.7012649834304431,0.6926942081651957,0.05775294140264495,8,,,,,,,,,,,,,1
36.03841896057129,0.5166930033550655,0.2587883949279785,0.01296333834728859,95,500,16,,,balanced_subsample,True,"{'reduce_dim__percentile': 95, 'clf__n_estimators': 500, 'clf__min_samples_split': 16, 'clf__max_features': None, 'clf__max_depth': None, 'clf__class_weight': 'balanced_subsample', 'clf__bootstrap': True}",0.4864197530864198,0.4665824915824916,0.5760942760942762,0.658074333074333,0.5612729862729863,0.4898148148148148,0.5501402918069584,0.6090909090909091,0.5595679012345679,0.5816498316498316,0.5538707588707589,0.0561662015912878,30,0.5799317875298269,0.5147644242882338,0.5904476605456996,0.7849647266313933,0.5419081456872155,0.48741679991679987,0.6268660968660968,0.7912698412698412,0.5831489498156164,0.5337680837680838,0.6034486516318808,0.09993913460877492,16,0.6965846899816032,0.6105835073303248,0.7140823326030082,0.7852113782806852,0.7181733331140424,0.6499561394363375,0.7177189642041126,0.8038650793650792,0.6768354978354979,0.7084022644022643,0.7081413186552955,0.05417307497052188,35,0.4864197530864198,0.4665824915824916,0.5760942760942762,0.658074333074333,0.5612729862729863,0.4898148148148148,0.5501402918069584,0.6090909090909091,0.5595679012345679,0.5816498316498316,0.5538707588707589,0.0561662015912878,30,0.7029702970297029,0.6237623762376238,0.7128712871287128,0.7524752475247525,0.7326732673267327,0.6435643564356436,0.7227722772277227,0.76,0.67,0.73,0.7051089108910891,0.04318612131697485,9,0.49266331899977117,0.4816424082600277,0.575090450507923,0.6521214448633804,0.5495636441038739,0.4599217622317037,0.5631922495869277,0.5987928254947422,0.5618027136590987,0.5540006018116106,0.5488791419519059,0.05461719122772026,9,0.6790828604450548,0.6105758955529501,0.7085327808622714,0.7407209845408503,0.723530973787034,0.6315503102267042,0.7090564578500155,0.7399590847574984,0.6685548013797709,0.7161841070488828,0.6927748256451032,0.042203925348312105,7,,,,,,,,,,,,,1
31.91091094017029,1.6217110868547635,0.2510698318481445,0.022889362882442976,95,500,33,,,balanced_subsample,True,"{'reduce_dim__percentile': 95, 'clf__n_estimators': 500, 'clf__min_samples_split': 33, 'clf__max_features': None, 'clf__max_depth': None, 'clf__class_weight': 'balanced_subsample', 'clf__bootstrap': True}",0.5092592592592592,0.4714646464646465,0.6328282828282829,0.7064750064750065,0.621037296037296,0.4748877665544332,0.6033108866442201,0.6175084175084176,0.5566217732884399,0.6506734006734007,0.5844066735733403,0.07456603350737163,2,0.5003367003367004,0.4832348960255938,0.6164021164021164,0.7587906533984966,0.5658970658970658,0.4348563564249839,0.5599486932820266,0.7152777777777778,0.5323700990367657,0.5650056983390317,0.5732120056920559,0.09539460595054251,31,0.6803930393039304,0.6136640242097299,0.7366808109382366,0.8012106457068601,0.74004543311474,0.6362090960227245,0.7111439715400111,0.7855,0.6876776556776558,0.7511541671541672,0.7143678843668055,0.05765326750428561,23,0.5092592592592592,0.4714646464646465,0.6328282828282829,0.7064750064750065,0.621037296037296,0.4748877665544332,0.6033108866442201,0.6175084175084176,0.5566217732884399,0.6506734006734007,0.5844066735733403,0.07456603350737163,2,0.693069306930693,0.6138613861386139,0.7326732673267327,0.7623762376237624,0.7425742574257426,0.594059405940594,0.7128712871287128,0.73,0.64,0.73,0.695148514851485,0.05549099975507968,14,0.4953615901368711,0.46728483252984154,0.6157530740864074,0.6707842770478936,0.586702049240749,0.44710203602652115,0.5706352935035105,0.5784289784289783,0.5286333789384895,0.594918208132289,0.5555603718071551,0.0663878883740817,4,0.6788463066580768,0.6073655011140412,0.7298433140017299,0.7544104737271113,0.7372435164790252,0.6045022287829911,0.7070643110822712,0.7191336996336996,0.6475700119864879,0.7315093638235021,0.6917488727288935,0.05183009896456843,13,,,,,,,,,,,,,1
7.99698703289032,2.172254379787539,0.23441150188446044,0.04135058593998322,95,500,2,50,4,balanced_subsample,True,"{'reduce_dim__percentile': 95, 'clf__n_estimators': 500, 'clf__min_samples_split': 2, 'clf__max_features': 50, 'clf__max_depth': 4, 'clf__class_weight': 'balanced_subsample', 'clf__bootstrap': True}",0.5138888888888888,0.4321548821548822,0.6481481481481481,0.6558404558404559,0.5646788396788397,0.4674803591470258,0.6567620650953985,0.5851851851851851,0.5078002244668911,0.6216329966329965,0.5653572045238711,0.07761540468076775,21,0.5833148763381321,0.4379072681704261,0.634212765791713,0.685064935064935,0.5924553841220508,0.5342382154882155,0.6377032520325203,0.6705942205942207,0.5068502485169152,0.5787934787934786,0.5861134644912608,0.07276252494866295,25,0.7148010482111334,0.5973771061316657,0.7493124384734597,0.762054776906262,0.7542674597130044,0.6717354427750467,0.7609454238106738,0.7583278388278387,0.6593290043290044,0.718966231966232,0.7147116771144322,0.05267150895164537,22,0.5138888888888888,0.4321548821548822,0.6481481481481481,0.6558404558404559,0.5646788396788397,0.4674803591470258,0.6567620650953985,0.5851851851851851,0.5078002244668911,0.6216329966329965,0.5653572045238711,0.07761540468076775,21,0.7029702970297029,0.5643564356435643,0.7425742574257426,0.7227722772277227,0.693069306930693,0.5841584158415841,0.7425742574257426,0.67,0.61,0.69,0.6722475247524752,0.061169452277843525,35,0.5081706402759034,0.4130250713163525,0.6261493392626822,0.6056739069896965,0.5067250550697553,0.43178198020303277,0.6286591404238462,0.5377886002886003,0.48765019782119495,0.587165444475386,0.5332789376126451,0.0735306471834645,33,0.6891053275368023,0.5643855552756452,0.7363062733820009,0.7130970991836025,0.6862531348363563,0.5912846923790124,0.7419927286846333,0.6708311688311689,0.6177351722228471,0.6947829295460873,0.6705774081878156,0.057236077792630985,36,,,,,,,,,,,,,1
6.375025010108947,0.28792748482073593,0.21970655918121337,0.045849539923878586,95,500,16,50,4,balanced_subsample,True,"{'reduce_dim__percentile': 95, 'clf__n_estimators': 500, 'clf__min_samples_split': 16, 'clf__max_features': 50, 'clf__max_depth': 4, 'clf__class_weight': 'balanced_subsample', 'clf__bootstrap': True}",0.5345679012345679,0.44326599326599325,0.6481481481481481,0.6903133903133903,0.6102628852628853,0.4859988776655444,0.6567620650953985,0.5851851851851851,0.4913860830527498,0.6287878787878787,0.5774678408011742,0.07963252945447818,14,0.5897546897546896,0.45125503151818946,0.6275613775613775,0.6963783493195259,0.6205535749653397,0.5572115384615385,0.6392745202704552,0.6705942205942207,0.45765993265993266,0.579157067753559,0.5889400302858828,0.07780081932988349,23,0.7110625348249111,0.6111999169841796,0.7562370285142561,0.7756447493488845,0.7689574839836926,0.6791507996953541,0.7638857178400768,0.7583278388278387,0.6307272727272727,0.7171539074960127,0.7172347250242479,0.05629255829777105,17,0.5345679012345679,0.44326599326599325,0.6481481481481481,0.6903133903133903,0.6102628852628853,0.4859988776655444,0.6567620650953985,0.5851851851851851,0.4913860830527498,0.6287878787878787,0.5774678408011742,0.07963252945447818,14,0.693069306930693,0.5742574257425742,0.7425742574257426,0.7326732673267327,0.7128712871287128,0.594059405940594,0.7425742574257426,0.67,0.59,0.7,0.6752079207920791,0.062285242444183785,32,0.532056139528719,0.4256538810466115,0.6232851704093535,0.6260211005714003,0.5422192513368984,0.4458284600389864,0.628322440087146,0.5377886002886003,0.4595754505814466,0.5927358063671807,0.5413486300256343,0.07306443889621649,24,0.6882150364383974,0.5766323604626139,0.7392207343983697,0.7228377372809137,0.7038785559228193,0.5955867391250405,0.7422927586876334,0.6708311688311689,0.5953573807937566,0.7009481878963936,0.6735800659837108,0.05911497794482217,30,,,,,,,,,,,,,1
6.324349474906922,0.4807590363516056,0.20542771816253663,0.0325464043733339,95,500,33,50,4,balanced_subsample,True,"{'reduce_dim__percentile': 95, 'clf__n_estimators': 500, 'clf__min_samples_split': 33, 'clf__max_features': 50, 'clf__max_depth': 4, 'clf__class_weight': 'balanced_subsample', 'clf__bootstrap': True}",0.5691358024691358,0.4382154882154883,0.6481481481481481,0.6766770266770267,0.6127881377881378,0.5214927048260382,0.6542368125701459,0.5801346801346802,0.5284231200897868,0.632996632996633,0.5862248553915221,0.07021546382699032,1,0.5916666666666666,0.40498236331569665,0.6275613775613775,0.5731035848682908,0.6275830197398825,0.5492343304843305,0.6020342312008978,0.5419293182451077,0.599846417390277,0.5828563411896746,0.5700797650662202,0.06135178248257511,35,0.7243399339933994,0.5890303316045891,0.7562370285142561,0.7260505462310938,0.7759540659948349,0.684025133282559,0.7531878187818782,0.733389724310777,0.6636570972886763,0.7237474747474747,0.7129619154749538,0.05188507000700844,26,0.5691358024691358,0.4382154882154883,0.6481481481481481,0.6766770266770267,0.6127881377881378,0.5214927048260382,0.6542368125701459,0.5801346801346802,0.5284231200897868,0.632996632996633,0.5862248553915221,0.07021546382699032,1,0.7029702970297029,0.5544554455445545,0.7425742574257426,0.7128712871287128,0.7227722772277227,0.6039603960396039,0.7326732673267327,0.65,0.6,0.69,0.671227722772277,0.061888256230001125,36,0.5514838630008909,0.40419463409481554,0.6232851704093535,0.6132510764089711,0.5503488649268701,0.4636302878408141,0.6120448179271708,0.5180514825676116,0.49573065340331607,0.5967467068344261,0.542876755741424,0.06898256882730178,21,0.6999861667519457,0.5564382105827902,0.7392207343983697,0.7070925600368018,0.7159053163965675,0.6049481038329396,0.7325969991957179,0.6577163803937996,0.6037700792064549,0.6992485380116957,0.6716923088807082,0.05965264241494145,35,,,,,,,,,,,,,1
15.338806247711181,1.6962580252118264,0.24935708045959473,0.024398326058859016,95,500,2,181,4,balanced_subsample,True,"{'reduce_dim__percentile': 95, 'clf__n_estimators': 500, 'clf__min_samples_split': 2, 'clf__max_features': 181, 'clf__max_depth': 4, 'clf__class_weight': 'balanced_subsample', 'clf__bootstrap': True}",0.5120370370370371,0.42500000000000004,0.6203703703703703,0.631054131054131,0.536862211862212,0.45415263748597084,0.632631874298541,0.5765993265993266,0.516638608305275,0.587121212121212,0.5492467409134076,0.06925901370958787,40,0.630957005957006,0.4333028083028083,0.5962291295624629,0.7137382597908913,0.4796296296296297,0.5191257816257816,0.6083177715530658,0.6960355800935512,0.4944081336238198,0.5404926457558036,0.5712236745894821,0.0885599134950759,33,0.7175044427519675,0.5812570268015812,0.7368932260021369,0.7544609724130308,0.7002750275027503,0.6479383652650978,0.7340294533655046,0.7642977915804003,0.6224117647058823,0.7003508771929826,0.6959418947581335,0.057088949176056426,44,0.5120370370370371,0.42500000000000004,0.6203703703703703,0.631054131054131,0.536862211862212,0.45415263748597084,0.632631874298541,0.5765993265993266,0.516638608305275,0.587121212121212,0.5492467409134076,0.06925901370958787,40,0.7029702970297029,0.5544554455445545,0.7227722772277227,0.7029702970297029,0.6831683168316832,0.5643564356435643,0.7128712871287128,0.67,0.58,0.69,0.6583564356435643,0.06214959926622265,41,0.504131304380778,0.40954515294980604,0.5975441648644263,0.6008808848721129,0.49890832508950694,0.41670480549199085,0.6003415103415103,0.5463203463203463,0.48965355632022306,0.5541178333861261,0.5218147884016827,0.06732100510439101,43,0.6888261499161219,0.5533513100119574,0.721659888462451,0.6948386285997021,0.6822337617104979,0.5689829394838797,0.7122510822510822,0.672064935064935,0.586009324009324,0.688020905923345,0.6568238925433296,0.0591892391562402,43,,,,,,,,,,,,,1
16.013267374038698,0.10464898008841768,0.2571251630783081,0.025084133053990692,95,500,16,181,4,balanced_subsample,True,"{'reduce_dim__percentile': 95, 'clf__n_estimators': 500, 'clf__min_samples_split': 16, 'clf__max_features': 181, 'clf__max_depth': 4, 'clf__class_weight': 'balanced_subsample', 'clf__bootstrap': True}",0.5234567901234568,0.39722222222222225,0.6203703703703703,0.631054131054131,0.5852628852628853,0.4726711560044894,0.6418911335578001,0.5667227833894501,0.5147867564534231,0.638047138047138,0.5591485366485367,0.07724604810157547,28,0.6465534465534465,0.4124338624338624,0.5962291295624629,0.7137382597908913,0.5030047204066812,0.5377460502460503,0.621617434852729,0.6431508681508682,0.5129266521423383,0.5632693299359965,0.5750669754075327,0.0828409276046243,30,0.7353626571448353,0.5654408297972654,0.7368932260021369,0.7544609724130308,0.7176664725296059,0.6662962450091163,0.7457756279829664,0.7194097389097389,0.6401895424836601,0.7204556374556376,0.7001950949727994,0.05621328329893175,39,0.5234567901234568,0.39722222222222225,0.6203703703703703,0.631054131054131,0.5852628852628853,0.4726711560044894,0.6418911335578001,0.5667227833894501,0.5147867564534231,0.638047138047138,0.5591485366485367,0.07724604810157547,28,0.7029702970297029,0.5445544554455446,0.7227722772277227,0.7029702970297029,0.693069306930693,0.5841584158415841,0.7227722772277227,0.66,0.58,0.71,0.6623267326732672,0.06371237892829827,40,0.5138165709967528,0.3820383001417484,0.5975441648644263,0.6008808848721129,0.5289918486512913,0.4363335875921688,0.6117255984519413,0.5285570195156252,0.4988938287183901,0.5873601473590007,0.5286141951163458,0.07171821714831357,38,0.6946896349129053,0.5397978031982811,0.721659888462451,0.6948386285997021,0.6912433631006419,0.5889163287038085,0.7232593442025972,0.6584597468617077,0.5957974306395358,0.7067124374116119,0.6615374606093243,0.06081212684644624,40,,,,,,,,,,,,,1
15.754129981994629,0.07780437214052101,0.2584084033966064,0.01228392437082873,95,500,33,181,4,balanced_subsample,True,"{'reduce_dim__percentile': 95, 'clf__n_estimators': 500, 'clf__min_samples_split': 33, 'clf__max_features': 181, 'clf__max_depth': 4, 'clf__class_weight': 'balanced_subsample', 'clf__bootstrap': True}",0.5348765432098765,0.42752525252525253,0.6574074074074073,0.6655659155659155,0.5713739963739964,0.4979236812570146,0.6424523007856341,0.5566217732884399,0.5122615039281706,0.6153198653198654,0.5681328239661573,0.07367738259398525,18,0.6142246416636661,0.4357142857142857,0.6233896233896234,0.6886837935599546,0.4918871252204586,0.5409796893667862,0.5640594541910331,0.6008297258297257,0.5106461439794773,0.5353174603174603,0.5605731943232473,0.06977925234369611,44,0.7197162492984758,0.5843470061291842,0.748004337113248,0.757712768180843,0.7012887002986012,0.6633131055040987,0.7357347576862948,0.7023051948051947,0.6363015873015873,0.7211071428571428,0.6969830849174671,0.051421185099527596,42,0.5348765432098765,0.42752525252525253,0.6574074074074073,0.6655659155659155,0.5713739963739964,0.4979236812570146,0.6424523007856341,0.5566217732884399,0.5122615039281706,0.6153198653198654,0.5681328239661573,0.07367738259398525,18,0.693069306930693,0.5643564356435643,0.7326732673267327,0.7029702970297029,0.6831683168316832,0.5742574257425742,0.7128712871287128,0.62,0.57,0.68,0.6533366336633664,0.061407694235195064,45,0.5134713734804498,0.41206475516820346,0.6290827062068892,0.6067315157227438,0.5195851147351322,0.4465319865319865,0.5870185768320632,0.49489856548680083,0.4953647907065935,0.5614476298575787,0.5266197014728442,0.06596962977302095,39,0.6863449088471495,0.5602598494029016,0.732355916048403,0.6945811303224018,0.6815580880392635,0.58001200120012,0.7139076328210809,0.6233562515915457,0.5871426371571561,0.689005546566839,0.6548523961996862,0.05836912892428034,45,,,,,,,,,,,,,1
20.713642120361328,0.1492001398361224,0.25677919387817383,0.014366551388856905,95,500,2,,4,balanced_subsample,True,"{'reduce_dim__percentile': 95, 'clf__n_estimators': 500, 'clf__min_samples_split': 2, 'clf__max_features': None, 'clf__max_depth': 4, 'clf__class_weight': 'balanced_subsample', 'clf__bootstrap': True}",0.5209876543209877,0.42500000000000004,0.6203703703703703,0.6199430199430199,0.536862211862212,0.451374859708193,0.6449775533108867,0.5931537598204265,0.5147867564534231,0.5909090909090909,0.5518365276698611,0.07069160598130575,34,0.6327090222439059,0.4333028083028083,0.6046481945604754,0.7040821751348066,0.4793891293891294,0.5062289562289561,0.6171296296296297,0.6694374615943244,0.5129266521423383,0.5250605469903716,0.5684914576216746,0.08452060215659749,36,0.7026651681268307,0.5812570268015812,0.7330289419919436,0.7465166065478728,0.7026966982412526,0.6501350135013501,0.7408415841584158,0.7515962795374561,0.6401895424836601,0.7026488569909622,0.6951575718381326,0.05247429731231914,45,0.5209876543209877,0.42500000000000004,0.6203703703703703,0.6199430199430199,0.536862211862212,0.451374859708193,0.6449775533108867,0.5931537598204265,0.5147867564534231,0.5909090909090909,0.5518365276698611,0.07069160598130575,34,0.6831683168316832,0.5544554455445545,0.7227722772277227,0.693069306930693,0.6831683168316832,0.5841584158415841,0.7227722772277227,0.67,0.58,0.69,0.6583564356435643,0.05857680792952974,41,0.5127535082277009,0.40954515294980604,0.6024325440752987,0.5883658510442061,0.4982430817342051,0.408560762908589,0.6127380245027304,0.5494712564888002,0.4988938287183901,0.5496425185392941,0.5230646529189021,0.06878443893180923,41,0.6725398904715578,0.5533513100119574,0.7207456274660843,0.684234499133047,0.6832001490760515,0.5811184224012463,0.7219618180305425,0.6719667437825333,0.5957974306395358,0.6894220558570027,0.6574337946869558,0.05610109390373698,41,,,,,,,,,,,,,1
20.727342629432677,0.173297269402756,0.2553593873977661,0.021809107370136627,95,500,16,,4,balanced_subsample,True,"{'reduce_dim__percentile': 95, 'clf__n_estimators': 500, 'clf__min_samples_split': 16, 'clf__max_features': None, 'clf__max_depth': 4, 'clf__class_weight': 'balanced_subsample', 'clf__bootstrap': True}",0.5209876543209877,0.42500000000000004,0.6203703703703703,0.6199430199430199,0.5507511007511008,0.451374859708193,0.6542368125701459,0.5820426487093154,0.5147867564534231,0.5808080808080808,0.5520301303634637,0.07076591991830651,33,0.6327090222439059,0.4333028083028083,0.5964535964535965,0.7040821751348066,0.4863776655443322,0.5065656565656567,0.630429292929293,0.6614127702362996,0.5129266521423383,0.5117889420521,0.5676048581605138,0.0842077776423589,38,0.7026651681268307,0.5812570268015812,0.7355530919887355,0.7465166065478728,0.7167309588101667,0.6511551155115511,0.7525877587758776,0.7440407239819006,0.6401895424836601,0.6918433014354067,0.6962539294463583,0.05330019832890863,43,0.5209876543209877,0.42500000000000004,0.6203703703703703,0.6199430199430199,0.5507511007511008,0.451374859708193,0.6542368125701459,0.5820426487093154,0.5147867564534231,0.5808080808080808,0.5520301303634637,0.07076591991830651,33,0.6831683168316832,0.5544554455445545,0.7227722772277227,0.693069306930693,0.693069306930693,0.5841584158415841,0.7326732673267327,0.66,0.58,0.68,0.6583366336633663,0.059673798761282974,43,0.5127535082277009,0.40954515294980604,0.5978176749418579,0.5883658510442061,0.5062120578649865,0.4077248677248677,0.6241221126131612,0.538706105372772,0.4988938287183901,0.5363718691489336,0.5220513028606681,0.06902234458676522,42,0.6725398904715578,0.5533513100119574,0.7209976373633916,0.684234499133047,0.6924904782190373,0.5806866400925808,0.7329700799820574,0.6619778074778075,0.5957974306395358,0.6776566619801536,0.6572702435371125,0.05733516468308286,42,,,,,,,,,,,,,1
20.42357759475708,0.23914816697715238,0.2533789873123169,0.025088848657126,95,500,33,,4,balanced_subsample,True,"{'reduce_dim__percentile': 95, 'clf__n_estimators': 500, 'clf__min_samples_split': 33, 'clf__max_features': None, 'clf__max_depth': 4, 'clf__class_weight': 'balanced_subsample', 'clf__bootstrap': True}",0.5185185185185186,0.42500000000000004,0.6574074074074073,0.656980056980057,0.5877881377881378,0.5105780022446689,0.6424523007856341,0.5684062850729518,0.5122615039281706,0.6153198653198654,0.5694712078045412,0.07305136789031345,17,0.5976257256745061,0.4333028083028083,0.6257745841079174,0.7069922280448596,0.5062850729517396,0.536848635235732,0.5640594541910331,0.6404576904576904,0.5106461439794773,0.5282467532467533,0.5650239096192518,0.07516898159603823,42,0.698948318846894,0.5812570268015812,0.7482043571152481,0.7579263189476844,0.7234966353778235,0.6716908663571072,0.7357347576862948,0.7312673992673993,0.6363015873015873,0.7160162337662338,0.7000843501467854,0.05263285727507626,40,0.5185185185185186,0.42500000000000004,0.6574074074074073,0.656980056980057,0.5877881377881378,0.5105780022446689,0.6424523007856341,0.5684062850729518,0.5122615039281706,0.6153198653198654,0.5694712078045412,0.07305136789031345,17,0.6732673267326733,0.5544554455445545,0.7326732673267327,0.7029702970297029,0.7029702970297029,0.5841584158415841,0.7128712871287128,0.64,0.57,0.68,0.6553366336633664,0.06125342488859129,44,0.4969985052633957,0.40954515294980604,0.6299916556452504,0.6117484108191709,0.5328396171012413,0.4520718572892486,0.5870185768320632,0.5159972867403207,0.4953647907065935,0.5568992218003986,0.528847507514749,0.06611924009247921,37,0.6660824174817339,0.5533513100119574,0.7321466514244616,0.6947245354784537,0.7008642969673718,0.589139994744816,0.7139076328210809,0.6418805838124725,0.5871426371571561,0.6857306927656694,0.6564970752665173,0.05796102814739149,44,,,,,,,,,,,,,1
8.428767657279968,1.9276941083924157,0.22967615127563476,0.02516013385387819,95,500,2,50,5,balanced_subsample,True,"{'reduce_dim__percentile': 95, 'clf__n_estimators': 500, 'clf__min_samples_split': 2, 'clf__max_features': 50, 'clf__max_depth': 5, 'clf__class_weight': 'balanced_subsample', 'clf__bootstrap': True}",0.5228395061728395,0.4941919191919191,0.6574074074074073,0.6694379694379694,0.6042022792022793,0.46815375982042645,0.5345398428731762,0.614983164983165,0.473709315375982,0.638047138047138,0.5677512302512302,0.07360301735262179,19,0.6449915824915825,0.4933694530443756,0.692210323789271,0.6428935343409028,0.5466810966810967,0.5209458297693592,0.6177523722667362,0.7156084656084656,0.6183285849952517,0.6051585354216933,0.6097939778408734,0.06775926059241273,11,0.7412616261626161,0.6410870653628831,0.7717256688074822,0.7513240515780901,0.7476083322617977,0.6726541755662315,0.7352119802560674,0.7856868131868133,0.6883589743589744,0.7287051895472948,0.726362387708825,0.0430792211484917,9,0.5228395061728395,0.4941919191919191,0.6574074074074073,0.6694379694379694,0.6042022792022793,0.46815375982042645,0.5345398428731762,0.614983164983165,0.473709315375982,0.638047138047138,0.5677512302512302,0.07360301735262179,19,0.7227722772277227,0.6138613861386139,0.7524752475247525,0.7524752475247525,0.7227722772277227,0.6138613861386139,0.7029702970297029,0.72,0.63,0.71,0.6941188118811881,0.051426760494239464,18,0.5229635902544766,0.47718501311997247,0.6390268321401751,0.6459151293377312,0.5610809724733775,0.4258901874462515,0.5080264199026878,0.5805585350373197,0.46027057874447436,0.6149722843282963,0.5435889542784762,0.07296702635657,19,0.7045483545761664,0.6146930233092995,0.7447957377130495,0.7440783386027504,0.7210982400229171,0.6095692618020824,0.6954987340229243,0.7136805358078275,0.6291655533221799,0.7143694439350409,0.6891497223114238,0.049116710951698436,16,,,,,,,,,,,,,1
7.1436659574508665,0.23741681286458324,0.22799582481384278,0.039519749611667286,95,500,16,50,5,balanced_subsample,True,"{'reduce_dim__percentile': 95, 'clf__n_estimators': 500, 'clf__min_samples_split': 16, 'clf__max_features': 50, 'clf__max_depth': 5, 'clf__class_weight': 'balanced_subsample', 'clf__bootstrap': True}",0.5274691358024691,0.47104377104377104,0.6574074074074073,0.6643874643874644,0.6387140637140638,0.5119248035914702,0.6086139169472502,0.6063973063973064,0.5082210998877665,0.6473063973063974,0.5841485366485366,0.0684481614927721,4,0.6534233740116093,0.47375345270082114,0.692210323789271,0.5868506493506493,0.5594573182808475,0.5841346153846154,0.6200289600935225,0.7136104149262044,0.5047846889952152,0.6609471912103491,0.6049200988743106,0.07430359598331397,14,0.7476326818202182,0.6332003409648016,0.7717256688074822,0.7345618490420469,0.7519916697552108,0.7039540492510789,0.752636357609936,0.7832468671679197,0.655341307814992,0.7523205741626794,0.7286611366396365,0.04691139392348997,7,0.5274691358024691,0.47104377104377104,0.6574074074074073,0.6643874643874644,0.6387140637140638,0.5119248035914702,0.6086139169472502,0.6063973063973064,0.5082210998877665,0.6473063973063974,0.5841485366485366,0.0684481614927721,4,0.7227722772277227,0.594059405940594,0.7524752475247525,0.7326732673267327,0.7227722772277227,0.6237623762376238,0.7227722772277227,0.72,0.63,0.72,0.6941287128712871,0.052695150110909195,17,0.5329615758080177,0.45224806238451465,0.6390268321401751,0.6173340220980874,0.5802793556416745,0.47592198791029205,0.5986229388086974,0.57649304100917,0.49123831049376626,0.6280096173656293,0.5592135743660024,0.06361241723285986,1,0.7103464728495321,0.5978484616664224,0.7447957377130495,0.7248041812218556,0.7216046258233084,0.6257554702838707,0.728066080380705,0.7136471163245356,0.6313503646546008,0.7255753047409016,0.6923793815658782,0.049902886591652124,11,,,,,,,,,,,,,1
7.101197052001953,0.5909229156395476,0.21347405910491943,0.04154931292096908,95,500,33,50,5,balanced_subsample,True,"{'reduce_dim__percentile': 95, 'clf__n_estimators': 500, 'clf__min_samples_split': 33, 'clf__max_features': 50, 'clf__max_depth': 5, 'clf__class_weight': 'balanced_subsample', 'clf__bootstrap': True}",0.574074074074074,0.45462962962962966,0.6231481481481481,0.6903133903133903,0.6361888111888112,0.5144500561167228,0.6431257014590348,0.5687710437710438,0.5031705948372616,0.6346801346801347,0.5842551584218251,0.07075322276679813,3,0.6481481481481481,0.4435899558706577,0.6101220267886934,0.5956529581529582,0.5448532948532948,0.5683261183261183,0.5967592592592593,0.6541921041921042,0.47525252525252526,0.5921125671125671,0.5729008957956326,0.0649429813502191,32,0.7458745874587458,0.608664914449177,0.73996924789004,0.745446508936608,0.7465110796793964,0.691843470061292,0.7469471947194719,0.7498040293040293,0.6478383838383839,0.7299021294021293,0.7152801545739272,0.04722703867952985,21,0.574074074074074,0.45462962962962966,0.6231481481481481,0.6903133903133903,0.6361888111888112,0.5144500561167228,0.6431257014590348,0.5687710437710438,0.5031705948372616,0.6346801346801347,0.5842551584218251,0.07075322276679813,3,0.7227722772277227,0.5742574257425742,0.7227722772277227,0.7326732673267327,0.7128712871287128,0.6138613861386139,0.7227722772277227,0.65,0.61,0.7,0.6761980198019802,0.055636908096998554,30,0.575411845143646,0.4306748240356772,0.6017352170946942,0.6329243740808445,0.5722281475904665,0.4734122560209516,0.6047791790825845,0.5154589901425344,0.47751661918328586,0.6025941515707598,0.5486735603945444,0.06556923649616113,11,0.7168154746509134,0.5764974937031461,0.7207089336384618,0.7290107320758559,0.7135170038743004,0.6189560188699234,0.7255226075460267,0.652884267631103,0.6173516483516485,0.7074538697170274,0.6778718050058405,0.05330852073362003,28,,,,,,,,,,,,,1
18.40016360282898,1.3148527972950381,0.2518347501754761,0.018604888725451393,95,500,2,181,5,balanced_subsample,True,"{'reduce_dim__percentile': 95, 'clf__n_estimators': 500, 'clf__min_samples_split': 2, 'clf__max_features': 181, 'clf__max_depth': 5, 'clf__class_weight': 'balanced_subsample', 'clf__bootstrap': True}",0.48395061728395056,0.4664141414141414,0.5935185185185186,0.666912716912717,0.5953638953638953,0.4458193041526375,0.5801627384960718,0.5791245791245792,0.5013187429854097,0.6111111111111112,0.5523696365363031,0.06901403824431142,31,0.6623590982286633,0.4731888481888482,0.5831635064091204,0.7752221918888585,0.562414137194839,0.4017474899827841,0.6144240019240019,0.7090042553429281,0.5555555555555556,0.608393880323705,0.5945472965039305,0.10271863990646626,19,0.7121825226000862,0.6196550973778696,0.7165558661129272,0.7862097020512863,0.7437325781450326,0.617163209533623,0.7304283999828555,0.7652141851283729,0.6601111111111111,0.7251488569909622,0.7076401529034126,0.05468367716156701,36,0.48395061728395056,0.4664141414141414,0.5935185185185186,0.666912716912717,0.5953638953638953,0.4458193041526375,0.5801627384960718,0.5791245791245792,0.5013187429854097,0.6111111111111112,0.5523696365363031,0.06901403824431142,31,0.693069306930693,0.594059405940594,0.7029702970297029,0.7425742574257426,0.7326732673267327,0.5841584158415841,0.7128712871287128,0.68,0.61,0.71,0.6762376237623762,0.05540651030499955,29,0.48180165513498846,0.44888589768107845,0.57838808212234,0.6497700510402517,0.5677550827566321,0.4086502684203833,0.5686711466970791,0.5551684088269453,0.4978869895536562,0.5840800616724895,0.5341057643905843,0.06903353183537957,32,0.670834995587471,0.591635173049941,0.7026085842853602,0.7334441833436046,0.7292952061541673,0.5837758160052459,0.7098299420479983,0.6797526132404181,0.6195897435897436,0.706372366416009,0.6727138623719959,0.052585919329297195,31,,,,,,,,,,,,,1
18.96697301864624,0.18617013636069515,0.2597946643829346,0.01189693436820818,95,500,16,181,5,balanced_subsample,True,"{'reduce_dim__percentile': 95, 'clf__n_estimators': 500, 'clf__min_samples_split': 16, 'clf__max_features': 181, 'clf__max_depth': 5, 'clf__class_weight': 'balanced_subsample', 'clf__bootstrap': True}",0.49537037037037035,0.44999999999999996,0.6157407407407407,0.6643874643874644,0.5789497539497539,0.49859708193041524,0.6542368125701459,0.5864197530864197,0.48953423120089784,0.5909090909090909,0.5624145299145298,0.0706054180432151,22,0.6194725028058361,0.46374465365693435,0.6389580056246723,0.7379349046015713,0.536698137794629,0.5648229369720599,0.6332792207792208,0.6850126524039567,0.5466197058302321,0.5339831059129305,0.5960525826382043,0.07753678873988039,18,0.7075657565756576,0.6037832267900012,0.7488801389791488,0.7753275327532753,0.7242713202783553,0.6909877829888251,0.7542432814710043,0.7588612836438924,0.6488010366826157,0.702906432748538,0.7115627792911313,0.05074299674243329,29,0.49537037037037035,0.44999999999999996,0.6157407407407407,0.6643874643874644,0.5789497539497539,0.49859708193041524,0.6542368125701459,0.5864197530864197,0.48953423120089784,0.5909090909090909,0.5624145299145298,0.0706054180432151,22,0.693069306930693,0.5742574257425742,0.7227722772277227,0.7326732673267327,0.7128712871287128,0.6138613861386139,0.7326732673267327,0.67,0.59,0.69,0.6732178217821781,0.05659113978570213,33,0.48764414418413105,0.43869563981383813,0.5956166805840009,0.6333434392432695,0.5504226410339464,0.46104175682723575,0.624503376229719,0.5552808302808302,0.4853634128705082,0.5563073287128764,0.5388219249780356,0.06462545074083727,28,0.6766450910614038,0.5757820201196501,0.7198348061481434,0.7231642664630276,0.7115461838651789,0.6137749638341443,0.7329458128494618,0.6763846153846154,0.6014836627467984,0.6909826239438865,0.6722544046416311,0.05310870590600577,33,,,,,,,,,,,,,1
18.5047967672348,0.18272768737036146,0.2507241487503052,0.018677358494350836,95,500,33,181,5,balanced_subsample,True,"{'reduce_dim__percentile': 95, 'clf__n_estimators': 500, 'clf__min_samples_split': 33, 'clf__max_features': 181, 'clf__max_depth': 5, 'clf__class_weight': 'balanced_subsample', 'clf__bootstrap': True}",0.5580246913580247,0.46388888888888885,0.6046296296296296,0.6877881377881379,0.5706164206164206,0.526374859708193,0.6517115600448934,0.5715488215488215,0.526571268237935,0.6346801346801347,0.5795834412501079,0.06341142988922689,9,0.6006678281068525,0.4691608274941609,0.6330497163830496,0.7048643803545764,0.5172221672221673,0.5792937545388527,0.5802090453406242,0.6604872867021204,0.519304152637486,0.5621218287884955,0.5826380987568385,0.06743269867360918,26,0.715891031611872,0.6228153896470728,0.7411322213302411,0.7723248569200811,0.7276014236410275,0.6929301753704782,0.7491364549988833,0.7533598830836682,0.6487171717171718,0.739028083028083,0.7162936691348578,0.04550220441223404,19,0.5580246913580247,0.46388888888888885,0.6046296296296296,0.6877881377881379,0.5706164206164206,0.526374859708193,0.6517115600448934,0.5715488215488215,0.526571268237935,0.6346801346801347,0.5795834412501079,0.06341142988922689,9,0.693069306930693,0.5841584158415841,0.7128712871287128,0.7227722772277227,0.7029702970297029,0.6138613861386139,0.7227722772277227,0.65,0.6,0.7,0.6702475247524752,0.05074122190904992,37,0.5525169920518758,0.44485676511820305,0.5874336266493129,0.6286120595118896,0.5324319028022731,0.4821046870048684,0.5987839285590517,0.5237318237318236,0.5099127083176365,0.5866759512056112,0.5447060444952545,0.054131990942128,18,0.6928874870620207,0.5864954088599982,0.7110728439790759,0.7141373198123185,0.7061309305533727,0.6158578419418297,0.72489162764,0.6538762903762904,0.6123778751735186,0.7093995118722595,0.6727127137270684,0.04841576208705669,32,,,,,,,,,,,,,1
24.88765995502472,0.7160257300006779,0.2546198606491089,0.021721440918313455,95,500,2,,5,balanced_subsample,True,"{'reduce_dim__percentile': 95, 'clf__n_estimators': 500, 'clf__min_samples_split': 2, 'clf__max_features': None, 'clf__max_depth': 5, 'clf__class_weight': 'balanced_subsample', 'clf__bootstrap': True}",0.48148148148148145,0.4361111111111111,0.6046296296296296,0.666912716912717,0.5814750064750065,0.44834455667788997,0.5801627384960718,0.5931537598204265,0.5013187429854097,0.6010101010101009,0.5494599844599845,0.07306433342834688,39,0.607363315696649,0.44873490706824043,0.6412443144899285,0.7752221918888585,0.5545485378818713,0.45760013407072225,0.6176647426647427,0.6879559801128428,0.5456777427365662,0.549471321401146,0.5885483188011568,0.09482813745639972,24,0.6917177432028918,0.5996838694858497,0.7386080713334492,0.7862097020512863,0.731976549303282,0.6331795170467274,0.7327386310059577,0.7670962795374561,0.6499314868138397,0.706815523657629,0.7037957373438368,0.05703074101726058,38,0.48148148148148145,0.4361111111111111,0.6046296296296296,0.666912716912717,0.5814750064750065,0.44834455667788997,0.5801627384960718,0.5931537598204265,0.5013187429854097,0.6010101010101009,0.5494599844599845,0.07306433342834688,39,0.6831683168316832,0.5742574257425742,0.7128712871287128,0.7425742574257426,0.7227722772277227,0.594059405940594,0.7128712871287128,0.67,0.61,0.7,0.6722574257425743,0.05593200319559818,34,0.4745251262898322,0.41811950812659526,0.5920484957827538,0.6497700510402517,0.5585090571140032,0.42150038127049627,0.5714891821238102,0.5571842808684914,0.49364197530864196,0.566381335278111,0.5303169393202987,0.07174911916006081,35,0.6637255968647932,0.5705434010196448,0.7108208340817684,0.7334441833436046,0.7203792913035301,0.5935643772789557,0.7118388385898262,0.6753352716510611,0.6149333333333334,0.6968506272855741,0.6691435754752092,0.054339560538880255,37,,,,,,,,,,,,,1
26.060730814933777,0.5096666115588361,0.24534897804260253,0.01852267491261525,95,500,16,,5,balanced_subsample,True,"{'reduce_dim__percentile': 95, 'clf__n_estimators': 500, 'clf__min_samples_split': 16, 'clf__max_features': None, 'clf__max_depth': 5, 'clf__class_weight': 'balanced_subsample', 'clf__bootstrap': True}",0.5185185185185185,0.4361111111111111,0.6046296296296296,0.6532763532763534,0.5678386428386428,0.4319304152637486,0.6171997755331089,0.5931537598204265,0.49205948372615044,0.5909090909090909,0.550562678062678,0.07299065432208995,35,0.6115961199294532,0.44873490706824043,0.6412443144899285,0.7299188465855132,0.5341869144500724,0.39676173499702905,0.6277962552352796,0.6879559801128428,0.5491764045685614,0.5269123988422234,0.5754283876279144,0.09880730402991388,29,0.6954895489548956,0.5996838694858497,0.7386080713334492,0.769073061152269,0.7244750906553928,0.6136090079596195,0.7414090799323834,0.7670962795374561,0.651884284016637,0.6978155236576291,0.6999143816685581,0.05739705402929413,41,0.5185185185185185,0.4361111111111111,0.6046296296296296,0.6532763532763534,0.5678386428386428,0.4319304152637486,0.6171997755331089,0.5931537598204265,0.49205948372615044,0.5909090909090909,0.550562678062678,0.07299065432208995,35,0.693069306930693,0.5742574257425742,0.7128712871287128,0.7227722772277227,0.7029702970297029,0.5742574257425742,0.7227722772277227,0.67,0.6,0.69,0.6662970297029702,0.05702908759293952,38,0.5330436448083506,0.41811950812659526,0.5920484957827538,0.6227614286612588,0.5423869067429187,0.4007137604838754,0.591825759728573,0.5571842808684914,0.4901095057906204,0.5517589206556963,0.5299952211649134,0.06962448241743859,36,0.6812173460397107,0.5705434010196448,0.7108208340817684,0.7143948180896188,0.7058851951580634,0.5781181073772402,0.7204442055458743,0.6753352716510611,0.6104474716202272,0.687707770142717,0.6654914420725926,0.05441929302690008,39,,,,,,,,,,,,,1
24.96163682937622,0.637863951107765,0.2404949426651001,0.019417385328448854,95,500,33,,5,balanced_subsample,True,"{'reduce_dim__percentile': 95, 'clf__n_estimators': 500, 'clf__min_samples_split': 33, 'clf__max_features': None, 'clf__max_depth': 5, 'clf__class_weight': 'balanced_subsample', 'clf__bootstrap': True}",0.5234567901234568,0.46388888888888885,0.6416666666666667,0.6792022792022792,0.5567275317275318,0.45662177328843995,0.6517115600448934,0.5881032547699214,0.526571268237935,0.6254208754208754,0.5713370888370888,0.0744728305321891,15,0.6033475783475785,0.4697275596398403,0.6623707040373706,0.7248516915183582,0.5061852864484444,0.4147331154684095,0.5772328548644338,0.6597697056030389,0.5164322968244537,0.5433702100368767,0.5678021002788805,0.09137800109675635,37,0.7151234903710151,0.6159850947500765,0.7537834864567539,0.7741359850270741,0.7132358348616817,0.6279654436031838,0.7461307972902553,0.7579786324786325,0.6448312537136067,0.7219884559884561,0.7071158474540735,0.05436037048503737,37,0.5234567901234568,0.46388888888888885,0.6416666666666667,0.6792022792022792,0.5567275317275318,0.45662177328843995,0.6517115600448934,0.5881032547699214,0.526571268237935,0.6254208754208754,0.5713370888370888,0.0744728305321891,15,0.693069306930693,0.5841584158415841,0.7227722772277227,0.7227722772277227,0.693069306930693,0.5742574257425742,0.7227722772277227,0.65,0.6,0.69,0.6652871287128711,0.056064634230946854,39,0.5002808323148153,0.4456520152359464,0.6196076073527054,0.6351746458879338,0.5197159865229789,0.4250413779465043,0.6005912171310462,0.532571466781993,0.5095485314317205,0.5722862733071613,0.5360469953912804,0.06711302145857324,31,0.6828925616254724,0.5841974930146301,0.7222218580401458,0.7157102527643321,0.6941935217890457,0.5853397775664886,0.7258159847815966,0.655963765963766,0.6112461025982678,0.6957818009282326,0.6673363119071978,0.05239821292156085,38,,,,,,,,,,,,,1
9.313355994224548,1.6966766091925287,0.22043700218200685,0.02387646715693499,95,500,2,50,6,balanced_subsample,True,"{'reduce_dim__percentile': 95, 'clf__n_estimators': 500, 'clf__min_samples_split': 2, 'clf__max_features': 50, 'clf__max_depth': 6, 'clf__class_weight': 'balanced_subsample', 'clf__bootstrap': True}",0.5228395061728395,0.41548821548821546,0.6324074074074074,0.6608521108521109,0.5951113701113702,0.4632716049382716,0.487682379349046,0.6137205387205387,0.49727833894500567,0.632996632996633,0.5521648104981438,0.0806424687019476,32,0.6449915824915825,0.4855625281981871,0.6751067483523623,0.6800711996790427,0.7250118708452041,0.6333584715937657,0.5901695526695527,0.7726911490069384,0.6343687553037146,0.6942955192955192,0.6535627377435869,0.07430707354444305,7,0.7412616261626161,0.5893154099463102,0.7558169350769662,0.7594447227528184,0.7879908183126006,0.6959141615519017,0.7162873430200163,0.808047233468286,0.7054841093865483,0.7652773892773892,0.7324839748955452,0.05834423083383726,5,0.5228395061728395,0.41548821548821546,0.6324074074074074,0.6608521108521109,0.5951113701113702,0.4632716049382716,0.487682379349046,0.6137205387205387,0.49727833894500567,0.632996632996633,0.5521648104981438,0.0806424687019476,32,0.7227722772277227,0.5742574257425742,0.7326732673267327,0.7524752475247525,0.7425742574257426,0.6237623762376238,0.693069306930693,0.76,0.67,0.74,0.7011584158415841,0.05823257121035985,10,0.5229635902544766,0.40985963808639153,0.6172977986464356,0.6586490440606595,0.5756574714361944,0.4269464421087139,0.47231815209343303,0.6098964331082143,0.48373820615934854,0.6041922465691224,0.538151902252299,0.08249247469886214,29,0.7045483545761664,0.5632131893980156,0.7260924452765014,0.7490262062873079,0.7313654235541599,0.6148361489292946,0.6814763739616339,0.7467188272223335,0.661440827714485,0.7335328753610935,0.6912250672280992,0.058668064222218944,14,,,,,,,,,,,,,1
8.067147970199585,0.2890880819025325,0.22299280166625976,0.017846323836680666,95,500,16,50,6,balanced_subsample,True,"{'reduce_dim__percentile': 95, 'clf__n_estimators': 500, 'clf__min_samples_split': 16, 'clf__max_features': 50, 'clf__max_depth': 6, 'clf__class_weight': 'balanced_subsample', 'clf__bootstrap': True}",0.5228395061728395,0.4664141414141414,0.6435185185185185,0.6833268583268582,0.5930911680911681,0.5024130190796857,0.5823793490460157,0.6061447811447811,0.5019079685746353,0.6111111111111112,0.5713146421479754,0.06638701118560773,16,0.6449915824915825,0.4679198887532221,0.6798646447769254,0.628555593777472,0.5436507936507936,0.4727725977725977,0.6060485810485811,0.7334144365594943,0.6410493827160494,0.6515454818086397,0.6069812983355358,0.082289626991529,13,0.7412616261626161,0.6147674657575647,0.7629247887194733,0.7556025571597407,0.744908062234795,0.6632394008631632,0.7245799579957997,0.7895928707578257,0.7166666666666666,0.7430128818549872,0.7256556278172633,0.04854192621808564,10,0.5228395061728395,0.4664141414141414,0.6435185185185185,0.6833268583268582,0.5930911680911681,0.5024130190796857,0.5823793490460157,0.6061447811447811,0.5019079685746353,0.6111111111111112,0.5713146421479754,0.06638701118560773,16,0.7227722772277227,0.594059405940594,0.7425742574257426,0.7623762376237624,0.7128712871287128,0.6237623762376238,0.7029702970297029,0.73,0.67,0.71,0.6971386138613861,0.05024951856747596,12,0.5229635902544766,0.4546525348202646,0.6259549367153384,0.6518391309878636,0.5542026655950706,0.47346292052174405,0.5636149992674705,0.5827152215347562,0.4883758217091551,0.5681805575365695,0.548596237894271,0.06099350373611669,12,0.7045483545761664,0.5950690523137563,0.7354771587963342,0.7536502000271763,0.714969055675911,0.628247194467346,0.7023278067455485,0.7201393093740043,0.665836940836941,0.705959920125517,0.6926224992938701,0.04648663502495496,10,,,,,,,,,,,,,1
7.802834868431091,0.3217259499420336,0.24430172443389891,0.0339099662046764,95,500,33,50,6,balanced_subsample,True,"{'reduce_dim__percentile': 95, 'clf__n_estimators': 500, 'clf__min_samples_split': 33, 'clf__max_features': 50, 'clf__max_depth': 6, 'clf__class_weight': 'balanced_subsample', 'clf__bootstrap': True}",0.5481481481481482,0.46388888888888885,0.6324074074074074,0.7014245014245015,0.5794548044548046,0.4980359147025813,0.6060886644219976,0.5874579124579125,0.5313692480359147,0.638047138047138,0.5786322627989294,0.06719906033206592,11,0.6101190476190477,0.45297270955165697,0.6669121502454836,0.5990199615199615,0.5191254279489574,0.4687751382604324,0.5696428571428572,0.693649722597091,0.48964191464191464,0.5983209285840865,0.5668179858111488,0.07798805589549884,39,0.7367397454031118,0.6095101615424701,0.7632915801232634,0.748446808966611,0.7368915883184958,0.661127413646342,0.7403818953323905,0.7697759784075573,0.6703759213759214,0.7303205741626795,0.7166861667278843,0.04926990025657322,18,0.5481481481481482,0.46388888888888885,0.6324074074074074,0.7014245014245015,0.5794548044548046,0.4980359147025813,0.6060886644219976,0.5874579124579125,0.5313692480359147,0.638047138047138,0.5786322627989294,0.06719906033206592,11,0.7227722772277227,0.5841584158415841,0.7326732673267327,0.7425742574257426,0.693069306930693,0.6138613861386139,0.7128712871287128,0.69,0.65,0.71,0.6851980198019801,0.04996052259787834,24,0.5417529114847122,0.44070017695077474,0.6141051033207896,0.6396583808148512,0.5335421422377944,0.4674715273941976,0.5749320940497412,0.5535552273224594,0.5012948570453444,0.6092579986140105,0.5476270419234675,0.06140521654314868,14,0.7103018562561069,0.5828193332206286,0.7298204330236945,0.7350113321358619,0.700152480608787,0.6194663481182807,0.7175390858413573,0.6884078927435237,0.6512155810401424,0.7146265867921838,0.6849360929780566,0.048171382539998434,21,,,,,,,,,,,,,1
22.305627298355102,1.2755013677754437,0.24195199012756347,0.017732995730375668,95,500,2,181,6,balanced_subsample,True,"{'reduce_dim__percentile': 95, 'clf__n_estimators': 500, 'clf__min_samples_split': 2, 'clf__max_features': 181, 'clf__max_depth': 6, 'clf__class_weight': 'balanced_subsample', 'clf__bootstrap': True}",0.49783950617283945,0.4383838383838384,0.6157407407407407,0.6694379694379694,0.5918285418285418,0.45945566778900115,0.5307800224466891,0.5867003367003367,0.5149551066217734,0.5664983164983164,0.5471620046620047,0.06844719151924035,41,0.6759393451422436,0.46472144413320887,0.6486720719176859,0.7849991139464824,0.5909880844840194,0.41788567278763356,0.6033920429269267,0.733933410762679,0.6152744373332609,0.5068419235085901,0.604264754694273,0.10981214694204271,15,0.7218634906968958,0.6136062345730371,0.7461698165189568,0.7939399203078203,0.7538536432040416,0.6301920107977185,0.7125932705716266,0.7742334494773518,0.6792805124128654,0.6921697746697747,0.7117902123230089,0.056072577764114034,28,0.49783950617283945,0.4383838383838384,0.6157407407407407,0.6694379694379694,0.5918285418285418,0.45945566778900115,0.5307800224466891,0.5867003367003367,0.5149551066217734,0.5664983164983164,0.5471620046620047,0.06844719151924035,41,0.7029702970297029,0.6039603960396039,0.7227722772277227,0.7524752475247525,0.7524752475247525,0.6039603960396039,0.693069306930693,0.71,0.63,0.7,0.6871683168316831,0.05280476031096886,23,0.49764274940745534,0.42750480355131515,0.6009233210826999,0.65770648498931,0.5806207437786386,0.4262719557106419,0.4997878045104432,0.5766191325014854,0.5173987770094618,0.5310119255382608,0.5315487698079713,0.07031019543561737,34,0.6821276568510116,0.5946748377878932,0.7192932532300378,0.7441462461077942,0.7464869751017561,0.6031872856047319,0.67970735282995,0.7038663101604279,0.6346754570427204,0.6908705804507572,0.6799035955167081,0.05099646948435617,24,,,,,,,,,,,,,1
22.46798963546753,0.1784194602197719,0.25875656604766845,0.02064555134833003,95,500,16,181,6,balanced_subsample,True,"{'reduce_dim__percentile': 95, 'clf__n_estimators': 500, 'clf__min_samples_split': 16, 'clf__max_features': 181, 'clf__max_depth': 6, 'clf__class_weight': 'balanced_subsample', 'clf__bootstrap': True}",0.47006172839506166,0.48030303030303023,0.6046296296296296,0.6530238280238281,0.5867780367780369,0.47334455667789005,0.6171997755331089,0.5965207631874299,0.5124298540965208,0.6111111111111112,0.5605402313735647,0.06541398293640018,26,0.49075415995705846,0.48182261208576993,0.6412443144899285,0.7364351991544974,0.5535341202007868,0.4489479293400862,0.6259323783714028,0.7114737114737115,0.5591349645271214,0.6633019352317598,0.5912581324832124,0.09444774847096628,21,0.6591572200698331,0.6328556539864513,0.7386080713334492,0.7734689542922999,0.7423179680605424,0.6442581232913207,0.737814077575005,0.7776631701631702,0.661968200100553,0.7381441949863004,0.7106255633858924,0.05215033790436352,32,0.47006172839506166,0.48030303030303023,0.6046296296296296,0.6530238280238281,0.5867780367780369,0.47334455667789005,0.6171997755331089,0.5965207631874299,0.5124298540965208,0.6111111111111112,0.5605402313735647,0.06541398293640018,26,0.6831683168316832,0.6039603960396039,0.7128712871287128,0.7326732673267327,0.7326732673267327,0.594059405940594,0.7227722772277227,0.71,0.62,0.71,0.6822178217821782,0.05194958457312118,26,0.46378031554502147,0.46355672419756583,0.5920484957827538,0.6282341125750712,0.5628450659037402,0.45039401903415716,0.5897256882551001,0.5750093832957797,0.5045386947049351,0.5732571105749389,0.5403389609869065,0.060629316120742856,26,0.6606283640645901,0.6049778074438217,0.7108208340817684,0.7235945991891439,0.7309176506285575,0.6054670480936549,0.7177066236035369,0.7094437852795866,0.6247495311167947,0.7027102764083811,0.6791016519909836,0.047802507509741625,26,,,,,,,,,,,,,1
21.694017601013183,0.24764816308683912,0.2600926160812378,0.014926789955738054,95,500,33,181,6,balanced_subsample,True,"{'reduce_dim__percentile': 95, 'clf__n_estimators': 500, 'clf__min_samples_split': 33, 'clf__max_features': 181, 'clf__max_depth': 6, 'clf__class_weight': 'balanced_subsample', 'clf__bootstrap': True}",0.5117283950617284,0.48030303030303023,0.6527777777777778,0.7014245014245015,0.6076534576534577,0.44736251402918076,0.6517115600448934,0.5791245791245792,0.5540965207631874,0.6254208754208754,0.5811603211603212,0.07801430997664366,7,0.5136644219977553,0.48182261208576993,0.6661184994518328,0.6173881673881674,0.5542592042592043,0.41190087145969495,0.575368978000557,0.6800688590162274,0.5282307198973866,0.5504409171075838,0.5579263250664179,0.0777752752480063,45,0.6916191619161915,0.6328556539864513,0.7599912500902601,0.7507086422928009,0.7375024137400374,0.6236167734420501,0.7425357949328767,0.7609254955570744,0.6644199134199136,0.7270793650793651,0.7091254464457022,0.04967640604969188,33,0.5117283950617284,0.48030303030303023,0.6527777777777778,0.7014245014245015,0.6076534576534577,0.44736251402918076,0.6517115600448934,0.5791245791245792,0.5540965207631874,0.6254208754208754,0.5811603211603212,0.07801430997664366,7,0.7029702970297029,0.6039603960396039,0.7326732673267327,0.7425742574257426,0.7128712871287128,0.5643564356435643,0.7227722772277227,0.68,0.63,0.69,0.6782178217821782,0.05643698105067895,28,0.50089600884049,0.46355672419756583,0.6271552219264637,0.6513104994850877,0.5694689398393101,0.41955719193493496,0.5984911456575733,0.5407115149582868,0.5291406168859847,0.5768346813643412,0.5477122545090038,0.0685822838677134,13,0.6881950644313793,0.6049778074438217,0.7305308337340952,0.7368658844708023,0.7160319206523826,0.578698951212048,0.7230784028392592,0.6786391678622669,0.6358371465261945,0.6990566547294023,0.6791911833901652,0.0521606717283706,25,,,,,,,,,,,,,1
29.91930832862854,0.4233663935660362,0.25479927062988283,0.017653668730991792,95,500,2,,6,balanced_subsample,True,"{'reduce_dim__percentile': 95, 'clf__n_estimators': 500, 'clf__min_samples_split': 2, 'clf__max_features': None, 'clf__max_depth': 6, 'clf__class_weight': 'balanced_subsample', 'clf__bootstrap': True}",0.49783950617283945,0.4383838383838384,0.6046296296296296,0.6694379694379694,0.5893032893032893,0.43852413019079683,0.5431257014590347,0.6219416386083052,0.5313692480359147,0.5664983164983164,0.5501053267719934,0.07227888453880972,36,0.6812910428158655,0.46675485008818346,0.6572886989553656,0.7825299781440133,0.5833774250440916,0.4567901234567901,0.6061291206640045,0.8206349206349207,0.6277991277991278,0.5068419235085901,0.6189437211110953,0.11675914424762017,10,0.718900826252838,0.615935879302216,0.7355081662012356,0.7921797442902184,0.7477762061920478,0.6232123212321232,0.7138524899001528,0.8153246753246753,0.6980280192780194,0.6921697746697747,0.7152888102643301,0.06048161902070629,20,0.49783950617283945,0.4383838383838384,0.6046296296296296,0.6694379694379694,0.5893032893032893,0.43852413019079683,0.5431257014590347,0.6219416386083052,0.5313692480359147,0.5664983164983164,0.5501053267719934,0.07227888453880972,36,0.7029702970297029,0.6039603960396039,0.7128712871287128,0.7524752475247525,0.7425742574257426,0.594059405940594,0.7029702970297029,0.75,0.65,0.7,0.6911881188118812,0.05424025890164138,20,0.49902301165728274,0.42710894210282213,0.5962620204194343,0.6558909439580827,0.5748006379585326,0.41919421552840136,0.5113871741660788,0.6269084001174144,0.5321110721506069,0.5310119255382608,0.5373698343596917,0.07434403748077831,30,0.679611017227183,0.5948095233212239,0.7084821593427947,0.7428519990360283,0.7376454186772061,0.5925369774829145,0.6885565114030963,0.7445689339100672,0.6541571984332338,0.6908705804507572,0.6834090319284505,0.052824347084692025,22,,,,,,,,,,,,,1
29.28406414985657,0.30747397386555353,0.2630301952362061,0.024919428878213443,95,500,16,,6,balanced_subsample,True,"{'reduce_dim__percentile': 95, 'clf__n_estimators': 500, 'clf__min_samples_split': 16, 'clf__max_features': None, 'clf__max_depth': 6, 'clf__class_weight': 'balanced_subsample', 'clf__bootstrap': True}",0.49783950617283945,0.48030303030303023,0.6046296296296296,0.6555490805490805,0.5703638953638953,0.4390852974186308,0.6171997755331089,0.6118406285072951,0.5263187429854097,0.6010101010101009,0.5604139687473022,0.06696159128679445,27,0.6280998389694041,0.4807233434684415,0.6412443144899285,0.771019721019721,0.5390042056708723,0.38920012449424213,0.6219039993430238,0.7157517751339262,0.5687629908218144,0.5486295705593951,0.590433988397077,0.1052142002085542,22,0.7075620605538815,0.6242011402174477,0.7386080713334492,0.782382147989235,0.7228206337117228,0.6154699503563801,0.7351084498693772,0.7821448631460073,0.6771860933184464,0.7046185539606593,0.7090101964456607,0.054273856295362896,34,0.49783950617283945,0.48030303030303023,0.6046296296296296,0.6555490805490805,0.5703638953638953,0.4390852974186308,0.6171997755331089,0.6118406285072951,0.5263187429854097,0.6010101010101009,0.5604139687473022,0.06696159128679445,27,0.7029702970297029,0.6039603960396039,0.7128712871287128,0.7425742574257426,0.7128712871287128,0.5841584158415841,0.7227722772277227,0.71,0.63,0.7,0.6822178217821782,0.052107702177443184,26,0.4943203093203093,0.4651316528432423,0.5920484957827538,0.6423156751408784,0.5485953840424354,0.40389289183127564,0.5890077243018419,0.584725206804796,0.5153049739755448,0.5668158867424107,0.5402158200785487,0.06723023414676783,27,0.6823994487360825,0.6028689022814019,0.7108208340817684,0.7320766876339202,0.7121706508906167,0.5868190063085628,0.7174308607331321,0.7098064015573642,0.635805049659988,0.6963334648141783,0.6786531306697016,0.04881172319173391,27,,,,,,,,,,,,,1
27.94525077342987,0.7212373809073984,0.24074294567108154,0.020385532852562137,95,500,33,,6,balanced_subsample,True,"{'reduce_dim__percentile': 95, 'clf__n_estimators': 500, 'clf__min_samples_split': 33, 'clf__max_features': None, 'clf__max_depth': 6, 'clf__class_weight': 'balanced_subsample', 'clf__bootstrap': True}",0.5231481481481481,0.4664141414141414,0.6416666666666667,0.703949753949754,0.6076534576534577,0.44736251402918076,0.6406004489337822,0.5956790123456791,0.5515712682379349,0.6254208754208754,0.5803466286799621,0.07774696717866048,8,0.6171332184898076,0.47041107041107044,0.6623707040373706,0.7480920314253647,0.5542592042592043,0.41190087145969495,0.5673001949317739,0.6753407891089052,0.5252195154155939,0.5504409171075838,0.5782468516646369,0.09510175371470357,27,0.7217003095658402,0.6168498168498168,0.7537834864567539,0.7924692469246924,0.7375024137400374,0.6236167734420501,0.7362298071912454,0.7675096883792536,0.6604367201426026,0.7270793650793651,0.7137177627771657,0.056882195540790284,24,0.5231481481481481,0.4664141414141414,0.6416666666666667,0.703949753949754,0.6076534576534577,0.44736251402918076,0.6406004489337822,0.5956790123456791,0.5515712682379349,0.6254208754208754,0.5803466286799621,0.07774696717866048,8,0.7029702970297029,0.594059405940594,0.7227722772277227,0.7524752475247525,0.7128712871287128,0.5643564356435643,0.7128712871287128,0.68,0.62,0.69,0.6752376237623763,0.058312283606206425,31,0.5058142075789136,0.45018659789818727,0.6196076073527054,0.6628918473004495,0.5694689398393101,0.41955719193493496,0.5903657742969077,0.550370435447051,0.5251152283036341,0.5768346813643412,0.5470212511316435,0.0705545242835411,15,0.6899460760555693,0.5922150017265112,0.7222218580401458,0.7432383791374529,0.7160319206523826,0.578698951212048,0.716201979902848,0.6823968453265589,0.6270966077400861,0.6990566547294023,0.6767104274523005,0.05432968836422177,29,,,,,,,,,,,,,1
10.204921650886536,1.8963204430487735,0.2236100435256958,0.02284645558280557,95,500,2,50,7,balanced_subsample,True,"{'reduce_dim__percentile': 95, 'clf__n_estimators': 500, 'clf__min_samples_split': 2, 'clf__max_features': 50, 'clf__max_depth': 7, 'clf__class_weight': 'balanced_subsample', 'clf__bootstrap': True}",0.5135802469135802,0.44132996632996635,0.6096801346801347,0.6994884744884744,0.5542864542864543,0.48066778900112234,0.4849046015712682,0.5884680134680136,0.49980359147025816,0.6262626262626263,0.5498471898471899,0.07610654329720633,37,0.6415123456790123,0.5921388355912165,0.6459430662682695,0.714559242500419,0.8068456302151954,0.7037277537277536,0.5772522566000826,0.8142697881828317,0.6402270568937235,0.6934543851210517,0.6829930360779557,0.07646353349838302,4,0.7287403740374037,0.6454579445385669,0.7446165817332203,0.7858235144781447,0.7953933980354557,0.708975183232609,0.6968207750063109,0.8052775919732441,0.6975291375291376,0.7625728715728717,0.7371207372136965,0.04855210723346871,2,0.5135802469135802,0.44132996632996635,0.6096801346801347,0.6994884744884744,0.5542864542864543,0.48066778900112234,0.4849046015712682,0.5884680134680136,0.49980359147025816,0.6262626262626263,0.5498471898471899,0.07610654329720633,37,0.7128712871287128,0.6336633663366337,0.7425742574257426,0.7920792079207921,0.7623762376237624,0.6534653465346535,0.693069306930693,0.75,0.68,0.74,0.716009900990099,0.04785237833936832,3,0.5172544956858682,0.4562247222688649,0.5944115917972127,0.6957333658100923,0.5457972503807171,0.4555041687319847,0.4700696220517192,0.5953502415458937,0.491169663590806,0.6008056906973315,0.542232081256049,0.07477173944371354,22,0.6938860854411233,0.6129667337151073,0.7287886771870464,0.7825640803028056,0.7349194961589222,0.6352171830455356,0.675680745823943,0.7310652173913043,0.6651551134287708,0.7327515258735073,0.6992994858368066,0.04950996312657902,3,,,,,,,,,,,,,1
8.665842390060424,0.4820314069641067,0.22429466247558594,0.010336711617337013,95,500,16,50,7,balanced_subsample,True,"{'reduce_dim__percentile': 95, 'clf__n_estimators': 500, 'clf__min_samples_split': 16, 'clf__max_features': 50, 'clf__max_depth': 7, 'clf__class_weight': 'balanced_subsample', 'clf__bootstrap': True}",0.5024691358024691,0.468939393939394,0.6210437710437711,0.6858521108521108,0.5812224812224813,0.5147586980920313,0.5108305274971942,0.6086700336700337,0.4993827160493827,0.6136363636363638,0.5606805231805232,0.06707994626676338,25,0.6301767676767677,0.4707010582010581,0.6212488129154796,0.6517924976258311,0.6532407407407407,0.48103018985371926,0.59491341991342,0.7384920148078042,0.5295109211775879,0.6604873521540189,0.6031593775066427,0.08092264548523569,17,0.7259975997599759,0.6170674210278171,0.7384276889227384,0.7666402217144793,0.7668729372937294,0.6602767839809193,0.7166548797736916,0.7947550256760781,0.6849743589743591,0.7504226884226884,0.7222089605546477,0.05158774653492718,11,0.5024691358024691,0.468939393939394,0.6210437710437711,0.6858521108521108,0.5812224812224813,0.5147586980920313,0.5108305274971942,0.6086700336700337,0.4993827160493827,0.6136363636363638,0.5606805231805232,0.06707994626676338,25,0.7029702970297029,0.6039603960396039,0.7326732673267327,0.7722772277227723,0.7326732673267327,0.6336633663366337,0.693069306930693,0.74,0.66,0.72,0.6991287128712871,0.04963114213456521,11,0.5062756691221111,0.4577508586280516,0.6084599837257527,0.6604162351378396,0.5546976331459089,0.48433390675504906,0.48870002546473146,0.5873646220207117,0.4867821454166836,0.5748313170121144,0.5409612396428954,0.06270170718932298,25,0.6877396407377494,0.6019404948013599,0.7275648228992181,0.7640533726559754,0.7240554597331653,0.6334142759150989,0.6840390971870297,0.7286958628346202,0.6595259827187538,0.7158263394133811,0.6926855348896351,0.04698166539409575,9,,,,,,,,,,,,,1
8.484862923622131,0.5380322124582172,0.22622437477111818,0.0315721308414955,95,500,33,50,7,balanced_subsample,True,"{'reduce_dim__percentile': 95, 'clf__n_estimators': 500, 'clf__min_samples_split': 33, 'clf__max_features': 50, 'clf__max_depth': 7, 'clf__class_weight': 'balanced_subsample', 'clf__bootstrap': True}",0.5481481481481482,0.49604377104377106,0.6324074074074074,0.6953638953638954,0.6137140637140637,0.5119248035914702,0.5551627384960719,0.5899831649831649,0.5431537598204265,0.6010101010101009,0.578691185357852,0.056910383019325,10,0.5973104056437388,0.47885058411374204,0.6669121502454836,0.6145748020748021,0.5426042639277934,0.4787053224553225,0.5509323783714026,0.6989251489251489,0.5437636599917303,0.5368731171362751,0.5709451832885438,0.06948400321780361,34,0.7333019016187333,0.6365033264460049,0.7632915801232634,0.7600363076848226,0.7379936628116593,0.6692255764037942,0.7181771138786353,0.7743030303030304,0.6960818713450293,0.709487240829346,0.7198401611444318,0.041427041204758916,13,0.5481481481481482,0.49604377104377106,0.6324074074074074,0.6953638953638954,0.6137140637140637,0.5119248035914702,0.5551627384960719,0.5899831649831649,0.5431537598204265,0.6010101010101009,0.578691185357852,0.056910383019325,10,0.7227722772277227,0.6138613861386139,0.7326732673267327,0.7524752475247525,0.7029702970297029,0.6237623762376238,0.693069306930693,0.7,0.67,0.7,0.6911584158415841,0.04212710262073711,21,0.5375849613036903,0.4747428510699673,0.6141051033207896,0.6477664912245137,0.5624401992218084,0.4791338249004153,0.5411163455281103,0.5585985929114737,0.5318234170853056,0.5617393337040413,0.5509051120270115,0.05027440603352929,8,0.7096601372684357,0.6149637058397376,0.7298204330236945,0.7498403774062192,0.7059276029914472,0.6284628920557961,0.6978369475603023,0.6970111994233882,0.6747304300299123,0.6995831085313142,0.6907836834130248,0.039564424787826145,15,,,,,,,,,,,,,1
24.714596652984618,1.8212636161600515,0.25629825592041017,0.01845281816739582,95,500,2,181,7,balanced_subsample,True,"{'reduce_dim__percentile': 95, 'clf__n_estimators': 500, 'clf__min_samples_split': 2, 'clf__max_features': 181, 'clf__max_depth': 7, 'clf__class_weight': 'balanced_subsample', 'clf__bootstrap': True}",0.5003086419753087,0.4526936026936027,0.6346801346801346,0.6605995855995856,0.5887982387982388,0.4575196408529742,0.5269921436588103,0.5627946127946127,0.5019079685746353,0.5791245791245792,0.5465419148752483,0.06718128040133285,42,0.6464506172839506,0.5894822099532244,0.7051790801790802,0.6879533820590731,0.694660475183731,0.5778821568295253,0.6208139083139083,0.8052266489337427,0.6368397411080338,0.6466523163677634,0.6611140536212032,0.06265145687380577,6,0.7199532453245324,0.6538428687589256,0.7590940412722592,0.7565280918335736,0.7796097093098014,0.6713370006751976,0.723062498557548,0.7918878131784309,0.7014522246046637,0.7352769723501431,0.7292044465865076,0.04250675566423342,6,0.5003086419753087,0.4526936026936027,0.6346801346801346,0.6605995855995856,0.5887982387982388,0.4575196408529742,0.5269921436588103,0.5627946127946127,0.5019079685746353,0.5791245791245792,0.5465419148752483,0.06718128040133285,42,0.7128712871287128,0.6336633663366337,0.7524752475247525,0.7623762376237624,0.7623762376237624,0.6336633663366337,0.7227722772277227,0.74,0.67,0.72,0.711019801980198,0.046589940824398754,6,0.5169792074535908,0.4578864788628328,0.6327129046289816,0.6608835461951411,0.5782202152891808,0.43544738910592573,0.5112992056726072,0.5806115204899682,0.48804598987889697,0.5545000573328747,0.541658651491,0.06944647272838848,23,0.6919138782948504,0.6159399182305135,0.7400037118124193,0.7517596470094856,0.7466842250727536,0.6242975168596999,0.7024795281866512,0.7231791446826509,0.6598747836420471,0.7100478844169248,0.6966180238207997,0.04632619097379052,4,,,,,,,,,,,,,1
24.832081580162047,0.19791154093290955,0.25723555088043215,0.02901591102440464,95,500,16,181,7,balanced_subsample,True,"{'reduce_dim__percentile': 95, 'clf__n_estimators': 500, 'clf__min_samples_split': 16, 'clf__max_features': 181, 'clf__max_depth': 7, 'clf__class_weight': 'balanced_subsample', 'clf__bootstrap': True}",0.47253086419753093,0.5031986531986532,0.6321548821548821,0.6555490805490805,0.5840002590002591,0.45945566778900115,0.6033108866442201,0.6181818181818182,0.5313692480359147,0.6111111111111112,0.567086247086247,0.06639973285269374,20,0.5589637509850275,0.5146164021164021,0.6806573056573056,0.7705490578297596,0.5462810337810338,0.4304294108215677,0.6083712358102602,0.7403066671359354,0.5730313646980314,0.6583830886462466,0.608158931748157,0.09971613497234887,12,0.6889965592303912,0.6511786892975011,0.76003699271026,0.7824387701928087,0.7353185181155478,0.6299566931483064,0.7246362488031167,0.7958460035899061,0.6857698607698608,0.7413974972396025,0.7195575833097302,0.051906945699935585,15,0.47253086419753093,0.5031986531986532,0.6321548821548821,0.6555490805490805,0.5840002590002591,0.45945566778900115,0.6033108866442201,0.6181818181818182,0.5313692480359147,0.6111111111111112,0.567086247086247,0.06639973285269374,20,0.693069306930693,0.6336633663366337,0.7425742574257426,0.7425742574257426,0.7326732673267327,0.5841584158415841,0.7128712871287128,0.74,0.65,0.71,0.6941584158415842,0.05156060730693743,16,0.4722773630020007,0.49165649165649167,0.6211441502533407,0.6432375661086264,0.5578652820966905,0.4343981470011334,0.5774354186118891,0.5938003431037486,0.5222478763965331,0.5738948432508553,0.5487957481481309,0.06373615309993827,10,0.6685086521074469,0.62997860225583,0.7344117918489447,0.7331459864179596,0.7272770899856915,0.5935429454666741,0.7087930221593588,0.7292887298460055,0.6532450849712483,0.7057027772683742,0.6883894682327535,0.04696841414124396,17,,,,,,,,,,,,,1
23.40567238330841,0.29101085957031747,0.2530065059661865,0.021084782191999284,95,500,33,181,7,balanced_subsample,True,"{'reduce_dim__percentile': 95, 'clf__n_estimators': 500, 'clf__min_samples_split': 33, 'clf__max_features': 181, 'clf__max_depth': 7, 'clf__class_weight': 'balanced_subsample', 'clf__bootstrap': True}",0.5117283950617284,0.48282828282828283,0.6416666666666667,0.6900608650608651,0.6212898212898212,0.46223344556677887,0.6146745230078563,0.614983164983165,0.5633557800224467,0.6355218855218854,0.5838342830009496,0.07157665407603521,6,0.5136644219977553,0.48425925925925917,0.6623707040373706,0.6340525134384783,0.5649901106041457,0.43534952701619367,0.5722943722943723,0.7168498168498169,0.5231802148468816,0.5388247554914222,0.5645835695835696,0.08109058891186371,43,0.6916191619161915,0.6267326732673267,0.7537834864567539,0.7491854448602755,0.7464627550088727,0.6332376094752332,0.7255604131841755,0.7848681318681318,0.6727532467532469,0.7248823953823953,0.7109085318172602,0.05039217045731232,31,0.5117283950617284,0.48282828282828283,0.6416666666666667,0.6900608650608651,0.6212898212898212,0.46223344556677887,0.6146745230078563,0.614983164983165,0.5633557800224467,0.6355218855218854,0.5838342830009496,0.07157665407603521,6,0.7029702970297029,0.6138613861386139,0.7227722772277227,0.7425742574257426,0.7326732673267327,0.5841584158415841,0.7128712871287128,0.72,0.64,0.7,0.6871881188118811,0.05174057355943769,22,0.50089600884049,0.4693910702682633,0.6196076073527054,0.6557158828443658,0.5831959941300725,0.4381614994887306,0.5768644611994995,0.5760151717983043,0.5337342265139193,0.5752249807843891,0.552880690322074,0.06384063934885478,6,0.6881950644313793,0.6102384674557683,0.7222218580401458,0.7370249480719855,0.7322515630383116,0.5952476973751641,0.7097007554244646,0.7118534136546185,0.6459561396612059,0.7031823494008637,0.6855872256553908,0.04812748572551055,19,,,,,,,,,,,,,1
33.50765969753265,0.2926795917777956,0.25603561401367186,0.015911375298500983,95,500,2,,7,balanced_subsample,True,"{'reduce_dim__percentile': 95, 'clf__n_estimators': 500, 'clf__min_samples_split': 2, 'clf__max_features': None, 'clf__max_depth': 7, 'clf__class_weight': 'balanced_subsample', 'clf__bootstrap': True}",0.5003086419753087,0.4526936026936027,0.5819023569023569,0.671963221963222,0.6054649054649055,0.43153759820426485,0.5244668911335578,0.585942760942761,0.5456790123456791,0.5955387205387205,0.5495497712164379,0.06998177687063982,38,0.6964506172839506,0.5908214191902135,0.6232675593140709,0.7905551238884572,0.5979242979242979,0.5675335061299973,0.6102573352573353,0.8340765514678559,0.7502136752136752,0.7596292596292595,0.6820729345299112,0.09103900924393514,5,0.7308443344334433,0.6498527056353052,0.7179299325281364,0.7974220498972975,0.7598592826315599,0.6540182647530224,0.7078211392567828,0.8137123745819399,0.7404423076923077,0.7676656676656677,0.7339568059075463,0.05162496158731179,3,0.5003086419753087,0.4526936026936027,0.5819023569023569,0.671963221963222,0.6054649054649055,0.43153759820426485,0.5244668911335578,0.585942760942761,0.5456790123456791,0.5955387205387205,0.5495497712164379,0.06998177687063982,38,0.7128712871287128,0.6336633663366337,0.7227722772277227,0.7623762376237624,0.7722772277227723,0.6039603960396039,0.7128712871287128,0.76,0.68,0.74,0.710079207920792,0.0530782059924534,7,0.5052575957319791,0.4589401576942895,0.5720451206385871,0.6627546159081669,0.5924340795749825,0.41762382057632386,0.5073283375713044,0.6057701502501162,0.5467273203831715,0.5633425865926405,0.5432223784921562,0.06890430052641631,20,0.688508372909147,0.6142039204549118,0.7067287698435386,0.7519819857362205,0.7607424549373053,0.6011046419147691,0.6920355490061245,0.7430675516583445,0.6776570685127552,0.7212407708738331,0.695727108584695,0.051377439636063435,5,,,,,,,,,,,,,1
32.30856566429138,0.3696925391617008,0.26155040264129636,0.014143995336225715,95,500,16,,7,balanced_subsample,True,"{'reduce_dim__percentile': 95, 'clf__n_estimators': 500, 'clf__min_samples_split': 16, 'clf__max_features': None, 'clf__max_depth': 7, 'clf__class_weight': 'balanced_subsample', 'clf__bootstrap': True}",0.48395061728395056,0.5031986531986532,0.6071548821548822,0.6555490805490805,0.5978891478891479,0.4388327721661055,0.566273849607183,0.6267676767676768,0.5313692480359147,0.6035353535353535,0.5614521281187949,0.06608437031406209,24,0.557420826623725,0.5154858691444058,0.6592592592592592,0.7705490578297596,0.556003256003256,0.4067019400352734,0.601804741339625,0.7436646686646687,0.5762839762839762,0.5560001726668393,0.5943173767850788,0.10181965692181033,20,0.6868799923470608,0.645346764641621,0.7432343234323432,0.7824387701928087,0.7445181880825447,0.6209178060663209,0.709051597723023,0.7982462537462537,0.6859371101871102,0.7108970473970473,0.7127467853816134,0.05337255258065719,27,0.48395061728395056,0.5031986531986532,0.6071548821548822,0.6555490805490805,0.5978891478891479,0.4388327721661055,0.566273849607183,0.6267676767676768,0.5313692480359147,0.6035353535353535,0.5614521281187949,0.06608437031406209,24,0.693069306930693,0.6336633663366337,0.7227722772277227,0.7425742574257426,0.7425742574257426,0.594059405940594,0.7029702970297029,0.74,0.65,0.71,0.6931683168316831,0.04853638641064405,19,0.4854327371974432,0.49262478020647954,0.6008297258297258,0.6432375661086264,0.5698626097633893,0.41097346803687507,0.5600374019339536,0.5989251510418558,0.5235990513578844,0.5729315393876993,0.5458454030863933,0.0648115194738259,17,0.6734234897310029,0.6279078069410045,0.7176889117483177,0.7331459864179596,0.7371709075331956,0.5950785189459478,0.6975370271017248,0.7294248665141113,0.6530285434624737,0.7058146071842577,0.6870220665579996,0.04597074242667292,18,,,,,,,,,,,,,1
28.89827604293823,3.1316996528233605,0.2286257266998291,0.03738031996330155,95,500,33,,7,balanced_subsample,True,"{'reduce_dim__percentile': 95, 'clf__n_estimators': 500, 'clf__min_samples_split': 33, 'clf__max_features': None, 'clf__max_depth': 7, 'clf__class_weight': 'balanced_subsample', 'clf__bootstrap': True}",0.5092592592592592,0.48030303030303023,0.6416666666666667,0.703949753949754,0.5731416731416732,0.44988776655443324,0.6007856341189675,0.6217171717171718,0.5633557800224467,0.6355218855218854,0.5779588621255287,0.07521748452516008,13,0.5003367003367004,0.4807233434684415,0.6623707040373706,0.745352214960058,0.5409635199108883,0.41688986394868743,0.5365902615902616,0.7080408869882553,0.5231802148468816,0.5388247554914222,0.5653272465578967,0.09975320191380604,41,0.6803930393039304,0.6242011402174477,0.7537834864567539,0.7910955801462499,0.7362105759448125,0.6282291577574046,0.7138250363497889,0.7870094116409906,0.6727532467532469,0.7248823953823953,0.7112383069953021,0.05625257404030285,30,0.5092592592592592,0.48030303030303023,0.6416666666666667,0.703949753949754,0.5731416731416732,0.44988776655443324,0.6007856341189675,0.6217171717171718,0.5633557800224467,0.6355218855218854,0.5779588621255287,0.07521748452516008,13,0.693069306930693,0.6039603960396039,0.7227722772277227,0.7524752475247525,0.7128712871287128,0.5742574257425742,0.7029702970297029,0.72,0.64,0.7,0.6822376237623762,0.05419828025852906,25,0.4953615901368711,0.4651316528432423,0.6196076073527054,0.661672278338945,0.5482221959983796,0.4251235309916495,0.5585704161182545,0.5765803323555737,0.5337342265139193,0.5752249807843891,0.5459228811433929,0.06679507032174545,16,0.6788463066580768,0.6028689022814019,0.7222218580401458,0.7428542854285429,0.7165383375804274,0.5885445428131094,0.7024840354846461,0.7122012892783389,0.6459561396612059,0.7031823494008637,0.6815698046626759,0.04959561700965731,23,,,,,,,,,,,,,1
