mean_fit_time,std_fit_time,mean_score_time,std_score_time,param_clf__solver,param_clf__shrinkage,params,split0_test_balanced_accuracy,split1_test_balanced_accuracy,split2_test_balanced_accuracy,split3_test_balanced_accuracy,split4_test_balanced_accuracy,split5_test_balanced_accuracy,split6_test_balanced_accuracy,split7_test_balanced_accuracy,split8_test_balanced_accuracy,split9_test_balanced_accuracy,mean_test_balanced_accuracy,std_test_balanced_accuracy,rank_test_balanced_accuracy,split0_test_precision_macro,split1_test_precision_macro,split2_test_precision_macro,split3_test_precision_macro,split4_test_precision_macro,split5_test_precision_macro,split6_test_precision_macro,split7_test_precision_macro,split8_test_precision_macro,split9_test_precision_macro,mean_test_precision_macro,std_test_precision_macro,rank_test_precision_macro,split0_test_precision_weighted,split1_test_precision_weighted,split2_test_precision_weighted,split3_test_precision_weighted,split4_test_precision_weighted,split5_test_precision_weighted,split6_test_precision_weighted,split7_test_precision_weighted,split8_test_precision_weighted,split9_test_precision_weighted,mean_test_precision_weighted,std_test_precision_weighted,rank_test_precision_weighted,split0_test_recall_macro,split1_test_recall_macro,split2_test_recall_macro,split3_test_recall_macro,split4_test_recall_macro,split5_test_recall_macro,split6_test_recall_macro,split7_test_recall_macro,split8_test_recall_macro,split9_test_recall_macro,mean_test_recall_macro,std_test_recall_macro,rank_test_recall_macro,split0_test_recall_weighted,split1_test_recall_weighted,split2_test_recall_weighted,split3_test_recall_weighted,split4_test_recall_weighted,split5_test_recall_weighted,split6_test_recall_weighted,split7_test_recall_weighted,split8_test_recall_weighted,split9_test_recall_weighted,mean_test_recall_weighted,std_test_recall_weighted,rank_test_recall_weighted,split0_test_f1_macro,split1_test_f1_macro,split2_test_f1_macro,split3_test_f1_macro,split4_test_f1_macro,split5_test_f1_macro,split6_test_f1_macro,split7_test_f1_macro,split8_test_f1_macro,split9_test_f1_macro,mean_test_f1_macro,std_test_f1_macro,rank_test_f1_macro,split0_test_f1_weighted,split1_test_f1_weighted,split2_test_f1_weighted,split3_test_f1_weighted,split4_test_f1_weighted,split5_test_f1_weighted,split6_test_f1_weighted,split7_test_f1_weighted,split8_test_f1_weighted,split9_test_f1_weighted,mean_test_f1_weighted,std_test_f1_weighted,rank_test_f1_weighted,split0_test_auc_macro,split1_test_auc_macro,split2_test_auc_macro,split3_test_auc_macro,split4_test_auc_macro,split5_test_auc_macro,split6_test_auc_macro,split7_test_auc_macro,split8_test_auc_macro,split9_test_auc_macro,mean_test_auc_macro,std_test_auc_macro,rank_test_auc_macro
0.1329631805419922,0.025042429837757785,0.018637442588806154,0.0038116058704728904,svd,,"{'clf__solver': 'svd', 'clf__shrinkage': None}",0.6277777777777778,0.5063973063973064,0.6924242424242424,0.6020849520849522,0.5108132608132608,0.6011503928170594,0.6175925925925925,0.5372053872053872,0.5634960718294051,0.6174242424242424,0.5876366226366226,0.05513213886567823,15,0.528064528064528,0.41618900646678425,0.6189153439153439,0.5358556832694764,0.47430470763804095,0.5600502378280156,0.5226823096388313,0.4356403400521047,0.6124152747518761,0.5237590963397415,0.5227876527964743,0.0633799960416199,3,0.7358458373309859,0.6123657603855623,0.7589344648750589,0.6881772461065735,0.6932965824054934,0.7523276137137522,0.7217944775844044,0.6737986768133827,0.7522961406784937,0.7152981427174976,0.7104134942611205,0.04290322493010145,9,0.6277777777777778,0.5063973063973064,0.6924242424242424,0.6020849520849522,0.5108132608132608,0.6011503928170594,0.6175925925925925,0.5372053872053872,0.5634960718294051,0.6174242424242424,0.5876366226366226,0.05513213886567823,15,0.6336633663366337,0.504950495049505,0.693069306930693,0.594059405940594,0.594059405940594,0.6039603960396039,0.5643564356435643,0.55,0.62,0.63,0.5988118811881188,0.04896135209149748,3,0.5461061964907193,0.4271296503299633,0.6306403902395464,0.5344304439301462,0.4768916162594324,0.5330594201486221,0.523318141228589,0.4481118216618887,0.5418292922518275,0.5365924069432841,0.5198109379484019,0.05451168588527424,13,0.6561274677266882,0.5241626878985685,0.7121666597039451,0.6117258301172582,0.6206713130577932,0.636827251058181,0.598984031583411,0.5738926128186761,0.647160014633254,0.6528290726817042,0.623454694127948,0.04858021590814104,1,,,,,,,,,,,,,1
0.11047289371490479,0.006319979460917203,0.01546635627746582,0.0014614932695998272,lsqr,,"{'clf__solver': 'lsqr', 'clf__shrinkage': None}",0.6277777777777778,0.5063973063973064,0.6924242424242424,0.6020849520849522,0.5108132608132608,0.6011503928170594,0.6175925925925925,0.5372053872053872,0.5634960718294051,0.6174242424242424,0.5876366226366226,0.05513213886567823,15,0.528064528064528,0.41618900646678425,0.6189153439153439,0.5358556832694764,0.47430470763804095,0.5600502378280156,0.5226823096388313,0.4356403400521047,0.6124152747518761,0.5237590963397415,0.5227876527964743,0.0633799960416199,3,0.7358458373309859,0.6123657603855623,0.7589344648750589,0.6881772461065735,0.6932965824054934,0.7523276137137522,0.7217944775844044,0.6737986768133827,0.7522961406784937,0.7152981427174976,0.7104134942611205,0.04290322493010145,9,0.6277777777777778,0.5063973063973064,0.6924242424242424,0.6020849520849522,0.5108132608132608,0.6011503928170594,0.6175925925925925,0.5372053872053872,0.5634960718294051,0.6174242424242424,0.5876366226366226,0.05513213886567823,15,0.6336633663366337,0.504950495049505,0.693069306930693,0.594059405940594,0.594059405940594,0.6039603960396039,0.5643564356435643,0.55,0.62,0.63,0.5988118811881188,0.04896135209149748,3,0.5461061964907193,0.4271296503299633,0.6306403902395464,0.5344304439301462,0.4768916162594324,0.5330594201486221,0.523318141228589,0.4481118216618887,0.5418292922518275,0.5365924069432841,0.5198109379484019,0.05451168588527424,13,0.6561274677266882,0.5241626878985685,0.7121666597039451,0.6117258301172582,0.6206713130577932,0.636827251058181,0.598984031583411,0.5738926128186761,0.647160014633254,0.6528290726817042,0.623454694127948,0.04858021590814104,1,,,,,,,,,,,,,1
0.11470599174499511,0.002335756710431202,0.015957355499267578,0.0023902159606967225,lsqr,auto,"{'clf__solver': 'lsqr', 'clf__shrinkage': 'auto'}",0.6555555555555556,0.5101851851851852,0.676010101010101,0.6028036778036778,0.5677933177933178,0.5340628507295173,0.6132154882154883,0.5562850729517396,0.5862233445566779,0.5883838383838383,0.5890518432185099,0.04851314137753088,13,0.5477614977614977,0.4088375124607009,0.618753124145281,0.541961741961742,0.5036324786324786,0.5146284271284272,0.5133460205923973,0.457070707070707,0.5269047619047619,0.5163540163540163,0.5149250288012011,0.052408809889868894,17,0.7354858013273855,0.6107305140451934,0.7622545447822092,0.6987560294490988,0.6984876509628986,0.6978217464603603,0.7051368956771452,0.695560606060606,0.7152214285714286,0.7223430735930737,0.7041798290929399,0.03703347410650586,17,0.6555555555555556,0.5101851851851852,0.676010101010101,0.6028036778036778,0.5677933177933178,0.5340628507295173,0.6132154882154883,0.5562850729517396,0.5862233445566779,0.5883838383838383,0.5890518432185099,0.04851314137753088,13,0.6435643564356436,0.4752475247524752,0.693069306930693,0.5841584158415841,0.594059405940594,0.5544554455445545,0.5544554455445545,0.56,0.6,0.59,0.5849009900990099,0.05475215744809565,17,0.5770210256511626,0.418904894260639,0.6293545936555314,0.5198104364771032,0.5139258284683121,0.48219103796568585,0.5137219813058014,0.4650435258278395,0.5305540964250824,0.5123116769379165,0.5162839096975074,0.05476178192153855,17,0.6619134222619913,0.4963991946730315,0.7154987483796579,0.6022322012421023,0.6205771137337823,0.5869513194935032,0.5856680111322526,0.5857671674730498,0.6219086775685241,0.6275731357378955,0.6104488991695791,0.053908701012101545,17,,,,,,,,,,,,,1
0.11650345325469971,0.00602864645882658,0.01636316776275635,0.0027148639525434665,eigen,auto,"{'clf__solver': 'eigen', 'clf__shrinkage': 'auto'}",0.6555555555555556,0.5101851851851852,0.676010101010101,0.6028036778036778,0.5677933177933178,0.5340628507295173,0.6132154882154883,0.5562850729517396,0.5862233445566779,0.5883838383838383,0.5890518432185099,0.04851314137753088,13,0.5477614977614977,0.4088375124607009,0.618753124145281,0.541961741961742,0.5036324786324786,0.5146284271284272,0.5133460205923973,0.457070707070707,0.5269047619047619,0.5163540163540163,0.5149250288012011,0.052408809889868894,17,0.7354858013273855,0.6107305140451934,0.7622545447822092,0.6987560294490988,0.6984876509628986,0.6978217464603603,0.7051368956771452,0.695560606060606,0.7152214285714286,0.7223430735930737,0.7041798290929399,0.03703347410650586,17,0.6555555555555556,0.5101851851851852,0.676010101010101,0.6028036778036778,0.5677933177933178,0.5340628507295173,0.6132154882154883,0.5562850729517396,0.5862233445566779,0.5883838383838383,0.5890518432185099,0.04851314137753088,13,0.6435643564356436,0.4752475247524752,0.693069306930693,0.5841584158415841,0.594059405940594,0.5544554455445545,0.5544554455445545,0.56,0.6,0.59,0.5849009900990099,0.05475215744809565,17,0.5770210256511626,0.418904894260639,0.6293545936555314,0.5198104364771032,0.5139258284683121,0.48219103796568585,0.5137219813058014,0.4650435258278395,0.5305540964250824,0.5123116769379165,0.5162839096975074,0.05476178192153855,17,0.6619134222619913,0.4963991946730315,0.7154987483796579,0.6022322012421023,0.6205771137337823,0.5869513194935032,0.5856680111322526,0.5857671674730498,0.6219086775685241,0.6275731357378955,0.6104488991695791,0.053908701012101545,17,,,,,,,,,,,,,1
0.10825090408325196,0.003651675364030524,0.014737153053283691,0.0015582124807403646,lsqr,0.0,"{'clf__solver': 'lsqr', 'clf__shrinkage': 0.0}",0.6277777777777778,0.5063973063973064,0.6924242424242424,0.6020849520849522,0.5108132608132608,0.6011503928170594,0.6175925925925925,0.5372053872053872,0.5634960718294051,0.6174242424242424,0.5876366226366226,0.05513213886567823,15,0.528064528064528,0.41618900646678425,0.6189153439153439,0.5358556832694764,0.47430470763804095,0.5600502378280156,0.5226823096388313,0.4356403400521047,0.6124152747518761,0.5237590963397415,0.5227876527964743,0.0633799960416199,3,0.7358458373309859,0.6123657603855623,0.7589344648750589,0.6881772461065735,0.6932965824054934,0.7523276137137522,0.7217944775844044,0.6737986768133827,0.7522961406784937,0.7152981427174976,0.7104134942611205,0.04290322493010145,9,0.6277777777777778,0.5063973063973064,0.6924242424242424,0.6020849520849522,0.5108132608132608,0.6011503928170594,0.6175925925925925,0.5372053872053872,0.5634960718294051,0.6174242424242424,0.5876366226366226,0.05513213886567823,15,0.6336633663366337,0.504950495049505,0.693069306930693,0.594059405940594,0.594059405940594,0.6039603960396039,0.5643564356435643,0.55,0.62,0.63,0.5988118811881188,0.04896135209149748,3,0.5461061964907193,0.4271296503299633,0.6306403902395464,0.5344304439301462,0.4768916162594324,0.5330594201486221,0.523318141228589,0.4481118216618887,0.5418292922518275,0.5365924069432841,0.5198109379484019,0.05451168588527424,13,0.6561274677266882,0.5241626878985685,0.7121666597039451,0.6117258301172582,0.6206713130577932,0.636827251058181,0.598984031583411,0.5738926128186761,0.647160014633254,0.6528290726817042,0.623454694127948,0.04858021590814104,1,,,,,,,,,,,,,1
0.10845208168029785,0.005518023212480169,0.015578985214233398,0.0024171674348888424,eigen,0.0,"{'clf__solver': 'eigen', 'clf__shrinkage': 0.0}",0.6277777777777778,0.5063973063973064,0.6924242424242424,0.6020849520849522,0.5108132608132608,0.6011503928170594,0.6175925925925925,0.5372053872053872,0.5634960718294051,0.6174242424242424,0.5876366226366226,0.05513213886567823,15,0.528064528064528,0.41618900646678425,0.6189153439153439,0.5358556832694764,0.47430470763804095,0.5600502378280156,0.5226823096388313,0.4356403400521047,0.6124152747518761,0.5237590963397415,0.5227876527964743,0.0633799960416199,3,0.7358458373309859,0.6123657603855623,0.7589344648750589,0.6881772461065735,0.6932965824054934,0.7523276137137522,0.7217944775844044,0.6737986768133827,0.7522961406784937,0.7152981427174976,0.7104134942611205,0.04290322493010145,9,0.6277777777777778,0.5063973063973064,0.6924242424242424,0.6020849520849522,0.5108132608132608,0.6011503928170594,0.6175925925925925,0.5372053872053872,0.5634960718294051,0.6174242424242424,0.5876366226366226,0.05513213886567823,15,0.6336633663366337,0.504950495049505,0.693069306930693,0.594059405940594,0.594059405940594,0.6039603960396039,0.5643564356435643,0.55,0.62,0.63,0.5988118811881188,0.04896135209149748,3,0.5461061964907193,0.4271296503299633,0.6306403902395464,0.5344304439301462,0.4768916162594324,0.5330594201486221,0.523318141228589,0.4481118216618887,0.5418292922518275,0.5365924069432841,0.5198109379484019,0.05451168588527424,13,0.6561274677266882,0.5241626878985685,0.7121666597039451,0.6117258301172582,0.6206713130577932,0.636827251058181,0.598984031583411,0.5738926128186761,0.647160014633254,0.6528290726817042,0.623454694127948,0.04858021590814104,1,,,,,,,,,,,,,1
0.10667183399200439,0.005044461002544974,0.014324402809143067,0.0006072587338451826,lsqr,0.1,"{'clf__solver': 'lsqr', 'clf__shrinkage': 0.1}",0.6185185185185185,0.4937710437710437,0.6924242424242425,0.6192178192178193,0.5816822066822067,0.5340628507295173,0.662037037037037,0.5562850729517396,0.5836980920314253,0.6123737373737375,0.5954070620737287,0.0558478653504171,11,0.5349206349206349,0.40523437914742266,0.6347876524347112,0.5571852158059055,0.5146825396825396,0.5145723104056438,0.5372895622895624,0.457070707070707,0.524074074074074,0.5383571161348939,0.5218174191966095,0.05708767839070975,9,0.7443658651579443,0.5932933761603585,0.7841685008837017,0.7131639727064787,0.703889674681754,0.6997269369794121,0.7225944022973725,0.695560606060606,0.7125833333333333,0.7568617123617123,0.7126208380622674,0.04791285706749924,5,0.6185185185185185,0.4937710437710437,0.6924242424242425,0.6192178192178193,0.5816822066822067,0.5340628507295173,0.662037037037037,0.5562850729517396,0.5836980920314253,0.6123737373737375,0.5954070620737287,0.0558478653504171,11,0.6336633663366337,0.46534653465346537,0.7128712871287128,0.6039603960396039,0.6039603960396039,0.5544554455445545,0.5841584158415841,0.56,0.59,0.61,0.5918415841584159,0.05957830111153662,11,0.555043185477968,0.41373026020865256,0.6447356073595585,0.5359778476216833,0.5260710906135742,0.4821515349850064,0.5445367395069014,0.4650435258278395,0.5262269373664658,0.5328416716852595,0.522635840065291,0.05793218676882299,7,0.6582606086695626,0.48483998439882964,0.7356028068922013,0.6197166683400238,0.6274670884455392,0.5881943300259722,0.6110395595923944,0.5857671674730498,0.6118877522023302,0.6502813178913993,0.6173057283931302,0.06027097425907501,11,,,,,,,,,,,,,1
0.10781297683715821,0.005259648146043235,0.014948129653930664,0.0013030299003447881,eigen,0.1,"{'clf__solver': 'eigen', 'clf__shrinkage': 0.1}",0.6185185185185185,0.4937710437710437,0.6924242424242425,0.6192178192178193,0.5816822066822067,0.5340628507295173,0.662037037037037,0.5562850729517396,0.5836980920314253,0.6123737373737375,0.5954070620737287,0.0558478653504171,11,0.5349206349206349,0.40523437914742266,0.6347876524347112,0.5571852158059055,0.5146825396825396,0.5145723104056438,0.5372895622895624,0.457070707070707,0.524074074074074,0.5383571161348939,0.5218174191966095,0.05708767839070975,9,0.7443658651579443,0.5932933761603585,0.7841685008837017,0.7131639727064787,0.703889674681754,0.6997269369794121,0.7225944022973725,0.695560606060606,0.7125833333333333,0.7568617123617123,0.7126208380622674,0.04791285706749924,5,0.6185185185185185,0.4937710437710437,0.6924242424242425,0.6192178192178193,0.5816822066822067,0.5340628507295173,0.662037037037037,0.5562850729517396,0.5836980920314253,0.6123737373737375,0.5954070620737287,0.0558478653504171,11,0.6336633663366337,0.46534653465346537,0.7128712871287128,0.6039603960396039,0.6039603960396039,0.5544554455445545,0.5841584158415841,0.56,0.59,0.61,0.5918415841584159,0.05957830111153662,11,0.555043185477968,0.41373026020865256,0.6447356073595585,0.5359778476216833,0.5260710906135742,0.4821515349850064,0.5445367395069014,0.4650435258278395,0.5262269373664658,0.5328416716852595,0.522635840065291,0.05793218676882299,7,0.6582606086695626,0.48483998439882964,0.7356028068922013,0.6197166683400238,0.6274670884455392,0.5881943300259722,0.6110395595923944,0.5857671674730498,0.6118877522023302,0.6502813178913993,0.6173057283931302,0.06027097425907501,11,,,,,,,,,,,,,1
0.11486709117889404,0.0050199183195112854,0.015967392921447755,0.002126440686008714,lsqr,0.2,"{'clf__solver': 'lsqr', 'clf__shrinkage': 0.2}",0.6212962962962963,0.503030303030303,0.7037878787878787,0.6053289303289303,0.5816822066822067,0.5849887766554434,0.662037037037037,0.5451739618406285,0.6065937149270483,0.6254208754208754,0.6039339981006647,0.05348577102756968,3,0.5409932659932659,0.409650333563377,0.631305114638448,0.5262311762311762,0.5146927146927147,0.5393532393532394,0.5369809203142536,0.43864555923379456,0.5500889850889851,0.5526308054085832,0.5240572114517837,0.05844701949388942,1,0.7552912434100553,0.6004017793083656,0.7765647993370765,0.688996482065789,0.7096725057121098,0.7292578708420293,0.7210267455316959,0.6814709702062643,0.7316705627705627,0.7707296777296777,0.7165082636913627,0.048964973777026466,1,0.6212962962962963,0.503030303030303,0.7037878787878787,0.6053289303289303,0.5816822066822067,0.5849887766554434,0.662037037037037,0.5451739618406285,0.6065937149270483,0.6254208754208754,0.6039339981006647,0.05348577102756968,3,0.6336633663366337,0.4752475247524752,0.7128712871287128,0.594059405940594,0.6039603960396039,0.5742574257425742,0.5841584158415841,0.55,0.62,0.62,0.5968217821782178,0.057965446948143595,7,0.5553530473820328,0.4188268097496465,0.6510218573248591,0.5249013835970359,0.5229646291737795,0.5102675102675103,0.5451635201336821,0.4519984610586369,0.5516620657925007,0.5429466588295521,0.5275105943309236,0.059162885966411394,3,0.6619046687277422,0.49271241999403753,0.7319371832958538,0.6122889609760037,0.6297708902542917,0.6084144678204083,0.6100189959975734,0.5752023070461205,0.6384052795031055,0.6586281405397431,0.621928331415488,0.05888749776802676,7,,,,,,,,,,,,,1
0.12341465950012206,0.0063499985518982345,0.01619420051574707,0.001290071960956695,eigen,0.2,"{'clf__solver': 'eigen', 'clf__shrinkage': 0.2}",0.6212962962962963,0.503030303030303,0.7037878787878787,0.6053289303289303,0.5816822066822067,0.5849887766554434,0.662037037037037,0.5451739618406285,0.6065937149270483,0.6254208754208754,0.6039339981006647,0.05348577102756968,3,0.5409932659932659,0.409650333563377,0.631305114638448,0.5262311762311762,0.5146927146927147,0.5393532393532394,0.5369809203142536,0.43864555923379456,0.5500889850889851,0.5526308054085832,0.5240572114517837,0.05844701949388942,1,0.7552912434100553,0.6004017793083656,0.7765647993370765,0.688996482065789,0.7096725057121098,0.7292578708420293,0.7210267455316959,0.6814709702062643,0.7316705627705627,0.7707296777296777,0.7165082636913627,0.048964973777026466,1,0.6212962962962963,0.503030303030303,0.7037878787878787,0.6053289303289303,0.5816822066822067,0.5849887766554434,0.662037037037037,0.5451739618406285,0.6065937149270483,0.6254208754208754,0.6039339981006647,0.05348577102756968,3,0.6336633663366337,0.4752475247524752,0.7128712871287128,0.594059405940594,0.6039603960396039,0.5742574257425742,0.5841584158415841,0.55,0.62,0.62,0.5968217821782178,0.057965446948143595,7,0.5553530473820328,0.4188268097496465,0.6510218573248591,0.5249013835970359,0.5229646291737795,0.5102675102675103,0.5451635201336821,0.4519984610586369,0.5516620657925007,0.5429466588295521,0.5275105943309236,0.059162885966411394,3,0.6619046687277422,0.49271241999403753,0.7319371832958538,0.6122889609760037,0.6297708902542917,0.6084144678204083,0.6100189959975734,0.5752023070461205,0.6384052795031055,0.6586281405397431,0.621928331415488,0.05888749776802676,7,,,,,,,,,,,,,1
0.117553448677063,0.008368248509701566,0.016440629959106445,0.0022487277264813953,lsqr,0.30000000000000004,"{'clf__solver': 'lsqr', 'clf__shrinkage': 0.30000000000000004}",0.6330246913580246,0.49166666666666664,0.6361952861952863,0.6028036778036778,0.5955710955710956,0.5732042648709316,0.6527777777777778,0.5537598204264871,0.6230078563411897,0.6788720538720538,0.6040883190883191,0.05137021915256158,1,0.5522727272727272,0.4199599782933116,0.5812770562770563,0.5081277279553141,0.5232759010536788,0.5139031339031339,0.5262345679012346,0.44369606428429953,0.5745624745624746,0.5777777777777778,0.5221087409281008,0.05208194930781395,7,0.7625819724829626,0.6117693637495617,0.7455767005271955,0.6743697607729701,0.728049581514928,0.7080020309723281,0.7140539053905389,0.6863800611153552,0.7472197802197802,0.7776071428571428,0.7155610299602764,0.04636835072956057,3,0.6330246913580246,0.49166666666666664,0.6361952861952863,0.6028036778036778,0.5955710955710956,0.5732042648709316,0.6527777777777778,0.5537598204264871,0.6230078563411897,0.6788720538720538,0.6040883190883191,0.05137021915256158,1,0.6534653465346535,0.48514851485148514,0.693069306930693,0.5841584158415841,0.6138613861386139,0.5544554455445545,0.5742574257425742,0.55,0.64,0.65,0.5998415841584158,0.05872915140025187,1,0.5698894739269649,0.4202731424953647,0.6009419592752925,0.5206173873039072,0.5315608313809227,0.49387623648493206,0.5334923899629782,0.45752892787863125,0.5694194694194695,0.5821664355978081,0.5279766253726271,0.05436713629157495,1,0.6793174090300161,0.5057604661565058,0.7096681096681096,0.6017506203820547,0.6395245906702609,0.5872843681883717,0.5999980450533741,0.5738698729465314,0.6561808191808193,0.679382650029709,0.6232736951305753,0.05800896903678161,5,,,,,,,,,,,,,1
0.11105527877807617,0.005303295414653986,0.014722323417663575,0.0015522938437962722,eigen,0.30000000000000004,"{'clf__solver': 'eigen', 'clf__shrinkage': 0.30000000000000004}",0.6330246913580246,0.49166666666666664,0.6361952861952863,0.6028036778036778,0.5955710955710956,0.5732042648709316,0.6527777777777778,0.5537598204264871,0.6230078563411897,0.6788720538720538,0.6040883190883191,0.05137021915256158,1,0.5522727272727272,0.4199599782933116,0.5812770562770563,0.5081277279553141,0.5232759010536788,0.5139031339031339,0.5262345679012346,0.44369606428429953,0.5745624745624746,0.5777777777777778,0.5221087409281008,0.05208194930781395,7,0.7625819724829626,0.6117693637495617,0.7455767005271955,0.6743697607729701,0.728049581514928,0.7080020309723281,0.7140539053905389,0.6863800611153552,0.7472197802197802,0.7776071428571428,0.7155610299602764,0.04636835072956057,3,0.6330246913580246,0.49166666666666664,0.6361952861952863,0.6028036778036778,0.5955710955710956,0.5732042648709316,0.6527777777777778,0.5537598204264871,0.6230078563411897,0.6788720538720538,0.6040883190883191,0.05137021915256158,1,0.6534653465346535,0.48514851485148514,0.693069306930693,0.5841584158415841,0.6138613861386139,0.5544554455445545,0.5742574257425742,0.55,0.64,0.65,0.5998415841584158,0.05872915140025187,1,0.5698894739269649,0.4202731424953647,0.6009419592752925,0.5206173873039072,0.5315608313809227,0.49387623648493206,0.5334923899629782,0.45752892787863125,0.5694194694194695,0.5821664355978081,0.5279766253726271,0.05436713629157495,1,0.6793174090300161,0.5057604661565058,0.7096681096681096,0.6017506203820547,0.6395245906702609,0.5872843681883717,0.5999980450533741,0.5738698729465314,0.6561808191808193,0.679382650029709,0.6232736951305753,0.05800896903678161,5,,,,,,,,,,,,,1
0.10719287395477295,0.005730676380257878,0.015761542320251464,0.002677576481238604,lsqr,0.4,"{'clf__solver': 'lsqr', 'clf__shrinkage': 0.4}",0.5981481481481481,0.4845117845117845,0.6250841750841751,0.6166925666925667,0.5930846930846931,0.5482042648709315,0.6460437710437711,0.5661054994388327,0.6368967452300786,0.6624579124579124,0.5977229560562894,0.050456725922166636,7,0.5277236652236651,0.414927772174149,0.5786195286195286,0.5214875163151026,0.5186426536426536,0.49857463524130197,0.5229939813273146,0.447334455667789,0.5573780129335685,0.5673133450911227,0.5154995566236196,0.04870477633182779,15,0.751041532724701,0.6125011760612278,0.7413891389138914,0.6812415193774018,0.7237812352663838,0.6953115311531153,0.6972063964638221,0.6902121212121212,0.7233359788359789,0.7703703703703703,0.7086391000379014,0.04215160233171605,13,0.5981481481481481,0.4845117845117845,0.6250841750841751,0.6166925666925667,0.5930846930846931,0.5482042648709315,0.6460437710437711,0.5661054994388327,0.6368967452300786,0.6624579124579124,0.5977229560562894,0.050456725922166636,7,0.6237623762376238,0.4752475247524752,0.6831683168316832,0.594059405940594,0.594059405940594,0.5346534653465347,0.5742574257425742,0.56,0.63,0.63,0.589920792079208,0.055165502120913625,13,0.5360944632111679,0.4118821798581567,0.59394888736994,0.5388880055745253,0.5250931837888358,0.4657660785111766,0.5311422346716463,0.46399757686089177,0.5735112566098481,0.5645731134270211,0.5204896979883209,0.05371144013294832,11,0.6548371574653378,0.4983437117424193,0.702391291760755,0.612074949518265,0.6217332602825499,0.5651983718087388,0.5976770113986188,0.5802674971009613,0.6462377763081989,0.6613914159117141,0.614015244329756,0.054764695615707036,13,,,,,,,,,,,,,1
0.11654608249664307,0.0041348532505132264,0.016109943389892578,0.0008970349348599918,eigen,0.4,"{'clf__solver': 'eigen', 'clf__shrinkage': 0.4}",0.5981481481481481,0.4845117845117845,0.6250841750841751,0.6166925666925667,0.5930846930846931,0.5482042648709315,0.6460437710437711,0.5661054994388327,0.6368967452300786,0.6624579124579124,0.5977229560562894,0.050456725922166636,7,0.5277236652236651,0.414927772174149,0.5786195286195286,0.5214875163151026,0.5186426536426536,0.49857463524130197,0.5229939813273146,0.447334455667789,0.5573780129335685,0.5673133450911227,0.5154995566236196,0.04870477633182779,15,0.751041532724701,0.6125011760612278,0.7413891389138914,0.6812415193774018,0.7237812352663838,0.6953115311531153,0.6972063964638221,0.6902121212121212,0.7233359788359789,0.7703703703703703,0.7086391000379014,0.04215160233171605,13,0.5981481481481481,0.4845117845117845,0.6250841750841751,0.6166925666925667,0.5930846930846931,0.5482042648709315,0.6460437710437711,0.5661054994388327,0.6368967452300786,0.6624579124579124,0.5977229560562894,0.050456725922166636,7,0.6237623762376238,0.4752475247524752,0.6831683168316832,0.594059405940594,0.594059405940594,0.5346534653465347,0.5742574257425742,0.56,0.63,0.63,0.589920792079208,0.055165502120913625,13,0.5360944632111679,0.4118821798581567,0.59394888736994,0.5388880055745253,0.5250931837888358,0.4657660785111766,0.5311422346716463,0.46399757686089177,0.5735112566098481,0.5645731134270211,0.5204896979883209,0.05371144013294832,11,0.6548371574653378,0.4983437117424193,0.702391291760755,0.612074949518265,0.6217332602825499,0.5651983718087388,0.5976770113986188,0.5802674971009613,0.6462377763081989,0.6613914159117141,0.614015244329756,0.054764695615707036,13,,,,,,,,,,,,,1
0.12010130882263184,0.003884043997223993,0.015862178802490235,0.0015865063121957433,lsqr,0.5,"{'clf__solver': 'lsqr', 'clf__shrinkage': 0.5}",0.5981481481481481,0.4962962962962963,0.6646464646464647,0.6305814555814556,0.5930846930846931,0.5482042648709315,0.6574074074074073,0.5784511784511784,0.6257856341189674,0.6254208754208754,0.6018026418026418,0.04862250998867196,5,0.5270081770081769,0.4240079365079365,0.6128540305010893,0.5258463758463758,0.5255832076420311,0.49857463524130197,0.5295238095238095,0.4586832376048063,0.5506199561755118,0.5502645502645502,0.520296591631559,0.04910494242264723,11,0.7516115897304015,0.6206506364922206,0.7546884100174723,0.6908339185566907,0.7282103336384058,0.6953115311531153,0.7005162659123055,0.7011051693404634,0.716491822991823,0.7516666666666667,0.7111086344499564,0.03815968631074645,7,0.5981481481481481,0.4962962962962963,0.6646464646464647,0.6305814555814556,0.5930846930846931,0.5482042648709315,0.6574074074074073,0.5784511784511784,0.6257856341189674,0.6254208754208754,0.6018026418026418,0.04862250998867196,5,0.6237623762376238,0.49504950495049505,0.7029702970297029,0.6039603960396039,0.594059405940594,0.5346534653465347,0.5742574257425742,0.57,0.62,0.62,0.5938712871287128,0.05337635516460241,9,0.5349327424842298,0.42420590681460246,0.6313695563695565,0.5504345514642996,0.5275369020168679,0.4657660785111766,0.5390016103059581,0.4757088473743402,0.5647258033799505,0.543689788787828,0.5257371787508809,0.05502933490774977,5,0.6551405418410423,0.5155112357867416,0.7206204136897205,0.621714093606157,0.6224916890666048,0.5651983718087388,0.5960415171951978,0.5908354687542324,0.6378750279454505,0.6515823392293981,0.6177010698923284,0.05289449973526564,9,,,,,,,,,,,,,1
0.12328743934631348,0.003323643061006039,0.015841913223266602,0.001584242997960397,eigen,0.5,"{'clf__solver': 'eigen', 'clf__shrinkage': 0.5}",0.5981481481481481,0.4962962962962963,0.6646464646464647,0.6305814555814556,0.5930846930846931,0.5482042648709315,0.6574074074074073,0.5784511784511784,0.6257856341189674,0.6254208754208754,0.6018026418026418,0.04862250998867196,5,0.5270081770081769,0.4240079365079365,0.6128540305010893,0.5258463758463758,0.5255832076420311,0.49857463524130197,0.5295238095238095,0.4586832376048063,0.5506199561755118,0.5502645502645502,0.520296591631559,0.04910494242264723,11,0.7516115897304015,0.6206506364922206,0.7546884100174723,0.6908339185566907,0.7282103336384058,0.6953115311531153,0.7005162659123055,0.7011051693404634,0.716491822991823,0.7516666666666667,0.7111086344499564,0.03815968631074645,7,0.5981481481481481,0.4962962962962963,0.6646464646464647,0.6305814555814556,0.5930846930846931,0.5482042648709315,0.6574074074074073,0.5784511784511784,0.6257856341189674,0.6254208754208754,0.6018026418026418,0.04862250998867196,5,0.6237623762376238,0.49504950495049505,0.7029702970297029,0.6039603960396039,0.594059405940594,0.5346534653465347,0.5742574257425742,0.57,0.62,0.62,0.5938712871287128,0.05337635516460241,9,0.5349327424842298,0.42420590681460246,0.6313695563695565,0.5504345514642996,0.5275369020168679,0.4657660785111766,0.5390016103059581,0.4757088473743402,0.5647258033799505,0.543689788787828,0.5257371787508809,0.05502933490774977,5,0.6551405418410423,0.5155112357867416,0.7206204136897205,0.621714093606157,0.6224916890666048,0.5651983718087388,0.5960415171951978,0.5908354687542324,0.6378750279454505,0.6515823392293981,0.6177010698923284,0.05289449973526564,9,,,,,,,,,,,,,1
0.11500329971313476,0.007196634574202315,0.01564640998840332,0.0016067683490562437,lsqr,0.6000000000000001,"{'clf__solver': 'lsqr', 'clf__shrinkage': 0.6000000000000001}",0.6185185185185185,0.5215488215488215,0.6371212121212122,0.6333592333592334,0.6016317016317017,0.49727833894500567,0.6475869809203142,0.575925925925926,0.6000561167227834,0.6279461279461279,0.5960972977639644,0.04797448075044265,9,0.5336560044893379,0.44926673567977915,0.5851614434947768,0.5306163486719042,0.5304761904761904,0.4783831908831909,0.5204438565549676,0.4561579850795537,0.5341547958214625,0.5542419266557198,0.5172558477806883,0.0409434671650694,13,0.7554905490549054,0.6332400631367485,0.7408737027548908,0.6937727106043938,0.7327864214992927,0.6743621477532369,0.6781759128293782,0.6992869875222816,0.7015414529914531,0.7537504105090312,0.7063280358655613,0.03734383391237214,15,0.6185185185185185,0.5215488215488215,0.6371212121212122,0.6333592333592334,0.6016317016317017,0.49727833894500567,0.6475869809203142,0.575925925925926,0.6000561167227834,0.6279461279461279,0.5960972977639644,0.04797448075044265,9,0.6138613861386139,0.504950495049505,0.6732673267326733,0.6039603960396039,0.6039603960396039,0.5148514851485149,0.5742574257425742,0.56,0.58,0.63,0.585910891089109,0.04842926477754377,15,0.5451833619285497,0.45061826931888393,0.5973479077968241,0.5581381079910854,0.5351405740649844,0.4402102835436168,0.5368751424272958,0.47174329501915707,0.5410578286395279,0.5487210757825853,0.522503584651251,0.0482700830896683,9,0.6421199202203934,0.5247849129576196,0.6951962511598351,0.6212831729005792,0.6303098042114527,0.5506009502049106,0.5943840014304991,0.5808160919540231,0.6052043381455146,0.6601173468397482,0.6104816790024576,0.04821590337335681,15,,,,,,,,,,,,,1
0.10802693367004394,0.0037435600568277647,0.014414691925048828,0.0008498490246124767,eigen,0.6000000000000001,"{'clf__solver': 'eigen', 'clf__shrinkage': 0.6000000000000001}",0.6185185185185185,0.5215488215488215,0.6371212121212122,0.6333592333592334,0.6016317016317017,0.49727833894500567,0.6475869809203142,0.575925925925926,0.6000561167227834,0.6279461279461279,0.5960972977639644,0.04797448075044265,9,0.5336560044893379,0.44926673567977915,0.5851614434947768,0.5306163486719042,0.5304761904761904,0.4783831908831909,0.5204438565549676,0.4561579850795537,0.5341547958214625,0.5542419266557198,0.5172558477806883,0.0409434671650694,13,0.7554905490549054,0.6332400631367485,0.7408737027548908,0.6937727106043938,0.7327864214992927,0.6743621477532369,0.6781759128293782,0.6992869875222816,0.7015414529914531,0.7537504105090312,0.7063280358655613,0.03734383391237214,15,0.6185185185185185,0.5215488215488215,0.6371212121212122,0.6333592333592334,0.6016317016317017,0.49727833894500567,0.6475869809203142,0.575925925925926,0.6000561167227834,0.6279461279461279,0.5960972977639644,0.04797448075044265,9,0.6138613861386139,0.504950495049505,0.6732673267326733,0.6039603960396039,0.6039603960396039,0.5148514851485149,0.5742574257425742,0.56,0.58,0.63,0.585910891089109,0.04842926477754377,15,0.5451833619285497,0.45061826931888393,0.5973479077968241,0.5581381079910854,0.5351405740649844,0.4402102835436168,0.5368751424272958,0.47174329501915707,0.5410578286395279,0.5487210757825853,0.522503584651251,0.0482700830896683,9,0.6421199202203934,0.5247849129576196,0.6951962511598351,0.6212831729005792,0.6303098042114527,0.5506009502049106,0.5943840014304991,0.5808160919540231,0.6052043381455146,0.6601173468397482,0.6104816790024576,0.04821590337335681,15,,,,,,,,,,,,,1
0.10910110473632813,0.005359574498340231,0.014400625228881836,0.0008114942694680001,lsqr,0.7000000000000001,"{'clf__solver': 'lsqr', 'clf__shrinkage': 0.7000000000000001}",0.6435185185185185,0.4826599326599326,0.6232323232323232,0.6109233359233359,0.5919515669515669,0.4821548821548822,0.5982042648709315,0.5734006734006734,0.5851851851851851,0.6519360269360269,0.5843166709833377,0.05607296355997936,19,0.5580444972601835,0.4060025924156359,0.5731922398589064,0.5157594463150019,0.5028410397975616,0.4562311145644479,0.4809296670407781,0.4656121656121656,0.5375661375661376,0.5628277852415784,0.5059006685672397,0.0512742570941266,19,0.7708412017672355,0.6052978733133705,0.7242795708142242,0.6812764609794313,0.7110448311911938,0.6595569172301845,0.6535970263693036,0.7073619713619713,0.7047619047619048,0.7602136139722346,0.6978231371761054,0.047426860206286246,19,0.6435185185185185,0.4826599326599326,0.6232323232323232,0.6109233359233359,0.5919515669515669,0.4821548821548822,0.5982042648709315,0.5734006734006734,0.5851851851851851,0.6519360269360269,0.5843166709833377,0.05607296355997936,19,0.6336633663366337,0.4752475247524752,0.6633663366336634,0.5841584158415841,0.5742574257425742,0.504950495049505,0.5544554455445545,0.55,0.56,0.65,0.5750099009900991,0.05752303468746183,19,0.5712878388070204,0.41167453331632436,0.5857496142583861,0.5404068269264711,0.5132696506245428,0.4296384443443267,0.4986939773201201,0.4708673392883919,0.5296090377789724,0.5681222486364436,0.5119319511300999,0.05651541656178924,19,0.6602116696872464,0.49792225901284565,0.6826987499212614,0.606077080862804,0.5992389288680111,0.5447681225782565,0.5748433680601991,0.5738868324657799,0.5899514048043459,0.6750985527608517,0.6004696969021601,0.05570078852612763,19,,,,,,,,,,,,,1
0.1071303129196167,0.0037996550091745494,0.014472508430480957,0.0005692912826341015,eigen,0.7000000000000001,"{'clf__solver': 'eigen', 'clf__shrinkage': 0.7000000000000001}",0.6435185185185185,0.4826599326599326,0.6232323232323232,0.6109233359233359,0.5919515669515669,0.4821548821548822,0.5982042648709315,0.5734006734006734,0.5851851851851851,0.6519360269360269,0.5843166709833377,0.05607296355997936,19,0.5580444972601835,0.4060025924156359,0.5731922398589064,0.5157594463150019,0.5028410397975616,0.4562311145644479,0.4809296670407781,0.4656121656121656,0.5375661375661376,0.5628277852415784,0.5059006685672397,0.0512742570941266,19,0.7708412017672355,0.6052978733133705,0.7242795708142242,0.6812764609794313,0.7110448311911938,0.6595569172301845,0.6535970263693036,0.7073619713619713,0.7047619047619048,0.7602136139722346,0.6978231371761054,0.047426860206286246,19,0.6435185185185185,0.4826599326599326,0.6232323232323232,0.6109233359233359,0.5919515669515669,0.4821548821548822,0.5982042648709315,0.5734006734006734,0.5851851851851851,0.6519360269360269,0.5843166709833377,0.05607296355997936,19,0.6336633663366337,0.4752475247524752,0.6633663366336634,0.5841584158415841,0.5742574257425742,0.504950495049505,0.5544554455445545,0.55,0.56,0.65,0.5750099009900991,0.05752303468746183,19,0.5712878388070204,0.41167453331632436,0.5857496142583861,0.5404068269264711,0.5132696506245428,0.4296384443443267,0.4986939773201201,0.4708673392883919,0.5296090377789724,0.5681222486364436,0.5119319511300999,0.05651541656178924,19,0.6602116696872464,0.49792225901284565,0.6826987499212614,0.606077080862804,0.5992389288680111,0.5447681225782565,0.5748433680601991,0.5738868324657799,0.5899514048043459,0.6750985527608517,0.6004696969021601,0.05570078852612763,19,,,,,,,,,,,,,1
0.1117128610610962,0.005270587588064865,0.01570394039154053,0.0010222507433154664,lsqr,0.8,"{'clf__solver': 'lsqr', 'clf__shrinkage': 0.8}",0.6108024691358024,0.4547138047138046,0.6253367003367002,0.6083980833980834,0.5919515669515669,0.45437710437710443,0.5672278338945005,0.5595117845117845,0.5826599326599327,0.6161616161616162,0.5671140896140896,0.0597230343258713,21,0.5258136924803591,0.384431212062791,0.5826210826210825,0.5109214859214859,0.5030966121119573,0.45150127650127647,0.4686156436156435,0.4548349254231607,0.523549397462441,0.5172532200309977,0.4922638548231196,0.05158329079075193,21,0.7536403640364037,0.5963643096524807,0.7221799102987222,0.6823712591039325,0.711604201931112,0.6605463018829355,0.6405473239631655,0.7019909502262444,0.7008655040611562,0.7309721019721018,0.6901082227128252,0.044307730568580304,21,0.6108024691358024,0.4547138047138046,0.6253367003367002,0.6083980833980834,0.5919515669515669,0.45437710437710443,0.5672278338945005,0.5595117845117845,0.5826599326599327,0.6161616161616162,0.5671140896140896,0.0597230343258713,21,0.594059405940594,0.42574257425742573,0.6534653465346535,0.5742574257425742,0.5742574257425742,0.49504950495049505,0.5346534653465347,0.54,0.55,0.61,0.5551485148514852,0.05996087343022481,21,0.5322003917012286,0.37914462081128747,0.5881767599827454,0.5320970355180881,0.5111195784744706,0.4177682898506697,0.47900179742285004,0.4551360718329865,0.5183065118437278,0.5268240906396352,0.49397751480776886,0.058719333504276924,21,0.6219898310124333,0.45113154172560116,0.6738032034074702,0.5981414382039707,0.5988063141779707,0.541659465063865,0.5576189573844603,0.5650252687421472,0.5797027816101565,0.6353786987340352,0.582325750006211,0.05749782899759811,21,,,,,,,,,,,,,1
0.11718008518218995,0.008376683273696357,0.015490150451660157,0.0010559961044738669,eigen,0.8,"{'clf__solver': 'eigen', 'clf__shrinkage': 0.8}",0.6108024691358024,0.4547138047138046,0.6253367003367002,0.6083980833980834,0.5919515669515669,0.45437710437710443,0.5672278338945005,0.5595117845117845,0.5826599326599327,0.6161616161616162,0.5671140896140896,0.0597230343258713,21,0.5258136924803591,0.384431212062791,0.5826210826210825,0.5109214859214859,0.5030966121119573,0.45150127650127647,0.4686156436156435,0.4548349254231607,0.523549397462441,0.5172532200309977,0.4922638548231196,0.05158329079075193,21,0.7536403640364037,0.5963643096524807,0.7221799102987222,0.6823712591039325,0.711604201931112,0.6605463018829355,0.6405473239631655,0.7019909502262444,0.7008655040611562,0.7309721019721018,0.6901082227128252,0.044307730568580304,21,0.6108024691358024,0.4547138047138046,0.6253367003367002,0.6083980833980834,0.5919515669515669,0.45437710437710443,0.5672278338945005,0.5595117845117845,0.5826599326599327,0.6161616161616162,0.5671140896140896,0.0597230343258713,21,0.594059405940594,0.42574257425742573,0.6534653465346535,0.5742574257425742,0.5742574257425742,0.49504950495049505,0.5346534653465347,0.54,0.55,0.61,0.5551485148514852,0.05996087343022481,21,0.5322003917012286,0.37914462081128747,0.5881767599827454,0.5320970355180881,0.5111195784744706,0.4177682898506697,0.47900179742285004,0.4551360718329865,0.5183065118437278,0.5268240906396352,0.49397751480776886,0.058719333504276924,21,0.6219898310124333,0.45113154172560116,0.6738032034074702,0.5981414382039707,0.5988063141779707,0.541659465063865,0.5576189573844603,0.5650252687421472,0.5797027816101565,0.6353786987340352,0.582325750006211,0.05749782899759811,21,,,,,,,,,,,,,1
0.11356494426727295,0.00649378326271295,0.014831113815307616,0.0011245317982186594,lsqr,0.9,"{'clf__solver': 'lsqr', 'clf__shrinkage': 0.9}",0.5691358024691358,0.48779461279461284,0.6253367003367002,0.5948005698005698,0.5894263144263144,0.45462962962962966,0.5371773288439955,0.5729797979797979,0.6035353535353535,0.6136363636363638,0.5648452473452474,0.05288916675253834,23,0.5055042423463476,0.3857149930679342,0.5729989146655813,0.4899270482603815,0.4989087709675945,0.43716129549462873,0.4406651051578588,0.4731040564373898,0.5392297517297517,0.51987271987272,0.4863086898000188,0.05174452545838374,23,0.7377371976642431,0.5939420412629498,0.716970708059817,0.6677367736773676,0.7096824259025774,0.6607578615004358,0.6202004983107006,0.7184920634920634,0.7090787545787546,0.7323453213453213,0.686694364579423,0.04658665404322363,23,0.5691358024691358,0.48779461279461284,0.6253367003367002,0.5948005698005698,0.5894263144263144,0.45462962962962966,0.5371773288439955,0.5729797979797979,0.6035353535353535,0.6136363636363638,0.5648452473452474,0.05288916675253834,23,0.5742574257425742,0.44554455445544555,0.6534653465346535,0.5445544554455446,0.5643564356435643,0.48514851485148514,0.49504950495049505,0.53,0.53,0.6,0.5422376237623763,0.056888425118468186,23,0.5038493026776248,0.39744734878506816,0.5817577614068843,0.5099594295100645,0.5048177542621988,0.4068750436633059,0.4490445614823725,0.4666938000271334,0.5198955365622032,0.5248958124064689,0.48652363507833246,0.053773713693775455,23,0.6037122041365782,0.46528971896611304,0.6708274436466203,0.5678737203892169,0.5888596478695489,0.5282251804589339,0.5187977170687381,0.5583638583638584,0.558397435897436,0.6274712237180268,0.568781815051507,0.055273924103462324,23,,,,,,,,,,,,,1
0.10867822170257568,0.003067026278498463,0.014706039428710937,0.0012512209811588303,eigen,0.9,"{'clf__solver': 'eigen', 'clf__shrinkage': 0.9}",0.5691358024691358,0.48779461279461284,0.6253367003367002,0.5948005698005698,0.5894263144263144,0.45462962962962966,0.5371773288439955,0.5729797979797979,0.6035353535353535,0.6136363636363638,0.5648452473452474,0.05288916675253834,23,0.5055042423463476,0.3857149930679342,0.5729989146655813,0.4899270482603815,0.4989087709675945,0.43716129549462873,0.4406651051578588,0.4731040564373898,0.5392297517297517,0.51987271987272,0.4863086898000188,0.05174452545838374,23,0.7377371976642431,0.5939420412629498,0.716970708059817,0.6677367736773676,0.7096824259025774,0.6607578615004358,0.6202004983107006,0.7184920634920634,0.7090787545787546,0.7323453213453213,0.686694364579423,0.04658665404322363,23,0.5691358024691358,0.48779461279461284,0.6253367003367002,0.5948005698005698,0.5894263144263144,0.45462962962962966,0.5371773288439955,0.5729797979797979,0.6035353535353535,0.6136363636363638,0.5648452473452474,0.05288916675253834,23,0.5742574257425742,0.44554455445544555,0.6534653465346535,0.5445544554455446,0.5643564356435643,0.48514851485148514,0.49504950495049505,0.53,0.53,0.6,0.5422376237623763,0.056888425118468186,23,0.5038493026776248,0.39744734878506816,0.5817577614068843,0.5099594295100645,0.5048177542621988,0.4068750436633059,0.4490445614823725,0.4666938000271334,0.5198955365622032,0.5248958124064689,0.48652363507833246,0.053773713693775455,23,0.6037122041365782,0.46528971896611304,0.6708274436466203,0.5678737203892169,0.5888596478695489,0.5282251804589339,0.5187977170687381,0.5583638583638584,0.558397435897436,0.6274712237180268,0.568781815051507,0.055273924103462324,23,,,,,,,,,,,,,1
0.10890552997589112,0.003744770145272212,0.014080142974853516,0.0005713593598156926,lsqr,1.0,"{'clf__solver': 'lsqr', 'clf__shrinkage': 1.0}",0.5256172839506174,0.44612794612794615,0.6041245791245792,0.5786389536389537,0.5732646982646982,0.45210437710437706,0.49884960718294047,0.5457070707070707,0.594668911335578,0.5921717171717172,0.5411275144608478,0.05556952997453378,25,0.4687288020621354,0.3479721803251215,0.5530253696920364,0.46893454174155935,0.4867012617012617,0.4396539719003487,0.4124857350347546,0.45436877936877934,0.528635674735419,0.5004767563591093,0.46609830729205254,0.05545586912070963,25,0.7136540577134637,0.5702731359108761,0.6992825106686493,0.6539376494040382,0.7011279149893012,0.6596748219972499,0.6262949404184116,0.7047520812520812,0.6976519995349919,0.7067501909854851,0.6733399302874548,0.04377629811082873,25,0.5256172839506174,0.44612794612794615,0.6041245791245792,0.5786389536389537,0.5732646982646982,0.45210437710437706,0.49884960718294047,0.5457070707070707,0.594668911335578,0.5921717171717172,0.5411275144608478,0.05556952997453378,25,0.5148514851485149,0.4158415841584158,0.6039603960396039,0.5148514851485149,0.5346534653465347,0.4752475247524752,0.4752475247524752,0.49,0.49,0.56,0.5074653465346535,0.04899025909032012,25,0.4555186017686018,0.3563465029886599,0.5545258372709353,0.48413987368235734,0.4831010205601709,0.40657624759144023,0.4079914886932431,0.43579025710173247,0.4967712855257427,0.500759491211324,0.4581520606394207,0.054717514492213105,25,0.5468401112089231,0.43863175684084255,0.6283551380348118,0.536648566817466,0.5594058042951462,0.5197870154696611,0.5018676419405966,0.5181082892517319,0.5110724536539457,0.5903144687083306,0.5351031246221456,0.04897672803793255,25,,,,,,,,,,,,,1
0.105790114402771,0.005207032373944922,0.014808177947998047,0.0008643220358022644,eigen,1.0,"{'clf__solver': 'eigen', 'clf__shrinkage': 1.0}",0.5256172839506174,0.44612794612794615,0.6041245791245792,0.5786389536389537,0.5732646982646982,0.45210437710437706,0.49884960718294047,0.5457070707070707,0.594668911335578,0.5921717171717172,0.5411275144608478,0.05556952997453378,25,0.4687288020621354,0.3479721803251215,0.5530253696920364,0.46893454174155935,0.4867012617012617,0.4396539719003487,0.4124857350347546,0.45436877936877934,0.528635674735419,0.5004767563591093,0.46609830729205254,0.05545586912070963,25,0.7136540577134637,0.5702731359108761,0.6992825106686493,0.6539376494040382,0.7011279149893012,0.6596748219972499,0.6262949404184116,0.7047520812520812,0.6976519995349919,0.7067501909854851,0.6733399302874548,0.04377629811082873,25,0.5256172839506174,0.44612794612794615,0.6041245791245792,0.5786389536389537,0.5732646982646982,0.45210437710437706,0.49884960718294047,0.5457070707070707,0.594668911335578,0.5921717171717172,0.5411275144608478,0.05556952997453378,25,0.5148514851485149,0.4158415841584158,0.6039603960396039,0.5148514851485149,0.5346534653465347,0.4752475247524752,0.4752475247524752,0.49,0.49,0.56,0.5074653465346535,0.04899025909032012,25,0.4555186017686018,0.3563465029886599,0.5545258372709353,0.48413987368235734,0.4831010205601709,0.40657624759144023,0.4079914886932431,0.43579025710173247,0.4967712855257427,0.500759491211324,0.4581520606394207,0.054717514492213105,25,0.5468401112089231,0.43863175684084255,0.6283551380348118,0.536648566817466,0.5594058042951462,0.5197870154696611,0.5018676419405966,0.5181082892517319,0.5110724536539457,0.5903144687083306,0.5351031246221456,0.04897672803793255,25,,,,,,,,,,,,,1
