mean_fit_time,std_fit_time,mean_score_time,std_score_time,param_reduce_dim__threshold,param_clf__var_smoothing,params,split0_test_balanced_accuracy,split1_test_balanced_accuracy,split2_test_balanced_accuracy,split3_test_balanced_accuracy,split4_test_balanced_accuracy,split5_test_balanced_accuracy,split6_test_balanced_accuracy,split7_test_balanced_accuracy,split8_test_balanced_accuracy,split9_test_balanced_accuracy,mean_test_balanced_accuracy,std_test_balanced_accuracy,rank_test_balanced_accuracy,split0_test_precision_macro,split1_test_precision_macro,split2_test_precision_macro,split3_test_precision_macro,split4_test_precision_macro,split5_test_precision_macro,split6_test_precision_macro,split7_test_precision_macro,split8_test_precision_macro,split9_test_precision_macro,mean_test_precision_macro,std_test_precision_macro,rank_test_precision_macro,split0_test_precision_weighted,split1_test_precision_weighted,split2_test_precision_weighted,split3_test_precision_weighted,split4_test_precision_weighted,split5_test_precision_weighted,split6_test_precision_weighted,split7_test_precision_weighted,split8_test_precision_weighted,split9_test_precision_weighted,mean_test_precision_weighted,std_test_precision_weighted,rank_test_precision_weighted,split0_test_recall_macro,split1_test_recall_macro,split2_test_recall_macro,split3_test_recall_macro,split4_test_recall_macro,split5_test_recall_macro,split6_test_recall_macro,split7_test_recall_macro,split8_test_recall_macro,split9_test_recall_macro,mean_test_recall_macro,std_test_recall_macro,rank_test_recall_macro,split0_test_recall_weighted,split1_test_recall_weighted,split2_test_recall_weighted,split3_test_recall_weighted,split4_test_recall_weighted,split5_test_recall_weighted,split6_test_recall_weighted,split7_test_recall_weighted,split8_test_recall_weighted,split9_test_recall_weighted,mean_test_recall_weighted,std_test_recall_weighted,rank_test_recall_weighted,split0_test_f1_macro,split1_test_f1_macro,split2_test_f1_macro,split3_test_f1_macro,split4_test_f1_macro,split5_test_f1_macro,split6_test_f1_macro,split7_test_f1_macro,split8_test_f1_macro,split9_test_f1_macro,mean_test_f1_macro,std_test_f1_macro,rank_test_f1_macro,split0_test_f1_weighted,split1_test_f1_weighted,split2_test_f1_weighted,split3_test_f1_weighted,split4_test_f1_weighted,split5_test_f1_weighted,split6_test_f1_weighted,split7_test_f1_weighted,split8_test_f1_weighted,split9_test_f1_weighted,mean_test_f1_weighted,std_test_f1_weighted,rank_test_f1_weighted,split0_test_auc_macro,split1_test_auc_macro,split2_test_auc_macro,split3_test_auc_macro,split4_test_auc_macro,split5_test_auc_macro,split6_test_auc_macro,split7_test_auc_macro,split8_test_auc_macro,split9_test_auc_macro,mean_test_auc_macro,std_test_auc_macro,rank_test_auc_macro
0.34738223552703856,0.010095908289957932,0.061809659004211426,0.009727306444072464,10,1e-09,"{'reduce_dim__threshold': 10, 'clf__var_smoothing': 1e-09}",0.3212962962962963,0.3446969696969697,0.47213804713804713,0.4299469049469049,0.35772468272468266,0.3902918069584736,0.2841750841750842,0.3309483726150393,0.36203703703703705,0.33796296296296297,0.36312181645514974,0.05206551568646401,20,0.27020676691729323,0.3355689741783653,0.36475653975653977,0.3451192817807885,0.2915767874101207,0.3901485950505558,0.3072871572871573,0.2899591393012446,0.4254264254264254,0.33280925873805134,0.3352858925846542,0.04592481076208448,14,0.5564309908434452,0.4908831606291988,0.5456980313415958,0.5031400556107052,0.533005718154233,0.48871864562021805,0.5035232094638036,0.5432260458839406,0.5792629592629593,0.5735119851768459,0.5317400801986946,0.03174207886417301,16,0.3212962962962963,0.3446969696969697,0.47213804713804713,0.4299469049469049,0.35772468272468266,0.3902918069584736,0.2841750841750842,0.3309483726150393,0.36203703703703705,0.33796296296296297,0.36312181645514974,0.05206551568646401,20,0.38613861386138615,0.31683168316831684,0.44554455445544555,0.37623762376237624,0.37623762376237624,0.37623762376237624,0.31683168316831684,0.38,0.38,0.37,0.3724059405940594,0.03446739436605071,8,0.2540346747997021,0.29257898503687374,0.3672531465067834,0.3225320026182551,0.28053419067508795,0.2944190069190069,0.24643032016398025,0.27316959860063306,0.29436827362523954,0.30308751931535755,0.29284077182609203,0.032751960752533345,17,0.38691041077017385,0.3293796468881844,0.4241039989062609,0.37033373781769935,0.36991707898435944,0.3651905849925652,0.3544218917690088,0.4085137276516587,0.3734508329647649,0.40181740840732183,0.3784039319151997,0.026325740615928222,13,,,,,,,,,,,,,1
0.3074831962585449,0.019745414622093675,0.05305931568145752,0.004054116471204791,5,1e-09,"{'reduce_dim__threshold': 5, 'clf__var_smoothing': 1e-09}",0.3114197530864198,0.2921717171717172,0.4022727272727272,0.39989639989639986,0.2711926961926962,0.38313692480359146,0.2589225589225589,0.3005892255892256,0.32499999999999996,0.3388047138047138,0.328340671674005,0.04915167922207306,27,0.2850877192982456,0.27350608723157743,0.3139836072487394,0.3746894409937888,0.27865497076023393,0.42204844900923333,0.26406186406186405,0.2841485312073547,0.28870264196351153,0.33878278584160937,0.31236660976161584,0.04867752526560716,24,0.5548810144172311,0.44315724397261963,0.4975745361276241,0.5061230346637148,0.5161281917665451,0.5336735354207689,0.4775178616762775,0.5538241758241759,0.5269957397674789,0.5778884644766998,0.5187763798113135,0.03788505188704039,24,0.3114197530864198,0.2921717171717172,0.4022727272727272,0.39989639989639986,0.2711926961926962,0.38313692480359146,0.2589225589225589,0.3005892255892256,0.32499999999999996,0.3388047138047138,0.328340671674005,0.04915167922207306,27,0.3465346534653465,0.27722772277227725,0.39603960396039606,0.33663366336633666,0.3069306930693069,0.36633663366336633,0.3069306930693069,0.34,0.35,0.35,0.33766336633663363,0.0318763356494105,19,0.250554477922899,0.243589830018365,0.31565016528050927,0.29507219083490266,0.24215500752232386,0.2979599834326213,0.2201930409375706,0.25166239775135907,0.25840358471937414,0.3079599668368751,0.26832006452568,0.03116006571761081,26,0.34211779641691054,0.29013682643074457,0.3789645174103389,0.32787380432958546,0.3250228576575304,0.3646753403015401,0.34459801282115227,0.37921815217262966,0.343496924128503,0.3827323352068735,0.3478836566875808,0.027866202279675824,22,,,,,,,,,,,,,1
0.3136356592178345,0.025513773896049946,0.054880285263061525,0.0071242575813991954,2.5,1e-09,"{'reduce_dim__threshold': 2.5, 'clf__var_smoothing': 1e-09}",0.3052469135802469,0.3368686868686869,0.35185185185185186,0.39552577052577054,0.23550893550893548,0.3679573512906846,0.23869248035914703,0.2526936026936027,0.34638047138047134,0.30513468013468015,0.3135860744194077,0.05320349858521732,30,0.27077356195003255,0.2583832833832834,0.2767676767676768,0.34757460504586946,0.2672692231515761,0.35688748433846473,0.2756821609762786,0.271443833943834,0.28069487983281083,0.32031302031302034,0.2925789729702847,0.03367211197757987,31,0.5403096612182227,0.3960168544326961,0.46531653165316533,0.4118478388195015,0.508294947141773,0.484795228068379,0.4923824282880776,0.5450457875457876,0.4920519853709509,0.5496473526473526,0.4885708615185906,0.050020025945718236,31,0.3052469135802469,0.3368686868686869,0.35185185185185186,0.39552577052577054,0.23550893550893548,0.3679573512906846,0.23869248035914703,0.2526936026936027,0.34638047138047134,0.30513468013468015,0.3135860744194077,0.05320349858521732,30,0.31683168316831684,0.27722772277227725,0.3465346534653465,0.31683168316831684,0.2871287128712871,0.36633663366336633,0.26732673267326734,0.3,0.32,0.32,0.31182178217821777,0.028786937588223302,26,0.23286846653555038,0.2482265126227975,0.27538902906134544,0.31849651323335526,0.21212861212861214,0.26030885767873596,0.20695107219889122,0.21362453971149625,0.26113505367035766,0.2733082706766918,0.2502436927517834,0.03319123336169325,29,0.311825071296688,0.2672086759249191,0.33661413913134003,0.2983763327171352,0.3051390853371051,0.34498756999380137,0.3171169384429365,0.34473962028309857,0.2952185856210869,0.3420751879699248,0.31633012067180355,0.02455545669894653,27,,,,,,,,,,,,,1
0.2723758459091187,0.009106442317067736,0.053798890113830565,0.006868426165403185,1.5,1e-09,"{'reduce_dim__threshold': 1.5, 'clf__var_smoothing': 1e-09}",0.3021604938271605,0.29545454545454547,0.303030303030303,0.37308987308987307,0.16054778554778557,0.2767396184062851,0.13835578002244667,0.21450617283950615,0.3132996632996633,0.2895622895622896,0.26667465250798583,0.06926954162255865,39,0.24010428648109805,0.23107097245028274,0.232326335552142,0.3168223295759527,0.19313131313131315,0.20929533429533428,0.21998050682261208,0.21904761904761905,0.25184588719071477,0.3157643948719,0.24293889794189694,0.03976647318808057,39,0.5309472562163048,0.3969305304914728,0.42029170659001386,0.4079073994355958,0.44514851485148516,0.45497406883545494,0.42598575647038384,0.49247619047619046,0.42790930908172287,0.5371766502598146,0.45397473827084395,0.047309795025575946,40,0.3021604938271605,0.29545454545454547,0.303030303030303,0.37308987308987307,0.16054778554778557,0.2767396184062851,0.13835578002244667,0.21450617283950615,0.3132996632996633,0.2895622895622896,0.26667465250798583,0.06926954162255865,39,0.25742574257425743,0.21782178217821782,0.26732673267326734,0.26732673267326734,0.21782178217821782,0.26732673267326734,0.1782178217821782,0.21,0.24,0.29,0.24132673267326732,0.032752235803116266,36,0.1899294916590514,0.18856287745176634,0.20885289678393126,0.28381511276248117,0.1419966252918198,0.18732695180063602,0.1521941302878862,0.1477313009571074,0.205951528742601,0.24996520619113685,0.19563261219284175,0.04268393993947551,38,0.23942912433478467,0.2122288419318122,0.26956742472276785,0.26445657868273814,0.23872117188835593,0.263445569542495,0.2210680583783174,0.24775375162471938,0.23085667170687876,0.31273275761465746,0.2500259950427527,0.02753586369073238,37,,,,,,,,,,,,,1
0.3099118947982788,0.023192048305854827,0.05483100414276123,0.005602962635986786,10,1e-08,"{'reduce_dim__threshold': 10, 'clf__var_smoothing': 1e-08}",0.31203703703703706,0.34284511784511784,0.48602693602693603,0.4324721574721575,0.3947617197617197,0.3995510662177329,0.3237373737373737,0.35816498316498313,0.36203703703703705,0.3371212121212121,0.3748754640421307,0.05112293175371127,14,0.2642543859649123,0.32271763706232226,0.4074915824915825,0.34971260058979353,0.32379188712522045,0.3949813258636788,0.34074074074074073,0.30986145920356445,0.43025246358579694,0.3353832442067736,0.34791873268343854,0.047349566239631366,10,0.5506318394997395,0.47006990768140877,0.5761626162616262,0.5122386125252202,0.5438079522237937,0.4995236708544803,0.5369636963696369,0.5482443609022557,0.5838387168387169,0.5764812834224599,0.5397962656579338,0.03473328040553703,11,0.31203703703703706,0.34284511784511784,0.48602693602693603,0.4324721574721575,0.3947617197617197,0.3995510662177329,0.3237373737373737,0.35816498316498313,0.36203703703703705,0.3371212121212121,0.3748754640421307,0.05112293175371127,14,0.37623762376237624,0.31683168316831684,0.45544554455445546,0.38613861386138615,0.38613861386138615,0.38613861386138615,0.33663366336633666,0.39,0.38,0.37,0.37835643564356436,0.03444284508417391,6,0.24730794807297535,0.28768985209735926,0.39168797094160784,0.3278265966397707,0.31633282574908533,0.3023208257920945,0.2795695748912123,0.2995134707778386,0.29645254413056266,0.3053195167086453,0.30540211258011524,0.03542292404870127,13,0.38011351486436695,0.3274288701633582,0.4415228836518783,0.38334413917282806,0.3815126484791972,0.3778525803980637,0.3780509629910359,0.42079777693570797,0.3759083228433074,0.404591601955709,0.38711233014554536,0.028897713109884815,9,,,,,,,,,,,,,1
0.32204375267028806,0.028079993424086323,0.05431942939758301,0.00616403581470693,5,1e-08,"{'reduce_dim__threshold': 5, 'clf__var_smoothing': 1e-08}",0.3138888888888889,0.26994949494949494,0.43257575757575756,0.4251100751100751,0.2797397047397048,0.38313692480359146,0.27255892255892256,0.38644781144781143,0.32499999999999996,0.35269360269360267,0.3441101182767849,0.05815311820115979,25,0.28589743589743594,0.25851664832909504,0.33505099302200747,0.34107238708687987,0.27833800186741364,0.42204844900923333,0.30962740962740964,0.32645144004793125,0.2900396383005079,0.3606902356902357,0.32077326388781496,0.045232647751545736,20,0.5597867479055598,0.4300351243072369,0.5151719519778065,0.48075900757777645,0.5187453199101423,0.5336735354207689,0.5177020998803177,0.5576506607427659,0.530278706800446,0.5947564935064935,0.5238559648029314,0.04289140074994029,19,0.3138888888888889,0.26994949494949494,0.43257575757575756,0.4251100751100751,0.2797397047397048,0.38313692480359146,0.27255892255892256,0.38644781144781143,0.32499999999999996,0.35269360269360267,0.3441101182767849,0.05815311820115979,25,0.3564356435643564,0.25742574257425743,0.4158415841584158,0.3465346534653465,0.31683168316831684,0.36633663366336633,0.32673267326732675,0.38,0.35,0.36,0.3476138613861386,0.03976177591160562,16,0.25474503359560835,0.2252799505973744,0.3391242170812063,0.31401805978077163,0.2474172633592923,0.2979599834326213,0.23578376356154132,0.31426159934931863,0.26033975770817874,0.32595609561731764,0.28148857240832303,0.03908254908689057,23,0.3567743511751706,0.2741595876812286,0.40122270291545287,0.3377070953509953,0.33207794740295826,0.3646753403015401,0.3648614861486148,0.41349323191428444,0.3472711148500622,0.3965222446438418,0.35887651023841494,0.03839948221742051,18,,,,,,,,,,,,,1
0.3140424728393555,0.02450161460044296,0.06112790107727051,0.008300500097442811,2.5,1e-08,"{'reduce_dim__threshold': 2.5, 'clf__var_smoothing': 1e-08}",0.353395061728395,0.31186868686868685,0.36851851851851847,0.39552577052577054,0.24939782439782437,0.359371492704826,0.2319584736251403,0.2804713804713805,0.34890572390572383,0.3282828282828283,0.3227695761029094,0.05090734860570203,29,0.2823798568896608,0.2323768823768824,0.2868298368298368,0.348325131658465,0.2780723905723906,0.35486704653371315,0.2438271604938272,0.29024415600502557,0.28774554521680956,0.3257290857290857,0.29303970923056966,0.03802841741034752,30,0.5453931365987277,0.36004787291916,0.4704031941655703,0.4131458750270632,0.5174242424242425,0.4889206228315139,0.47002200220022,0.5473501353718745,0.5062334428024083,0.5488993006993007,0.48678398250400806,0.058580870079715,33,0.353395061728395,0.31186868686868685,0.36851851851851847,0.39552577052577054,0.24939782439782437,0.359371492704826,0.2319584736251403,0.2804713804713805,0.34890572390572383,0.3282828282828283,0.3227695761029094,0.05090734860570203,29,0.33663366336633666,0.25742574257425743,0.3465346534653465,0.31683168316831684,0.297029702970297,0.36633663366336633,0.26732673267326734,0.3,0.33,0.32,0.3138118811881188,0.03236140544985542,25,0.2597005333847439,0.2259560363008639,0.2844344441439122,0.31891721267844503,0.2295729795729796,0.2557724014196118,0.19813123778413347,0.2362876790413022,0.26772263256401624,0.2906926591137118,0.25671878160037204,0.03384533890441125,28,0.32664715864298977,0.24840854490905703,0.33872024094010555,0.29952374362547346,0.3188097247503188,0.35072872145411205,0.3169539290166633,0.346715810759289,0.31254349327807,0.34502576607839763,0.3204077133454477,0.028789157655191824,26,,,,,,,,,,,,,1
0.30012609958648684,0.022591051226654137,0.05195052623748779,0.0048608013940577,1.5,1e-08,"{'reduce_dim__threshold': 1.5, 'clf__var_smoothing': 1e-08}",0.29290123456790124,0.29797979797979796,0.3055555555555556,0.37308987308987307,0.16054778554778557,0.2767396184062851,0.13835578002244667,0.21450617283950615,0.3132996632996633,0.2920875420875421,0.2665063023396357,0.0691915395401494,40,0.23163780663780661,0.21747881747881748,0.23492063492063492,0.31641975308641973,0.19313131313131315,0.21248266983561104,0.21998050682261208,0.21934156378600822,0.26729155263638016,0.30906084656084665,0.24217454648964507,0.0396122200363535,40,0.5264208563713514,0.40268378486200274,0.42876001885902876,0.4077997799779978,0.44514851485148516,0.45758987663472234,0.42598575647038384,0.4925555555555555,0.4410796387520525,0.547970238095238,0.45759940204298183,0.04677606277983556,39,0.29290123456790124,0.29797979797979796,0.3055555555555556,0.37308987308987307,0.16054778554778557,0.2767396184062851,0.13835578002244667,0.21450617283950615,0.3132996632996633,0.2920875420875421,0.2665063023396357,0.0691915395401494,40,0.24752475247524752,0.22772277227722773,0.27722772277227725,0.26732673267326734,0.21782178217821782,0.26732673267326734,0.1782178217821782,0.21,0.24,0.3,0.24331683168316828,0.03433023939228641,35,0.18224080503979367,0.18928076281017459,0.21271694776181319,0.2831820010182583,0.1419966252918198,0.1904728889854338,0.1521941302878862,0.1482091982091982,0.20798054547750008,0.23973104711156734,0.1948004951993445,0.041600480123685286,39,0.23417580668671356,0.2247442811508041,0.28205511407144135,0.26428733098873797,0.23872117188835593,0.26642535221264063,0.2210680583783174,0.2478827838827839,0.2333825282033235,0.32372250637041927,0.25364649338335377,0.029894209768767832,35,,,,,,,,,,,,,1
0.29731652736663816,0.007504795337170484,0.053678488731384276,0.006960998057225813,10,1e-07,"{'reduce_dim__threshold': 10, 'clf__var_smoothing': 1e-07}",0.3006172839506173,0.3317340067340067,0.4607744107744107,0.4324721574721575,0.36647889147889146,0.4020763187429854,0.3237373737373737,0.33594276094276093,0.36203703703703705,0.3489057239057239,0.3664775964775965,0.04811104881965353,18,0.2664618877854172,0.2977888621335474,0.40081979212414,0.33373583951499325,0.3200541832894774,0.2918357513945749,0.3343915343915344,0.2954836648464099,0.4292984792984793,0.3559871901977165,0.332585718497629,0.04831025078811817,16,0.5544781368893192,0.4511564778768899,0.5637368084634551,0.5019817044814746,0.5466966444543614,0.469571149099396,0.5343705799151345,0.5214327731092437,0.5844245754245755,0.5953082706766917,0.5323157120390543,0.04464882977688785,14,0.3006172839506173,0.3317340067340067,0.4607744107744107,0.4324721574721575,0.36647889147889146,0.4020763187429854,0.3237373737373737,0.33594276094276093,0.36203703703703705,0.3489057239057239,0.3664775964775965,0.04811104881965353,18,0.37623762376237624,0.3069306930693069,0.45544554455445546,0.38613861386138615,0.37623762376237624,0.39603960396039606,0.33663366336633666,0.37,0.38,0.39,0.37736633663366337,0.03655912137819365,7,0.24808841099163675,0.2759785360382171,0.3836718454881509,0.32613223365508515,0.3082718408805365,0.3102834652743909,0.27572494864339137,0.285286318619652,0.29656004327056956,0.32477622525060856,0.3034773868112238,0.03527099539960396,14,0.3903545193229,0.317593103978044,0.447462172134949,0.3828815122649761,0.3923871651379185,0.39143918739613337,0.3770050662355238,0.40474236874236874,0.37701513398881814,0.4303794491403599,0.3911259678341992,0.03282660894699843,7,,,,,,,,,,,,,1
0.30806286334991456,0.013685495793058632,0.05219600200653076,0.005054036367179061,5,1e-07,"{'reduce_dim__threshold': 5, 'clf__var_smoothing': 1e-07}",0.3212962962962963,0.2952020202020202,0.43257575757575756,0.4251100751100751,0.2936285936285936,0.36924803591470257,0.3111391694725028,0.35064534231200895,0.32314814814814813,0.34764309764309764,0.34696365363032033,0.04688303128124158,23,0.31583563377041635,0.26457631874298543,0.33505099302200747,0.34107238708687987,0.2954919979687782,0.27226631393298056,0.3306286306286306,0.30581546458739445,0.2944665157708636,0.3660714285714286,0.31212756840823647,0.030179137856309574,25,0.5876957649181067,0.41730673067306734,0.5151719519778065,0.48075900757777645,0.5320161206744293,0.4513594216564514,0.5360965766906362,0.5414298245614035,0.5348273234012365,0.6017857142857143,0.5198448436416628,0.05401347502770996,23,0.3212962962962963,0.2952020202020202,0.43257575757575756,0.4251100751100751,0.2936285936285936,0.36924803591470257,0.3111391694725028,0.35064534231200895,0.32314814814814813,0.34764309764309764,0.34696365363032033,0.04688303128124158,23,0.38613861386138615,0.24752475247524752,0.4158415841584158,0.3465346534653465,0.32673267326732675,0.3564356435643564,0.33663366336633666,0.35,0.35,0.37,0.3485841584158416,0.04158809623033874,15,0.27369242779078845,0.23934642604719336,0.3391242170812063,0.31401805978077163,0.2637527796948087,0.27862809799347854,0.2709101419246347,0.2846580388009863,0.26258455995298097,0.33106600189933527,0.2857780750966184,0.030484011696100304,20,0.39988406334778687,0.2605571882052599,0.40122270291545287,0.3377070953509953,0.3444731429664705,0.3484438170030069,0.3829092273775872,0.3901003586335654,0.35048537806432534,0.4178675213675214,0.36336504952319715,0.04336742046823889,17,,,,,,,,,,,,,1
0.2855271339416504,0.012846466946905078,0.050982213020324706,0.0049901708871039775,2.5,1e-07,"{'reduce_dim__threshold': 2.5, 'clf__var_smoothing': 1e-07}",0.3558641975308642,0.3514309764309764,0.44074074074074077,0.37586765086765084,0.24939782439782437,0.3964085297418631,0.23448372615039284,0.32003367003367006,0.34890572390572383,0.33080808080808083,0.3403941120607787,0.05907858333921665,26,0.3068273230037936,0.2468073674214025,0.3112721417069243,0.295403773181551,0.2758495932408976,0.3894781144781145,0.24350908012235242,0.30805941751223753,0.29008579755706193,0.3205595638928973,0.29878521721172324,0.03921254702443363,29,0.5993585331383817,0.37765574128263024,0.48367054096714013,0.39924237845029925,0.5166468199614993,0.500117511751175,0.4734246880065581,0.5633699898723792,0.5087883878573535,0.5559431457431457,0.49782177370305625,0.06589198976184568,28,0.3558641975308642,0.3514309764309764,0.44074074074074077,0.37586765086765084,0.24939782439782437,0.3964085297418631,0.23448372615039284,0.32003367003367006,0.34890572390572383,0.33080808080808083,0.3403941120607787,0.05907858333921665,26,0.3465346534653465,0.27722772277227725,0.36633663366336633,0.297029702970297,0.297029702970297,0.37623762376237624,0.27722772277227725,0.32,0.33,0.33,0.3217623762376237,0.033010584014743084,24,0.27291412291412287,0.2495543634827396,0.31278557347543373,0.2858783963427926,0.23080816124294387,0.2932742152346944,0.2004369899106741,0.24988372729452765,0.2688095890857554,0.2900591840754113,0.2654404323059095,0.031664652882259274,27,0.3526769131511185,0.26861560878959334,0.34958779170895293,0.28425132092360733,0.3203592361147248,0.362567938821532,0.3268872867622216,0.3635819588640225,0.31410508748096855,0.3596813823385832,0.33023145249553243,0.031910904103086564,24,,,,,,,,,,,,,1
0.2760831594467163,0.008063329858679759,0.05113241672515869,0.0051590098366544,1.5,1e-07,"{'reduce_dim__threshold': 1.5, 'clf__var_smoothing': 1e-07}",0.29290123456790124,0.26346801346801346,0.3055555555555556,0.37308987308987307,0.152000777000777,0.35822109988776657,0.14340628507295172,0.21450617283950615,0.3503367003367004,0.2920875420875421,0.2745573253906587,0.07746309976524947,38,0.22578162578162578,0.21265264007199491,0.2354314906039044,0.31641975308641973,0.189983164983165,0.24990444520888275,0.2280051981806368,0.21934156378600822,0.319620811287478,0.30906084656084665,0.2506201539550962,0.04467920735118866,38,0.5258325832583258,0.4105876025390558,0.4289421060332634,0.4077997799779978,0.4415016501650165,0.47560328788296785,0.4497481327080076,0.4925555555555555,0.4543730158730158,0.547970238095238,0.46349139520884447,0.044569175048492525,38,0.29290123456790124,0.26346801346801346,0.3055555555555556,0.37308987308987307,0.152000777000777,0.35822109988776657,0.14340628507295172,0.21450617283950615,0.3503367003367004,0.2920875420875421,0.2745573253906587,0.07746309976524947,38,0.24752475247524752,0.22772277227722773,0.27722772277227725,0.26732673267326734,0.2079207920792079,0.297029702970297,0.19801980198019803,0.21,0.25,0.3,0.24827722772277228,0.035069474648927235,34,0.17769561442517418,0.18020683020683018,0.21350918384816692,0.2831820010182583,0.1372550416028677,0.23776392828116968,0.16040137679922625,0.1482091982091982,0.2526692946591889,0.23973104711156734,0.20306235161616476,0.04675811314762262,37,0.2342459906367995,0.23465775148943463,0.28233749525073576,0.26428733098873797,0.23322844622887678,0.28697588970719734,0.24919392860945078,0.2478827838827839,0.24605393467447326,0.32372250637041927,0.26025860578389093,0.027902039473407778,34,,,,,,,,,,,,,1
0.29135539531707766,0.008120781692262243,0.05476820468902588,0.006746326004098032,10,1e-06,"{'reduce_dim__threshold': 10, 'clf__var_smoothing': 1e-06}",0.3679012345679012,0.36877104377104375,0.4839225589225589,0.41003626003626004,0.3553677803677804,0.3650392817059484,0.32626262626262625,0.33594276094276093,0.3509259259259259,0.3514309764309764,0.3715600448933782,0.04310802965493361,15,0.33405003477467243,0.32604263927793337,0.417003367003367,0.29116809116809117,0.31281512605042017,0.2815823065823066,0.33296055796055796,0.2954525412858746,0.4209142709142709,0.3699035169623405,0.33818924519798343,0.04705157721832273,13,0.5996549439941606,0.46179382644146766,0.581998199819982,0.4456587966488956,0.54536151094101,0.47252363972660993,0.5245628134241996,0.5221309523809524,0.5803275058275059,0.596156862745098,0.5330169051949882,0.05456254097826781,13,0.3679012345679012,0.36877104377104375,0.4839225589225589,0.41003626003626004,0.3553677803677804,0.3650392817059484,0.32626262626262625,0.33594276094276093,0.3509259259259259,0.3514309764309764,0.3715600448933782,0.04310802965493361,15,0.4158415841584158,0.31683168316831684,0.4752475247524752,0.36633663366336633,0.36633663366336633,0.38613861386138615,0.3465346534653465,0.37,0.37,0.4,0.38132673267326733,0.04057133389483848,5,0.3116235348119406,0.30787589840872526,0.4091866376180102,0.3069715007215007,0.300323133656467,0.29480863515951233,0.2776700449215069,0.28605961939295277,0.2902691778465772,0.3326372701372702,0.3117425452674463,0.035592811622101185,9,0.4370208210500935,0.32850659174625824,0.4709894518863651,0.3629580815224379,0.38915671786958916,0.3910758687204753,0.3851454318364166,0.4057875457875458,0.37409313725490195,0.44697718947718956,0.3991710837151273,0.040269065339294065,5,,,,,,,,,,,,,1
0.2896721601486206,0.007002684990316698,0.0529632568359375,0.003666044499890736,5,1e-06,"{'reduce_dim__threshold': 5, 'clf__var_smoothing': 1e-06}",0.36759259259259264,0.2952020202020202,0.4881313131313131,0.4165630665630665,0.3195545195545195,0.36924803591470257,0.3038439955106622,0.38768237934904604,0.36018518518518516,0.3569023569023569,0.36649054649054646,0.05394716982769265,17,0.32539611804317686,0.27193386860053526,0.39490744328766497,0.3322671156004489,0.3148555148555149,0.26321005610221293,0.3043705355299558,0.3215281469667434,0.3191293274626608,0.3558523266856601,0.3203450453134574,0.035894587262626634,21,0.573618097103828,0.4052300614676853,0.5610882060073015,0.4756075607560756,0.5356725782468357,0.4524537093334414,0.522509575372253,0.5483995215311005,0.5443430458430458,0.5972521367521368,0.5216174492413704,0.056445766395127495,21,0.36759259259259264,0.2952020202020202,0.4881313131313131,0.4165630665630665,0.3195545195545195,0.36924803591470257,0.3038439955106622,0.38768237934904604,0.36018518518518516,0.3569023569023569,0.36649054649054646,0.05394716982769265,17,0.39603960396039606,0.24752475247524752,0.45544554455445546,0.33663366336633666,0.32673267326732675,0.3564356435643564,0.3465346534653465,0.36,0.36,0.38,0.3565346534653465,0.050185676221742255,14,0.29246991451980037,0.24256085928784155,0.38941520830787,0.3030968821929274,0.28628827962161296,0.27393001826446395,0.26575846486294247,0.30291755706050455,0.2935517889594257,0.33387799564270154,0.298386696872009,0.03817400668632996,16,0.40534914311495496,0.2617809758479798,0.439632057635386,0.3305140683559881,0.34755475547554754,0.3499055789894896,0.3947275737906742,0.3961859397191465,0.36202687869406136,0.4228921568627451,0.3710569128485973,0.04942002906820842,14,,,,,,,,,,,,,1
0.28146822452545167,0.010580871647359094,0.053496909141540525,0.00633421285787992,2.5,1e-06,"{'reduce_dim__threshold': 2.5, 'clf__var_smoothing': 1e-06}",0.3361111111111111,0.3514309764309764,0.45715488215488215,0.38091815591815587,0.24939782439782437,0.3964085297418631,0.25089786756453425,0.34472502805836136,0.3627946127946127,0.33585858585858586,0.34656975740309076,0.059163057292368336,24,0.2928423120089787,0.249533545611977,0.34741863075196405,0.33216895825591475,0.2798460798460798,0.2937545388525781,0.2670692431561997,0.32878519920293153,0.31772486772486774,0.32340347923681256,0.3032546854648304,0.029992726880048445,28,0.5883270827082708,0.3815609615260168,0.5145114511451145,0.4417806329127896,0.5207363593502208,0.4714456739791626,0.49482709140479264,0.5747992842621998,0.5329523809523811,0.5677050505050506,0.5088645968746001,0.060975910680100484,27,0.3361111111111111,0.3514309764309764,0.45715488215488215,0.38091815591815587,0.24939782439782437,0.3964085297418631,0.25089786756453425,0.34472502805836136,0.3627946127946127,0.33585858585858586,0.34656975740309076,0.059163057292368336,24,0.33663366336633666,0.27722772277227725,0.38613861386138615,0.31683168316831684,0.297029702970297,0.37623762376237624,0.297029702970297,0.32,0.34,0.35,0.3297128712871287,0.033264157380853795,23,0.25736911000068896,0.2519661653476375,0.341477688691311,0.30679207797851865,0.2334536638884465,0.30193593741980834,0.22154468625056864,0.25842007112498916,0.29164826942604716,0.2925395967191633,0.27571472668471797,0.03526347473099394,25,0.34996238873258156,0.2717446202446877,0.37899810343025253,0.3170376080260289,0.32314094285682754,0.36896434769318837,0.3508547364109391,0.3611291959406714,0.3343645983645983,0.3842609014280841,0.3440457443127859,0.03212585207616649,23,,,,,,,,,,,,,1
0.2718661785125732,0.007501789809351685,0.05092904567718506,0.005534892119646502,1.5,1e-06,"{'reduce_dim__threshold': 1.5, 'clf__var_smoothing': 1e-06}",0.29537037037037034,0.26346801346801346,0.30808080808080807,0.37308987308987307,0.16307303807303808,0.3952581369248036,0.16655443322109986,0.22208193041526375,0.3528619528619529,0.2920875420875421,0.28319260985927647,0.07648372921665775,35,0.2268518518518519,0.20339338081273564,0.23728334245575622,0.31641975308641973,0.21333333333333332,0.266032797611745,0.24814814814814812,0.21604618766454514,0.30801112467779135,0.30906084656084665,0.2544580766203173,0.04085807897631736,37,0.5269625176803394,0.40728727250605257,0.4362028321058707,0.4077997799779978,0.464950495049505,0.4859916356008071,0.4665016501650165,0.47523464458247067,0.46579792429792427,0.547970238095238,0.46846989900612224,0.043108240258550055,37,0.29537037037037034,0.26346801346801346,0.30808080808080807,0.37308987308987307,0.16307303807303808,0.3952581369248036,0.16655443322109986,0.22208193041526375,0.3528619528619529,0.2920875420875421,0.28319260985927647,0.07648372921665775,35,0.25742574257425743,0.22772277227722773,0.2871287128712871,0.26732673267326734,0.22772277227722773,0.31683168316831684,0.21782178217821782,0.24,0.26,0.3,0.26019801980198015,0.03144576900934931,33,0.18240297713981926,0.17623857623857622,0.2165223665223665,0.2831820010182583,0.14733573063092514,0.25692385873705714,0.1840090737149561,0.15784194019488137,0.25147115176354945,0.23973104711156734,0.20956587230719567,0.044075087625284864,35,0.2494812639158653,0.23324332433243322,0.2941515580129442,0.26428733098873797,0.2531740457471704,0.2987185371163428,0.26903012537840726,0.28131695755225167,0.25961321037636825,0.32372250637041927,0.27267388597909403,0.02558785219798923,33,,,,,,,,,,,,,1
0.30587360858917234,0.009611311598995111,0.05333549976348877,0.0050577420351098365,10,1e-05,"{'reduce_dim__threshold': 10, 'clf__var_smoothing': 1e-05}",0.432716049382716,0.3990740740740741,0.4839225589225589,0.41003626003626004,0.39240481740481736,0.3650392817059484,0.31618967452300784,0.3366161616161616,0.430050505050505,0.36069023569023567,0.3926739618406285,0.04737944908663513,9,0.3671550671550672,0.3372354497354497,0.4217652717652718,0.29319442358658043,0.32422084995614403,0.28778320444987116,0.3168357241886654,0.30134406025284116,0.48115326938856356,0.36667869167869166,0.3497366012157146,0.058579677996948055,9,0.6327784426794328,0.47277227722772275,0.5893217893217892,0.4480347065087892,0.5498544602359396,0.47595398276091344,0.5225720891416873,0.5297004666262979,0.6083857906799083,0.6001677489177488,0.542954175410023,0.06069265052091605,10,0.432716049382716,0.3990740740740741,0.4839225589225589,0.41003626003626004,0.39240481740481736,0.3650392817059484,0.31618967452300784,0.3366161616161616,0.430050505050505,0.36069023569023567,0.3926739618406285,0.04737944908663513,9,0.42574257425742573,0.32673267326732675,0.4752475247524752,0.36633663366336633,0.37623762376237624,0.38613861386138615,0.3564356435643564,0.38,0.41,0.41,0.3912871287128713,0.03914293544379799,4,0.3515952218266384,0.324628026294693,0.4143176358862634,0.3097587719298246,0.3168066501399835,0.29854892269752953,0.2685561886800277,0.2912387791306541,0.40057997273376994,0.32969018091567115,0.3305720350235056,0.04408372486255498,6,0.4515860918274371,0.34084437015130087,0.4775074792547129,0.3664451971512941,0.39470562440859475,0.3931135780199324,0.3965271034639273,0.41846337106991854,0.42964580251632023,0.45194329526682475,0.4120781913130263,0.03980001297203193,4,,,,,,,,,,,,,1
0.2881882667541504,0.0076664011665380305,0.05056395530700684,0.004657258232882953,5,1e-05,"{'reduce_dim__threshold': 5, 'clf__var_smoothing': 1e-05}",0.4070987654320988,0.29267676767676765,0.5020202020202019,0.3940883190883191,0.3134939134939135,0.38103254769921435,0.3040965207631874,0.38162177328843994,0.3972222222222222,0.38383838383838387,0.3757189415522749,0.058106159697143,13,0.34509544558564165,0.2612297578964246,0.4194223985890652,0.28104097389443106,0.3179476468950153,0.2855750487329434,0.315044215044215,0.3242516742516742,0.3414137660514472,0.3671750181554103,0.3258195945096268,0.04366190865701343,18,0.6079102658164977,0.3894755189804695,0.5807834354864058,0.4346705800611021,0.5461798059505198,0.47688610966359785,0.5295796612628296,0.553063825063825,0.552218320327016,0.5848464052287582,0.5255613927841021,0.06663599078132458,18,0.4070987654320988,0.29267676767676765,0.5020202020202019,0.3940883190883191,0.3134939134939135,0.38103254769921435,0.3040965207631874,0.38162177328843994,0.3972222222222222,0.38383838383838387,0.3757189415522749,0.058106159697143,13,0.4158415841584158,0.2376237623762376,0.46534653465346537,0.32673267326732675,0.33663366336633666,0.37623762376237624,0.33663366336633666,0.37,0.37,0.38,0.3615049504950495,0.05677307151157101,13,0.31093782507944095,0.23535069509827233,0.4145448653088721,0.2782465906246714,0.289451438302013,0.28930267263600595,0.2677030052468649,0.3008849581218002,0.3266406757634827,0.3458184126876712,0.30588811388690945,0.04650251962239675,12,0.42667456441896207,0.24767805525843803,0.4598130963677535,0.3222347842839525,0.3692337706677072,0.373978771503524,0.39009992612910804,0.40950159051474844,0.3747777777777778,0.42200334974369386,0.3795995686665665,0.05684103385924261,12,,,,,,,,,,,,,1
0.28685245513916013,0.015298344615791791,0.05070188045501709,0.0055536777779269355,2.5,1e-05,"{'reduce_dim__threshold': 2.5, 'clf__var_smoothing': 1e-05}",0.31790123456790126,0.31186868686868685,0.4760942760942761,0.38091815591815587,0.28896011396011395,0.4241863075196408,0.27152076318742985,0.3518799102132435,0.3627946127946127,0.33585858585858586,0.35219826469826476,0.05920083211442478,22,0.2859251859251859,0.230256971636282,0.3838598402323892,0.33514376123071776,0.28982498982498983,0.3333168284148676,0.2817460317460318,0.3729141229141229,0.3175925925925926,0.32357085346215786,0.31541511779793374,0.04322243815275606,23,0.5832761298107834,0.3670244629616429,0.5527729243512587,0.4439012845383917,0.5047691582345047,0.48689721913367806,0.5078029231494579,0.6101709401709401,0.5349621212121213,0.5694565217391304,0.5161033685301909,0.06811444606249675,25,0.31790123456790126,0.31186868686868685,0.4760942760942761,0.38091815591815587,0.28896011396011395,0.4241863075196408,0.27152076318742985,0.3518799102132435,0.3627946127946127,0.33585858585858586,0.35219826469826476,0.05920083211442478,22,0.33663366336633666,0.25742574257425743,0.4158415841584158,0.31683168316831684,0.31683168316831684,0.38613861386138615,0.2871287128712871,0.33,0.34,0.35,0.3336831683168317,0.0428724258417816,22,0.24873008985671,0.2255311525426468,0.37036000533453844,0.31119625080374413,0.26181568412805734,0.33512497060884155,0.23387920986487293,0.27323348694316435,0.29276567054344826,0.29311776592478345,0.28457542865508073,0.04330223621877592,21,0.36190692757773696,0.2542348418244628,0.4201945451546218,0.3201772163766847,0.34210851974794704,0.3815656078192009,0.3419501468048258,0.37907170786203037,0.33679683279683276,0.3862653428442902,0.35242716888086334,0.04304489244651922,21,,,,,,,,,,,,,1
0.2781295537948608,0.008962070827654,0.05266351699829101,0.004473379523745303,1.5,1e-05,"{'reduce_dim__threshold': 1.5, 'clf__var_smoothing': 1e-05}",0.22129629629629627,0.22895622895622894,0.2756734006734007,0.38163688163688164,0.20011007511007511,0.3952581369248036,0.20359147025813693,0.23639169472502808,0.3702581369248036,0.2920875420875421,0.2805259863593197,0.07217826946693812,36,0.19235588972431078,0.19742294742294741,0.23596491228070177,0.30899782135076254,0.2401139601139601,0.2679983596650264,0.2705387205387206,0.2297472075249853,0.3261904761904762,0.3091650065334276,0.2578495301345319,0.044393627161066,36,0.47362837787538153,0.4146183849154147,0.4404377279833246,0.4133886623956513,0.47414064483371415,0.4864157569603115,0.49686468646864684,0.49114285714285705,0.4992857142857142,0.5529708887603624,0.47428937016213785,0.04021473382977518,34,0.22129629629629627,0.22895622895622894,0.2756734006734007,0.38163688163688164,0.20011007511007511,0.3952581369248036,0.20359147025813693,0.23639169472502808,0.3702581369248036,0.2920875420875421,0.2805259863593197,0.07217826946693812,36,0.22772277227722773,0.22772277227722773,0.27722772277227725,0.27722772277227725,0.2376237623762376,0.31683168316831684,0.22772277227722773,0.27,0.29,0.3,0.2652079207920792,0.031270367737545546,31,0.14818997427693079,0.1636662294557031,0.20762824567378646,0.2817199067199067,0.17879420774157617,0.25875314072338496,0.2099941997000821,0.16965446491063188,0.2715587820660284,0.23797370763492964,0.21279328589029603,0.04537520000511633,34,0.2337002644363815,0.24221651996534746,0.2942171483240865,0.2711181424052711,0.26322365319238694,0.2986795142957973,0.27726100341126547,0.30929638062844883,0.2989774645644211,0.32700533465324755,0.28156954258766537,0.028095253464208263,30,,,,,,,,,,,,,1
0.30318732261657716,0.008949292057200487,0.0539708137512207,0.003957966341774836,10,0.0001,"{'reduce_dim__threshold': 10, 'clf__var_smoothing': 0.0001}",0.432716049382716,0.3879629629629629,0.48181818181818176,0.42392514892514893,0.39745532245532245,0.4039281705948372,0.3338383838383838,0.323709315375982,0.4696127946127946,0.3758417508417508,0.40308080808080804,0.04902656431813401,7,0.3611246777913445,0.33252164502164505,0.4445326278659612,0.310968660968661,0.32971906261379946,0.3567828413416649,0.35548340548340546,0.2953726359523461,0.4541646004494302,0.38410609857978284,0.362477625606804,0.04981689777800437,7,0.6302397272694302,0.4707149286357207,0.6070092723558069,0.46478801726326485,0.5440732209426843,0.5071307769109167,0.5655244095838156,0.5423019009975532,0.5919293219680216,0.6148646616541353,0.553857623758135,0.055879799830546285,8,0.432716049382716,0.3879629629629629,0.48181818181818176,0.42392514892514893,0.39745532245532245,0.4039281705948372,0.3338383838383838,0.323709315375982,0.4696127946127946,0.3758417508417508,0.40308080808080804,0.04902656431813401,7,0.42574257425742573,0.31683168316831684,0.48514851485148514,0.37623762376237624,0.39603960396039606,0.40594059405940597,0.37623762376237624,0.38,0.43,0.41,0.40021782178217824,0.0417249572985113,2,0.350211420442837,0.3161875161875162,0.41904765532216515,0.325984523315086,0.3256517854219003,0.3472652753354508,0.2949931962315863,0.2830556213640791,0.4305221283972988,0.34286570891567725,0.34357848309335964,0.04551660754828719,4,0.4519197515670375,0.3347265495780347,0.49068009580531424,0.38112633211833025,0.4174606926399347,0.4164541150471322,0.4259243642868692,0.42439232409381666,0.45076998438,0.4568681897903909,0.425032239930686,0.04113818522938737,2,,,,,,,,,,,,,1
0.33653371334075927,0.02953958391603477,0.056358861923217776,0.003666323072636949,5,0.0001,"{'reduce_dim__threshold': 5, 'clf__var_smoothing': 0.0001}",0.4027777777777778,0.322979797979798,0.4881313131313131,0.3940883190883191,0.316019166019166,0.3770763187429854,0.31896745230078566,0.38162177328843994,0.44814814814814813,0.3598484848484848,0.3809658551325218,0.05341499243371658,12,0.32696640591377435,0.26762650929317594,0.4172165162361241,0.27476138603589584,0.31121116537783206,0.2981188201776437,0.3255616900544437,0.3213416213416213,0.3688712522045855,0.3268959435626102,0.32385713101977065,0.04143070996712622,19,0.5976789408264135,0.3909518973875409,0.5804097216444333,0.4323074114134102,0.5267320688112767,0.49061421979302,0.5421755529590225,0.5665400155400155,0.5498015873015872,0.5473888888888889,0.5224600304565609,0.06258681695382022,20,0.4027777777777778,0.322979797979798,0.4881313131313131,0.3940883190883191,0.316019166019166,0.3770763187429854,0.31896745230078566,0.38162177328843994,0.44814814814814813,0.3598484848484848,0.3809658551325218,0.05341499243371658,12,0.42574257425742573,0.25742574257425743,0.45544554455445546,0.32673267326732675,0.3465346534653465,0.37623762376237624,0.3564356435643564,0.37,0.39,0.36,0.36645544554455445,0.05108922020096866,10,0.3119190351627857,0.24644705581149123,0.4067218554631584,0.2779172325638968,0.2901135624370781,0.2978638902250013,0.2840381120589983,0.29863194153054834,0.36777311086979775,0.3053806689480314,0.3086806465070787,0.04372042115804525,11,0.4434693758640885,0.2639468666791785,0.45545686582754236,0.32396801065977815,0.3775408276151198,0.3876567418646627,0.4113371424806768,0.41087376246044977,0.3972958387116602,0.39801634797839724,0.38695617801415544,0.05335704592065344,10,,,,,,,,,,,,,1
0.3015362501144409,0.012024348573960902,0.0541032075881958,0.007408680967477937,2.5,0.0001,"{'reduce_dim__threshold': 2.5, 'clf__var_smoothing': 0.0001}",0.31790123456790126,0.31186868686868685,0.4897306397306398,0.37233229733229734,0.3398860398860399,0.4099887766554433,0.26731200897867563,0.3544051627384961,0.3696408529741863,0.3333333333333333,0.35663990330657,0.057695774128508945,21,0.2772486772486772,0.2297482211275315,0.39944769330734237,0.3066293183940243,0.31027676027676027,0.30964877533504986,0.26627559236254883,0.3473881868618711,0.33325131658464996,0.3128786136032513,0.3092793155101706,0.04402143234787804,26,0.5548797736916549,0.3676047407696435,0.5713218690290082,0.4271708683473389,0.5143618757480143,0.47596171381844066,0.5015220466145994,0.5924000736105999,0.5389024864024864,0.5677581090407178,0.5111883557072504,0.06716260142939018,26,0.31790123456790126,0.31186868686868685,0.4897306397306398,0.37233229733229734,0.3398860398860399,0.4099887766554433,0.26731200897867563,0.3544051627384961,0.3696408529741863,0.3333333333333333,0.35663990330657,0.057695774128508945,21,0.32673267326732675,0.25742574257425743,0.43564356435643564,0.31683168316831684,0.33663366336633666,0.37623762376237624,0.297029702970297,0.34,0.33,0.34,0.3356534653465347,0.044453360554427196,21,0.24452555432947587,0.22509825210974638,0.38802401302401307,0.2924144284800023,0.2900784707241773,0.31715455093563555,0.2284560619119443,0.274747462811979,0.3054689978064591,0.2784456766930399,0.2844413468826473,0.04551502687918007,22,0.35703822483088643,0.25464631154286327,0.44452725492329453,0.31810696545317546,0.3549680199836848,0.3719667402673555,0.3524695407485157,0.3905510693607468,0.34018255196815567,0.3733670780427353,0.35578237571214133,0.046432941731899026,20,,,,,,,,,,,,,1
0.2877666711807251,0.009049559100357386,0.05318152904510498,0.0037822109140987345,1.5,0.0001,"{'reduce_dim__threshold': 1.5, 'clf__var_smoothing': 0.0001}",0.2657407407407407,0.23106060606060608,0.25042087542087543,0.37308987308987307,0.20011007511007511,0.3607463524130191,0.25308641975308643,0.2639169472502806,0.43044332210998876,0.3034511784511784,0.2932066390399724,0.06889369821822186,34,0.20576264693911753,0.20715841892312478,0.2370745999549245,0.3971129514607775,0.23280423280423276,0.2555855870613353,0.2636495083863505,0.31147119341563784,0.36824344238137346,0.3105887939221273,0.2789451375249002,0.06258421891500279,33,0.49092142569137326,0.4134897523365782,0.4487417910148012,0.5001445175573459,0.4724186704384724,0.4820787164961521,0.491125758035607,0.5500972222222222,0.5218567639257293,0.5566538461538463,0.4927528463872128,0.041263080813296195,29,0.2657407407407407,0.23106060606060608,0.25042087542087543,0.37308987308987307,0.20011007511007511,0.3607463524130191,0.25308641975308643,0.2639169472502806,0.43044332210998876,0.3034511784511784,0.2932066390399724,0.06889369821822186,34,0.26732673267326734,0.21782178217821782,0.27722772277227725,0.26732673267326734,0.2376237623762376,0.3069306930693069,0.2376237623762376,0.3,0.32,0.3,0.27318811881188115,0.032323019209634325,29,0.17268266451569536,0.16926343636869953,0.20655334343858936,0.2645208700764256,0.1725790725790726,0.246296745447849,0.21176425913268015,0.21000431099115308,0.3210142122125155,0.23946966547585744,0.22141485802385374,0.045438942204759865,31,0.2802465364503783,0.2339288816099655,0.30575499542388035,0.26099324218136105,0.26183166579206185,0.3004521043906477,0.28377469325879956,0.34968994601889336,0.32301936575266377,0.32267500518893705,0.29223664360675883,0.033077132008762423,29,,,,,,,,,,,,,1
0.3161076307296753,0.010839944153266523,0.054138922691345216,0.005330203253327906,10,0.001,"{'reduce_dim__threshold': 10, 'clf__var_smoothing': 0.001}",0.4438271604938271,0.3768518518518518,0.5234848484848484,0.45170292670292667,0.3898795648795649,0.431705948372615,0.39556677890011227,0.36958473625140287,0.4784511784511785,0.4027777777777778,0.4263832772166105,0.04651055747348308,4,0.38685548293391425,0.300645342312009,0.4637566137566138,0.34939319939319935,0.3110819826506101,0.4034137159137159,0.35758778258778257,0.3234567901234568,0.5007647323436797,0.3871594092182328,0.3784115051233214,0.06156588972295547,5,0.6551228232066904,0.4250925092509251,0.6404997642621405,0.49525589921629526,0.4891265467852539,0.5546707830123672,0.5585112082636836,0.5741666666666666,0.6057908232118758,0.5976386554621849,0.5595875679338083,0.06832753319889899,5,0.4438271604938271,0.3768518518518518,0.5234848484848484,0.45170292670292667,0.3898795648795649,0.431705948372615,0.39556677890011227,0.36958473625140287,0.4784511784511785,0.4027777777777778,0.4263832772166105,0.04651055747348308,4,0.43564356435643564,0.3069306930693069,0.504950495049505,0.39603960396039606,0.36633663366336633,0.42574257425742573,0.38613861386138615,0.38,0.42,0.41,0.40317821782178215,0.04873364384435858,1,0.36968297469634237,0.2937671236525842,0.44745832870832863,0.3593092863926197,0.31326164874551976,0.37824008756026295,0.3156320077888705,0.3097588882311104,0.43603167816802774,0.354244928218052,0.3577386952161718,0.04990255956740693,2,0.47159888443168285,0.317680028332966,0.5154438795527904,0.40665234105828163,0.37856382412434797,0.44212110482303285,0.4262887180767204,0.42646922521922526,0.43925938695219124,0.4543101497893587,0.42783875423605977,0.05063680884912962,1,,,,,,,,,,,,,1
0.30473980903625486,0.016972785650913487,0.054068922996520996,0.006845815067498814,5,0.001,"{'reduce_dim__threshold': 5, 'clf__var_smoothing': 0.001}",0.38240740740740736,0.35749158249158247,0.4962121212121211,0.3940883190883191,0.316019166019166,0.3789281705948373,0.37272727272727274,0.3902076318742986,0.4231481481481481,0.33585858585858586,0.3847088405421739,0.04696428632976035,11,0.34394484657642554,0.2822208655541989,0.4378617483880642,0.2846659876071641,0.2991596638655462,0.3326240437695546,0.3412158261049992,0.3353847581917757,0.3484207150873817,0.311376894710228,0.3316875349855338,0.042352215108157426,17,0.6119584428078435,0.4006092916984006,0.5999141513341617,0.44092648760674386,0.5040352774773276,0.5399198345309985,0.567475259582955,0.5809924812030075,0.5389502164502165,0.5345876345876346,0.531936907727929,0.0641264810449823,15,0.38240740740740736,0.35749158249158247,0.4962121212121211,0.3940883190883191,0.316019166019166,0.3789281705948373,0.37272727272727274,0.3902076318742986,0.4231481481481481,0.33585858585858586,0.3847088405421739,0.04696428632976035,11,0.40594059405940597,0.25742574257425743,0.45544554455445546,0.32673267326732675,0.3465346534653465,0.39603960396039606,0.38613861386138615,0.37,0.37,0.34,0.3654257425742574,0.050316590099988553,11,0.3126855140744029,0.2627966441691932,0.4066888437412734,0.2828318513171919,0.2847325716178175,0.31074118223876673,0.31208827618690077,0.3068391256879555,0.34300724082271006,0.28316742467596356,0.31055786745321756,0.03844724540290644,10,0.44467819034650724,0.25799512077904624,0.46159051966577735,0.3286813519662415,0.37338291206169794,0.41321134183811753,0.43733299361542827,0.4133978911663921,0.38205012003405303,0.380597203397488,0.3892917644870749,0.057488726318751134,8,,,,,,,,,,,,,1
0.3470245122909546,0.046375951422288855,0.05787169933319092,0.012313247930496742,2.5,0.001,"{'reduce_dim__threshold': 2.5, 'clf__var_smoothing': 0.001}",0.3429012345679012,0.32575757575757575,0.4760942760942761,0.3751100751100751,0.3484330484330484,0.41461840628507296,0.3207631874298541,0.40589225589225586,0.3974186307519641,0.3013468013468013,0.3708335491668825,0.05059682970137121,16,0.3080796167483474,0.2495088245088245,0.38361085174810666,0.304356591121297,0.31478089811423143,0.3124774281637027,0.2863756613756614,0.3611554039090271,0.35028058361391695,0.29966063348416294,0.31702864927872776,0.03681394289396673,22,0.5812859304506302,0.4007487561943008,0.56007386452931,0.42946395479884125,0.5223709184105223,0.49069593449325544,0.5185643564356436,0.6015675146109929,0.5257842712842713,0.5721625188536954,0.5202718020061463,0.06168697751156529,22,0.3429012345679012,0.32575757575757575,0.4760942760942761,0.3751100751100751,0.3484330484330484,0.41461840628507296,0.3207631874298541,0.40589225589225586,0.3974186307519641,0.3013468013468013,0.3708335491668825,0.05059682970137121,16,0.3465346534653465,0.26732673267326734,0.4158415841584158,0.3069306930693069,0.3465346534653465,0.38613861386138615,0.32673267326732675,0.35,0.33,0.35,0.34260396039603963,0.03840484302082448,18,0.2734174673453611,0.24135365122207228,0.370326082478474,0.27913763055408153,0.29416343804443873,0.3147555796512153,0.25506240310161876,0.2987218874315648,0.32694144998066565,0.26253450244530285,0.2916414092254795,0.03637400199696288,18,0.38120985858412354,0.2700752261460964,0.4259704978919948,0.3059000651795738,0.36269629281096755,0.3797691127204345,0.3760705546960644,0.3968123006026232,0.3475064298446652,0.39167854854884754,0.3637688887025391,0.043410025481408994,16,,,,,,,,,,,,,1
0.3009624004364014,0.018039874357910317,0.058381295204162596,0.004738362370718958,1.5,0.001,"{'reduce_dim__threshold': 1.5, 'clf__var_smoothing': 0.001}",0.29320987654320985,0.20033670033670034,0.22937710437710437,0.3592009842009842,0.2623996373996374,0.47143658810325473,0.32463524130190796,0.2662738496071829,0.3841470258136925,0.3042929292929293,0.30953099369766035,0.0756377029806594,31,0.23204099821746882,0.1592331523252576,0.22407407407407406,0.29354981438314776,0.2656675450153711,0.3118077675869213,0.27785714285714286,0.22393566916893493,0.3628347578347578,0.32353104984683934,0.2674531971309916,0.05634117958186038,35,0.5018372425477842,0.3274826918782104,0.43366336633663366,0.4124008554701624,0.48792150954225855,0.497081590069666,0.4907802923149459,0.4841076784383072,0.5295987179487178,0.5557468671679198,0.4720620811714606,0.062056632450639075,35,0.29320987654320985,0.20033670033670034,0.22937710437710437,0.3592009842009842,0.2623996373996374,0.47143658810325473,0.32463524130190796,0.2662738496071829,0.3841470258136925,0.3042929292929293,0.30953099369766035,0.0756377029806594,31,0.25742574257425743,0.16831683168316833,0.24752475247524752,0.26732673267326734,0.25742574257425743,0.33663366336633666,0.24752475247524752,0.26,0.3,0.3,0.2642178217821782,0.04204618855919822,32,0.19443450884627358,0.1319622233600728,0.18831908831908828,0.2642288007737636,0.2094105304250232,0.32010394068607284,0.23340029869097634,0.1766962105004535,0.3003702114813226,0.2489852040185744,0.2267911017101621,0.055127267077566766,30,0.2699266332580252,0.17153401976142313,0.2812219683506812,0.26731000541375494,0.2723350595929158,0.312011025170057,0.27703328254779686,0.30117356544130897,0.31923316173316174,0.33771067058636584,0.2809489391855491,0.04293041661693163,31,,,,,,,,,,,,,1
0.319512677192688,0.014685102910567202,0.05440642833709717,0.005359624634216391,10,0.01,"{'reduce_dim__threshold': 10, 'clf__var_smoothing': 0.01}",0.46666666666666656,0.39284511784511783,0.5693602693602693,0.4718660968660968,0.44543512043512046,0.369668911335578,0.43367003367003365,0.39076879910213247,0.48728956228956233,0.4347643097643098,0.44623348873348867,0.05477148433164995,1,0.41169360777203917,0.29182299182299176,0.47985527544351064,0.37587139144156684,0.364006799300917,0.35353771138084866,0.3809998643331977,0.32350427350427347,0.4261633428300095,0.4016932776736699,0.38091485355030247,0.05050730240568809,4,0.6753026433865106,0.4368779735116369,0.6636388218653797,0.5275883603397933,0.5423293460567774,0.532589603498165,0.5663003663003664,0.5767948717948718,0.5739102564102564,0.6184163352986882,0.5713748578462445,0.06628928005026458,4,0.46666666666666656,0.39284511784511783,0.5693602693602693,0.4718660968660968,0.44543512043512046,0.369668911335578,0.43367003367003365,0.39076879910213247,0.48728956228956233,0.4347643097643098,0.44623348873348867,0.05477148433164995,1,0.43564356435643564,0.297029702970297,0.504950495049505,0.38613861386138615,0.39603960396039606,0.39603960396039606,0.39603960396039606,0.36,0.41,0.4,0.3981881188118812,0.0497938904517507,3,0.38649065191714915,0.28938784198884526,0.47184197938861583,0.37376748797457426,0.36672905733979344,0.33554714620891096,0.3476060707944766,0.29814270989160296,0.4128839023988663,0.3661114466803956,0.36485082945832303,0.05060425981843897,1,0.4689422857245537,0.3039937180535502,0.5153513351074204,0.40112929765628785,0.4152850434513075,0.4228154247228213,0.4274216743222339,0.4024670265955844,0.41376997697864565,0.44300656479489653,0.42141823474073015,0.05122639011991479,3,,,,,,,,,,,,,1
0.31404638290405273,0.012792608849724963,0.05523238182067871,0.0042684325333238815,5,0.01,"{'reduce_dim__threshold': 5, 'clf__var_smoothing': 0.01}",0.4191358024691358,0.36675084175084177,0.4886363636363636,0.43600751100751095,0.36836959336959335,0.4102413019079686,0.41576879910213244,0.38768237934904604,0.4406846240179573,0.37163299663299665,0.41049102132435467,0.03672830949999441,6,0.38209239924926197,0.28124196790863454,0.42472413207707327,0.3336551792434146,0.33365384615384613,0.36270180436847105,0.3495265942634364,0.32948733365400035,0.3806240056240056,0.336749017141174,0.3514456279683318,0.03681098230859185,8,0.6363773982440261,0.4073520758669274,0.5774476397219555,0.4694851838124989,0.5417364813404417,0.5386646356943388,0.5599866001637758,0.5828445165945166,0.5619030969030969,0.558767748591278,0.5434565376932856,0.06017570320177676,9,0.4191358024691358,0.36675084175084177,0.4886363636363636,0.43600751100751095,0.36836959336959335,0.4102413019079686,0.41576879910213244,0.38768237934904604,0.4406846240179573,0.37163299663299665,0.41049102132435467,0.03672830949999441,6,0.40594059405940597,0.26732673267326734,0.42574257425742573,0.33663366336633666,0.36633663366336633,0.38613861386138615,0.37623762376237624,0.36,0.37,0.33,0.3624356435643564,0.04182661988221726,12,0.34818184467640173,0.2699265774220402,0.3956654456654457,0.31666666666666665,0.3238126361655773,0.3439451906118573,0.32914162696799437,0.297061029656156,0.362495253284727,0.2951603864385031,0.3282056657555369,0.03461954982033424,7,0.4500317353008854,0.2690931625621029,0.4276502375512276,0.3393682225365393,0.39421924545395715,0.4017679130550418,0.4169526085735509,0.4036733389450856,0.3896229778992937,0.36593606008622986,0.3858315501963914,0.04866059451766577,11,,,,,,,,,,,,,1
0.3049911022186279,0.007492814365434713,0.05638458728790283,0.006556965295869858,2.5,0.01,"{'reduce_dim__threshold': 2.5, 'clf__var_smoothing': 0.01}",0.3820987654320988,0.32575757575757575,0.5305555555555556,0.39531209531209527,0.3401385651385651,0.42850729517396186,0.3676206509539843,0.4033670033670033,0.39618406285072955,0.27946127946127947,0.3849002849002849,0.06373309036588873,10,0.32765475265475263,0.25552273294208777,0.431980056980057,0.31461193127859793,0.30454807204033213,0.3785994869328203,0.30419272085938753,0.3629308962642296,0.3716167198623339,0.2852954144620812,0.33369527842766794,0.049541052714085376,15,0.5907152253686907,0.4081303238441534,0.6165862740120166,0.417035549708817,0.4851659860641254,0.5366718814738617,0.5235080650922235,0.5871976911976912,0.5493912344964976,0.5581190476190476,0.5272521278877125,0.06727274570196853,17,0.3820987654320988,0.32575757575757575,0.5305555555555556,0.39531209531209527,0.3401385651385651,0.42850729517396186,0.3676206509539843,0.4033670033670033,0.39618406285072955,0.27946127946127947,0.3849002849002849,0.06373309036588873,10,0.3564356435643564,0.26732673267326734,0.4158415841584158,0.2871287128712871,0.31683168316831684,0.39603960396039606,0.33663366336633666,0.34,0.33,0.32,0.3366237623762376,0.042630275143240096,20,0.29830912210921307,0.24348986945478174,0.40564122362367977,0.2835381440025403,0.27700465243568695,0.3482696232271784,0.2805187808544586,0.2923921077789937,0.32962988062608556,0.24045469780763895,0.29992481019202566,0.047272583510352385,15,0.38444092027250837,0.2739845112330782,0.4228367891734228,0.2770797698964943,0.33035511063421613,0.403163915712454,0.3785478410829757,0.38174924851661096,0.3558146968464805,0.3646360551213493,0.35726088584895904,0.047268622929901215,19,,,,,,,,,,,,,1
0.3028230667114258,0.008571487299337327,0.05459928512573242,0.00474194713252274,1.5,0.01,"{'reduce_dim__threshold': 1.5, 'clf__var_smoothing': 0.01}",0.2972222222222222,0.18855218855218855,0.33265993265993266,0.40086765086765086,0.29972804972804973,0.46972502805836136,0.2930976430976431,0.20005611672278334,0.33712121212121215,0.22306397306397308,0.30420940170940175,0.08344597795162846,33,0.24880511463844796,0.15462962962962962,0.3117283950617284,0.4277636851166263,0.21649029982363313,0.31025641025641026,0.2552293385626719,0.3991285403050109,0.3291847041847042,0.2485393699161815,0.29017554874950435,0.07852341303125884,32,0.5135832154644036,0.3323432343234323,0.5177117711771178,0.5256960085148786,0.4336005029074336,0.5170728611322671,0.46805999281246813,0.6183361344537815,0.45981060606060614,0.49888981791155707,0.48851041447579463,0.07020511464530392,32,0.2972222222222222,0.18855218855218855,0.33265993265993266,0.40086765086765086,0.29972804972804973,0.46972502805836136,0.2930976430976431,0.20005611672278334,0.33712121212121215,0.22306397306397308,0.30420940170940175,0.08344597795162846,33,0.2376237623762376,0.1485148514851485,0.27722772277227725,0.2871287128712871,0.2376237623762376,0.31683168316831684,0.2079207920792079,0.2,0.24,0.24,0.23928712871287133,0.045293427330650594,37,0.19692230427524549,0.12272139625080802,0.26770553339180786,0.2838882807273612,0.1953196037324783,0.3034339661790642,0.19807410518572965,0.12573758014371042,0.25394240875448637,0.19129170336600676,0.21390368820066982,0.0590714293739775,33,0.2614232011436437,0.15243556676288186,0.3081182067786611,0.2777414687281536,0.23070757464203684,0.2760314686930878,0.23676175259516832,0.23602856147683735,0.2572335851504932,0.2862817904489731,0.25227631764199365,0.04066176014773648,36,,,,,,,,,,,,,1
0.3294642210006714,0.011346553599112304,0.05646178722381592,0.004314290843374168,10,0.1,"{'reduce_dim__threshold': 10, 'clf__var_smoothing': 0.1}",0.4962962962962963,0.4245791245791246,0.6053030303030303,0.4756539756539756,0.4182012432012432,0.3537037037037037,0.4238215488215488,0.3831930415263749,0.4565656565656566,0.3939393939393939,0.44312570145903474,0.06761115578122008,2,0.45446374613041285,0.32441416608083273,0.5036676286676286,0.3817157078026643,0.33803952039246155,0.37254901960784315,0.3684744268077601,0.3385144630242669,0.4058309519093833,0.37963641296974626,0.38673060433929995,0.052740599116266565,3,0.7128140836061628,0.4981512986463482,0.6753675367536753,0.5138839970953617,0.5235733980637882,0.5760102060626231,0.552062706270627,0.5896463797640269,0.58523049825991,0.6185030525030526,0.5845243157025575,0.06571427344764075,3,0.4962962962962963,0.4245791245791246,0.6053030303030303,0.4756539756539756,0.4182012432012432,0.3537037037037037,0.4238215488215488,0.3831930415263749,0.4565656565656566,0.3939393939393939,0.44312570145903474,0.06761115578122008,2,0.4158415841584158,0.31683168316831684,0.49504950495049505,0.3564356435643564,0.3465346534653465,0.36633663366336633,0.36633663366336633,0.33,0.38,0.34,0.3713366336633663,0.04889712497178963,9,0.3988859851432951,0.31222776134540836,0.4946235295852154,0.37015364968581344,0.3308142150247413,0.3284721652840225,0.3412087218140074,0.28910884679893445,0.3831051363164734,0.3227458624775446,0.3571345873475456,0.05575391670650245,3,0.4512657309687013,0.323773830518152,0.5032843185796413,0.35996049190421264,0.3609535389629189,0.4016120360166289,0.3975638813424638,0.373651377850255,0.3799420442825089,0.38581117197216264,0.39378184223976453,0.048118411934148016,6,,,,,,,,,,,,,1
0.3226162910461426,0.016814309346518345,0.056215333938598636,0.00524955427405545,5,0.1,"{'reduce_dim__threshold': 5, 'clf__var_smoothing': 0.1}",0.46419753086419757,0.39175084175084174,0.5363636363636364,0.4473711473711473,0.376074851074851,0.40117845117845113,0.43709315375982044,0.3297418630751964,0.42297979797979796,0.3918350168350168,0.41985862902529564,0.05344664111274962,5,0.43670566905861025,0.3124212207545541,0.4579297245963912,0.34670422170422177,0.3455004303688514,0.35105820105820107,0.3594556677890011,0.3080430825528864,0.3847239180572514,0.36960124116986864,0.3672143377109837,0.045921137514460655,6,0.6775060990261922,0.45241601083185246,0.6131928577473132,0.5008005608253132,0.5505260676443584,0.5145685997171145,0.5548604860486048,0.5482069858246329,0.5783424908424908,0.6003954248366014,0.5590815583344473,0.05999592571804762,6,0.46419753086419757,0.39175084175084174,0.5363636363636364,0.4473711473711473,0.376074851074851,0.40117845117845113,0.43709315375982044,0.3297418630751964,0.42297979797979796,0.3918350168350168,0.41985862902529564,0.05344664111274962,5,0.40594059405940597,0.2871287128712871,0.42574257425742573,0.32673267326732675,0.32673267326732675,0.3465346534653465,0.3564356435643564,0.3,0.34,0.32,0.3435247524752475,0.04127464255481378,17,0.3790055328461126,0.2970380853714187,0.423402237024528,0.3137779669500651,0.3174765079993838,0.334971560164227,0.33830626872876934,0.25824149661847096,0.35055849500293945,0.31053054075366443,0.332330869145958,0.0431536505100726,5,0.45492794095463057,0.2933635561358334,0.4303667518454632,0.3304563478269486,0.35013334666800017,0.36718185699859535,0.38615474551253093,0.3460037156700325,0.3629179894179895,0.35115391550077146,0.36726601665307956,0.04456876851869106,15,,,,,,,,,,,,,1
0.3131470441818237,0.010930883167801823,0.05704236030578613,0.004713725889103167,2.5,0.1,"{'reduce_dim__threshold': 2.5, 'clf__var_smoothing': 0.1}",0.3490740740740741,0.385942760942761,0.444949494949495,0.3798303548303548,0.39349261849261846,0.3851290684624018,0.3327721661054994,0.3515993265993266,0.3371773288439955,0.30050505050505044,0.3660472243805577,0.03829105417980704,19,0.3476037851037851,0.31823192239858905,0.42272315890736945,0.28280423280423284,0.3718952813155712,0.37823287823287827,0.254320987654321,0.39728457816693113,0.3298121095222545,0.30211917711917713,0.34050281112251096,0.0502830420915653,12,0.6064333768541689,0.5049112054062549,0.6040802952475698,0.36288700298601295,0.5870950449082175,0.5466019129385467,0.4680968096809681,0.6161659957689369,0.5114850560067952,0.5659947552447554,0.5373751455042226,0.07468112340839317,12,0.3490740740740741,0.385942760942761,0.444949494949495,0.3798303548303548,0.39349261849261846,0.3851290684624018,0.3327721661054994,0.3515993265993266,0.3371773288439955,0.30050505050505044,0.3660472243805577,0.03829105417980704,19,0.31683168316831684,0.297029702970297,0.3564356435643564,0.25742574257425743,0.297029702970297,0.33663366336633666,0.26732673267326734,0.29,0.27,0.3,0.29887128712871286,0.0294878414079914,27,0.2845437232291792,0.2950236884877408,0.35703192021977603,0.2510691137979115,0.3133837123354943,0.3090325319635665,0.22766089033313294,0.25978978271174274,0.2703209100267923,0.24201497390351878,0.28098712470088555,0.03694491552206673,24,0.36649528482400784,0.3019687963194079,0.3746374278773249,0.2236552855634077,0.3224665143962734,0.3572528910716005,0.29654022797599516,0.3307030263747142,0.29964312648136177,0.3353662704684377,0.32087288513525314,0.041780582677100414,25,,,,,,,,,,,,,1
0.30194666385650637,0.005304780161089207,0.05707395076751709,0.004494104028186488,1.5,0.1,"{'reduce_dim__threshold': 1.5, 'clf__var_smoothing': 0.1}",0.32870370370370366,0.28114478114478114,0.3250841750841751,0.3983423983423983,0.32248769748769746,0.44060044893378225,0.281986531986532,0.1621773288439955,0.33459595959595956,0.21801346801346802,0.3093136493136493,0.07623965683361376,32,0.25898792565459233,0.2223993031010575,0.3128147820676557,0.44226546054503046,0.24145226118910332,0.2983524463916621,0.21889721602365275,0.18633675692499221,0.3104910387519083,0.23283148949815619,0.27248286801478105,0.06934322607353971,34,0.5068581583433069,0.40800923354336593,0.5035225405829707,0.5007533472241233,0.47713776582979295,0.4832423449196891,0.41266787724623166,0.43009663865546216,0.4919536984754376,0.4771285714285714,0.4691370176248951,0.03591907574338433,36,0.32870370370370366,0.28114478114478114,0.3250841750841751,0.3983423983423983,0.32248769748769746,0.44060044893378225,0.281986531986532,0.1621773288439955,0.33459595959595956,0.21801346801346802,0.3093136493136493,0.07623965683361376,32,0.2079207920792079,0.18811881188118812,0.2376237623762376,0.27722772277227725,0.21782178217821782,0.27722772277227725,0.19801980198019803,0.16,0.23,0.2,0.2193960396039604,0.035506569791835876,38,0.19322881310710927,0.1828309381250558,0.23423410970580782,0.301527883880825,0.20368199338787576,0.2786084593629351,0.18092514783691255,0.12052697439170869,0.2346816146816147,0.16278321439611762,0.20930291488759623,0.05139613910297619,36,0.21896025770465952,0.18790272821723022,0.25306835887818513,0.2740186623704387,0.21851311181538322,0.2360022819684515,0.21958114929139974,0.19729299533647357,0.23986220446220446,0.23956185749734138,0.22847636075417674,0.024239641175144735,38,,,,,,,,,,,,,1
0.3427461862564087,0.018889462050463504,0.06131131649017334,0.00697508386954754,10,1,"{'reduce_dim__threshold': 10, 'clf__var_smoothing': 1}",0.4425925925925926,0.4524410774410775,0.525084175084175,0.5002784252784253,0.44257316757316756,0.46164421997755334,0.3902076318742985,0.3270482603815937,0.37398989898989904,0.3653198653198653,0.42811793145126475,0.059388043094104066,3,0.43547912992357435,0.35549743466410133,0.5006105006105006,0.47091503267973855,0.39415584415584415,0.4341854904354905,0.3944720502516202,0.3940986216848286,0.3746008403361345,0.38277537277537277,0.4136790317517205,0.04327758551602783,1,0.703913248467704,0.5457281442429956,0.7275160483081275,0.7125218404193361,0.6489477519180489,0.6105204819932543,0.5756999490271607,0.6309044633527392,0.5296296218487395,0.5781112554112554,0.6263492804989361,0.06723489228533522,1,0.4425925925925926,0.4524410774410775,0.525084175084175,0.5002784252784253,0.44257316757316756,0.46164421997755334,0.3902076318742985,0.3270482603815937,0.37398989898989904,0.3653198653198653,0.42811793145126475,0.059388043094104066,3,0.2871287128712871,0.2871287128712871,0.37623762376237624,0.297029702970297,0.3069306930693069,0.3069306930693069,0.27722772277227725,0.24,0.29,0.24,0.29086138613861384,0.036375597584068345,28,0.326338313103019,0.3058844477962125,0.40275124294732134,0.34402277010972665,0.32250017255865215,0.3534247464167854,0.3072748141841217,0.2300686833295529,0.3203269348338919,0.27733090438972785,0.31899230296690106,0.04341419744915071,8,0.2888017583270932,0.27368621477532373,0.38474779604657294,0.2789522624219137,0.3144540372680029,0.3159651130264107,0.31598748269819377,0.28107133084306996,0.30260004033071186,0.26041451489686784,0.3016680550634161,0.03326658535425138,28,,,,,,,,,,,,,1
0.3521730422973633,0.01886356428119812,0.05968596935272217,0.004791424399806377,5,1,"{'reduce_dim__threshold': 5, 'clf__var_smoothing': 1}",0.39166666666666666,0.4332491582491583,0.43316498316498314,0.4421587671587671,0.4058210308210308,0.44436026936026934,0.33773849607182943,0.3384118967452301,0.3397306397306397,0.3888888888888889,0.39551907968574634,0.041567537893926435,8,0.38623208067652515,0.3802581826775376,0.48870573870573863,0.4463305384344864,0.3884259259259259,0.4190728398639149,0.3547278338945006,0.36667241775937426,0.3928345808780591,0.4082277804500027,0.4031487919266065,0.037778885232419956,2,0.6663009707564164,0.5591313030629543,0.7307148297247308,0.5660898923475556,0.6391089108910891,0.6014641568474437,0.5508238323832383,0.6021959972394755,0.5496367654085046,0.5797215007215007,0.6045188159382908,0.055678160630461083,2,0.39166666666666666,0.4332491582491583,0.43316498316498314,0.4421587671587671,0.4058210308210308,0.44436026936026934,0.33773849607182943,0.3384118967452301,0.3397306397306397,0.3888888888888889,0.39551907968574634,0.041567537893926435,8,0.24752475247524752,0.25742574257425743,0.32673267326732675,0.26732673267326734,0.26732673267326734,0.3069306930693069,0.2376237623762376,0.25,0.26,0.25,0.26708910891089105,0.026689888754898326,30,0.2713374485596708,0.2875351322245732,0.3401404151404151,0.28257079548798364,0.3005984961540517,0.32785945089873014,0.24616863010266052,0.23794908457111744,0.30196131454752145,0.2925001952779731,0.2888620962964697,0.030391033892314952,19,0.24869636963696368,0.2481237091015088,0.35945218148188446,0.23106660820464586,0.28895531311372896,0.30248587773144514,0.27156160479380176,0.2813348560548804,0.29258834613662205,0.25541230991230995,0.2779677176167791,0.03476156081117855,32,,,,,,,,,,,,,1
0.3292684555053711,0.01423747914479816,0.06137561798095703,0.00615219688551415,2.5,1,"{'reduce_dim__threshold': 2.5, 'clf__var_smoothing': 1}",0.35709876543209873,0.327020202020202,0.28367003367003363,0.3921587671587672,0.3081779331779331,0.35535914702581367,0.30317059483726155,0.2770763187429854,0.32702020202020204,0.3497474747474747,0.3280499438832772,0.03428445292336001,28,0.42038480038480036,0.27091590326884446,0.33771121351766514,0.5313869691062673,0.2927729677729678,0.29561023643173745,0.3012866762866763,0.33878446115288224,0.3186067019400353,0.35788039121372456,0.3465340321075601,0.07343025774676387,11,0.693002443101453,0.4598928541852245,0.6033756140591018,0.755055242366342,0.5017712485534267,0.4586560742426024,0.5347499035617848,0.5344718045112782,0.45488095238095233,0.559961038961039,0.5555817175923206,0.09666660250452991,7,0.35709876543209873,0.327020202020202,0.28367003367003363,0.3921587671587672,0.3081779331779331,0.35535914702581367,0.30317059483726155,0.2770763187429854,0.32702020202020204,0.3497474747474747,0.3280499438832772,0.03428445292336001,28,0.2079207920792079,0.18811881188118812,0.2079207920792079,0.22772277227722773,0.19801980198019803,0.21782178217821782,0.2079207920792079,0.16,0.2,0.21,0.20254455445544556,0.01747776045657436,39,0.241668154711633,0.1990420035608283,0.21330086580086582,0.21649721833740299,0.21773041255079686,0.2242513143405782,0.20313181257453702,0.17446239667775018,0.22822600679743538,0.2278198191408637,0.21461300044926915,0.017849222121829482,32,0.19947302900380817,0.17547537226469076,0.23571257125712572,0.17894165616246166,0.20631601987963186,0.19409168801797902,0.23684948684029086,0.17578604685562088,0.20438920603206312,0.22163194486005547,0.20286670211737276,0.021782110727733065,39,,,,,,,,,,,,,1
0.31517002582550047,0.029933896808042027,0.05848801136016846,0.005765334252399532,1.5,1,"{'reduce_dim__threshold': 1.5, 'clf__var_smoothing': 1}",0.2561728395061728,0.2786195286195286,0.30934343434343436,0.33550246050246046,0.2771950271950272,0.30782828282828284,0.26052188552188554,0.2168911335578002,0.3383838383838384,0.19991582491582494,0.2780374255374255,0.04408995055826949,37,0.24023724185014508,0.3429232121698582,0.407554610140817,0.49154327958675786,0.24041761703052023,0.25118492618492616,0.24206349206349204,0.2236996240930151,0.29479146584409743,0.3036735356910796,0.3038089004654709,0.08287201946033175,27,0.5300634210886527,0.5132670542596056,0.6408469048875332,0.5603330519387343,0.4600546344957077,0.4249723049227999,0.4682932578972184,0.4137322318384475,0.39626036244457297,0.5104085213032582,0.491823174507653,0.07101523028595069,30,0.2561728395061728,0.2786195286195286,0.30934343434343436,0.33550246050246046,0.2771950271950272,0.30782828282828284,0.26052188552188554,0.2168911335578002,0.3383838383838384,0.19991582491582494,0.2780374255374255,0.04408995055826949,37,0.10891089108910891,0.1485148514851485,0.19801980198019803,0.18811881188118812,0.15841584158415842,0.15841584158415842,0.15841584158415842,0.13,0.18,0.12,0.15488118811881185,0.027611021228577767,40,0.12863405736381014,0.15587692730549874,0.2044776975117532,0.22761373470483204,0.14837989163508844,0.15760752556570382,0.16689354104214782,0.12003209571837023,0.2139255878532582,0.11071423092329018,0.1634155289623753,0.0381533846382646,40,0.08948186181986287,0.14380659416020095,0.2210143614980693,0.17713347643548738,0.15314415787351182,0.13917988545437782,0.18046141854344655,0.14430237213766625,0.17454312550359646,0.13292252695040152,0.1555989780376621,0.03338848535374687,40,,,,,,,,,,,,,1
