,mean_fit_time,std_fit_time,mean_score_time,std_score_time,param_clf__n_estimators,param_clf__min_samples_split,param_clf__min_samples_leaf,param_clf__max_features,param_clf__max_depth,param_clf__class_weight,param_clf__bootstrap,params,split0_test_balanced_accuracy,split1_test_balanced_accuracy,split2_test_balanced_accuracy,split3_test_balanced_accuracy,split4_test_balanced_accuracy,split5_test_balanced_accuracy,split6_test_balanced_accuracy,split7_test_balanced_accuracy,split8_test_balanced_accuracy,split9_test_balanced_accuracy,mean_test_balanced_accuracy,std_test_balanced_accuracy,rank_test_balanced_accuracy,split0_test_precision_score,split1_test_precision_score,split2_test_precision_score,split3_test_precision_score,split4_test_precision_score,split5_test_precision_score,split6_test_precision_score,split7_test_precision_score,split8_test_precision_score,split9_test_precision_score,mean_test_precision_score,std_test_precision_score,rank_test_precision_score,split0_test_recall_score,split1_test_recall_score,split2_test_recall_score,split3_test_recall_score,split4_test_recall_score,split5_test_recall_score,split6_test_recall_score,split7_test_recall_score,split8_test_recall_score,split9_test_recall_score,mean_test_recall_score,std_test_recall_score,rank_test_recall_score,split0_test_f1_macro,split1_test_f1_macro,split2_test_f1_macro,split3_test_f1_macro,split4_test_f1_macro,split5_test_f1_macro,split6_test_f1_macro,split7_test_f1_macro,split8_test_f1_macro,split9_test_f1_macro,mean_test_f1_macro,std_test_f1_macro,rank_test_f1_macro
0,16.13971130847931,0.4809808633056828,0.12122089862823486,0.01675476382513669,200,2,1,0.2,,balanced_subsample,True,"{'clf__n_estimators': 200, 'clf__min_samples_split': 2, 'clf__min_samples_leaf': 1, 'clf__max_features': 0.2, 'clf__max_depth': None, 'clf__class_weight': 'balanced_subsample', 'clf__bootstrap': True}",0.495679012345679,0.45454545454545453,0.6291245791245791,0.7057562807562808,0.6129564879564879,0.4804152637485971,0.5719416386083053,0.6145903479236813,0.47160493827160493,0.6308922558922558,0.5667506259172925,0.08119450073101296,26,0.48352573352573347,0.4669252915629727,0.632716049382716,0.6648730898730899,0.669923440756774,0.6022130647130647,0.7211279461279462,0.7226020892687558,0.559967456512172,0.6631091131091131,0.6186983274832338,0.08558067392289138,3,0.495679012345679,0.45454545454545453,0.6291245791245791,0.7057562807562808,0.6129564879564879,0.4804152637485971,0.5719416386083053,0.6145903479236813,0.47160493827160493,0.6308922558922558,0.5667506259172925,0.08119450073101296,26,0.48459333240856345,0.4568162852902835,0.6191098661686897,0.6721061032253169,0.5811460700432624,0.4609629769050059,0.5656209894909586,0.5934047343671183,0.4515297906602254,0.58212314199347,0.5467413290552894,0.0736851785326277,20
1,16.83080928325653,0.3639439020442394,0.1456984519958496,0.03243625801648169,200,10,1,0.2,,balanced_subsample,True,"{'clf__n_estimators': 200, 'clf__min_samples_split': 10, 'clf__min_samples_leaf': 1, 'clf__max_features': 0.2, 'clf__max_depth': None, 'clf__class_weight': 'balanced_subsample', 'clf__bootstrap': True}",0.5120370370370371,0.5122053872053872,0.6494949494949496,0.7057562807562808,0.6180069930069929,0.506902356902357,0.5719416386083053,0.6284792368125702,0.4875982042648709,0.6216329966329968,0.5814055080721748,0.07022384088189514,1,0.6514957264957265,0.5522825150732128,0.6391910558577224,0.6582232582232581,0.6919091710758377,0.47599638827709,0.7211279461279462,0.7213757244764997,0.4535137701804368,0.6498748165414833,0.6214990372329213,0.09077803642861575,1,0.5120370370370371,0.5122053872053872,0.6494949494949496,0.7057562807562808,0.6180069930069929,0.506902356902357,0.5719416386083053,0.6284792368125702,0.4875982042648709,0.6216329966329968,0.5814055080721748,0.07022384088189514,1,0.5052206013913886,0.5191439112895052,0.6347872253013561,0.6695633902336875,0.5968126633252346,0.48234446443437357,0.5656209894909586,0.6032810975464649,0.45902303401866873,0.5717316166232576,0.5607528993654896,0.06471937984099195,2
2,19.83964364528656,1.6866141351552137,0.17483294010162354,0.03936857771427237,200,18,1,0.2,,balanced_subsample,True,"{'clf__n_estimators': 200, 'clf__min_samples_split': 18, 'clf__min_samples_leaf': 1, 'clf__max_features': 0.2, 'clf__max_depth': None, 'clf__class_weight': 'balanced_subsample', 'clf__bootstrap': True}",0.495679012345679,0.4476430976430977,0.5990740740740742,0.7090002590002591,0.6293706293706294,0.48771043771043765,0.5694163860830527,0.6284792368125702,0.4875982042648709,0.6216329966329968,0.5675604333937667,0.07985881755458552,21,0.49096119929453264,0.45552963075679487,0.5983826917263451,0.6512788705771162,0.6854557968379107,0.495843776106934,0.7208763996554693,0.7240212271220022,0.5534595034595035,0.5451739618406285,0.5920983057377237,0.0938532958494245,10,0.495679012345679,0.4476430976430977,0.5990740740740742,0.7090002590002591,0.6293706293706294,0.48771043771043765,0.5694163860830527,0.6284792368125702,0.4875982042648709,0.6216329966329968,0.5675604333937667,0.07985881755458552,21,0.4897676243475612,0.44463694733791886,0.5840300998579369,0.6665523538374605,0.5973774305043655,0.46636829986364575,0.5613724243168036,0.6036779229432903,0.4535962772570531,0.5753548050290546,0.5442734185295091,0.07164492375808747,26
3,75.5657778263092,4.889077120426012,0.26541130542755126,0.03462947773741009,200,2,1,0.6,,balanced_subsample,True,"{'clf__n_estimators': 200, 'clf__min_samples_split': 2, 'clf__min_samples_leaf': 1, 'clf__max_features': 0.6, 'clf__max_depth': None, 'clf__class_weight': 'balanced_subsample', 'clf__bootstrap': True}",0.5253086419753087,0.45479797979797987,0.6066498316498317,0.7180911680911681,0.6062224812224812,0.5252525252525252,0.5890291806958473,0.6234287317620651,0.5591470258136925,0.5681818181818181,0.5776109384442718,0.06679520933339449,5,0.5296116458907156,0.4902270568937236,0.6118908382066277,0.6223544973544973,0.6714183175423485,0.48752204585537917,0.6253217756763855,0.5809066445006187,0.5467726717726717,0.5070346320346321,0.56730601257276,0.060983677969319826,24,0.5253086419753087,0.45479797979797987,0.6066498316498317,0.7180911680911681,0.6062224812224812,0.5252525252525252,0.5890291806958473,0.6234287317620651,0.5591470258136925,0.5681818181818181,0.5776109384442718,0.06679520933339449,5,0.521285874619208,0.4631875569072494,0.5949713310560875,0.6569804433728483,0.6104400032391919,0.5000461129436384,0.5969412722353898,0.5900319967764187,0.5398217946056358,0.5211618976836367,0.5594868283439304,0.056407267857863534,4
4,75.46937341690064,5.257710372735071,0.2516143560409546,0.036159280993032214,200,10,1,0.6,,balanced_subsample,True,"{'clf__n_estimators': 200, 'clf__min_samples_split': 10, 'clf__min_samples_leaf': 1, 'clf__max_features': 0.6, 'clf__max_depth': None, 'clf__class_weight': 'balanced_subsample', 'clf__bootstrap': True}",0.4564814814814815,0.4501683501683502,0.5948653198653199,0.7206164206164206,0.6011719761719762,0.48796296296296293,0.6260662177328844,0.6234287317620651,0.5822951739618407,0.5681818181818181,0.5711238452905121,0.0802442104688455,12,0.4426841676841677,0.482010582010582,0.5798686426137406,0.6299697216363883,0.6430976430976432,0.4785785202451869,0.6366881374127751,0.5993044594670611,0.5826312576312576,0.4974062974062974,0.55722394292051,0.07102784372373379,32,0.4564814814814815,0.4501683501683502,0.5948653198653199,0.7206164206164206,0.6011719761719762,0.48796296296296293,0.6260662177328844,0.6234287317620651,0.5822951739618407,0.5681818181818181,0.5711238452905121,0.0802442104688455,12,0.4471472597034816,0.45868519995907203,0.5802313065434517,0.6627502397970234,0.5941457178299284,0.4740790255496138,0.6192177611785454,0.5955621862271478,0.569980524764366,0.5144802001332012,0.5516279421685832,0.06982682364149598,12
5,58.56719799041748,3.86643507442422,0.19536466598510743,0.024785342995858897,200,18,1,0.6,,balanced_subsample,True,"{'clf__n_estimators': 200, 'clf__min_samples_split': 18, 'clf__min_samples_leaf': 1, 'clf__max_features': 0.6, 'clf__max_depth': None, 'clf__class_weight': 'balanced_subsample', 'clf__bootstrap': True}",0.49537037037037035,0.4501683501683502,0.5948653198653199,0.7231416731416732,0.6036972286972286,0.4730920314253647,0.5814534231200897,0.6019640852974186,0.5566217732884399,0.5749158249158249,0.5655290080290081,0.07462080671124714,30,0.4967779134445801,0.47291967291967296,0.5878478628736626,0.6699954616621283,0.6590043876629242,0.43371011704345036,0.6111271444604778,0.549795785760698,0.5426009176009177,0.5023252575884155,0.5526104521016928,0.07483761397018576,36,0.49537037037037035,0.4501683501683502,0.5948653198653199,0.7231416731416732,0.6036972286972286,0.4730920314253647,0.5814534231200897,0.6019640852974186,0.5566217732884399,0.5749158249158249,0.5655290080290081,0.07462080671124714,30,0.4936204866754298,0.4537363870697204,0.5783586528616433,0.6800027331703745,0.6018755089016526,0.44739485920542815,0.5834287317620651,0.5616929932452679,0.5361343174241827,0.5201466194149121,0.5456391289730675,0.06746603262757508,22
6,18.061094641685486,1.9903155634341605,0.19082541465759278,0.02949616205209274,200,2,1,0.2,9,balanced_subsample,True,"{'clf__n_estimators': 200, 'clf__min_samples_split': 2, 'clf__min_samples_leaf': 1, 'clf__max_features': 0.2, 'clf__max_depth': 9, 'clf__class_weight': 'balanced_subsample', 'clf__bootstrap': True}",0.48888888888888893,0.46405723905723906,0.5916666666666666,0.7064361564361565,0.5830743330743331,0.5498597081930414,0.5658810325476993,0.6259539842873176,0.4875982042648709,0.6216329966329968,0.568504921004921,0.07074263469007788,17,0.530743947410614,0.4683943089430895,0.5884665367121508,0.6884015594541909,0.6307940516273849,0.6031406864740197,0.6187566861479904,0.712502192290154,0.46211968668109027,0.6498748165414833,0.5953194472282167,0.08081485734946996,9,0.48888888888888893,0.46405723905723906,0.5916666666666666,0.7064361564361565,0.5830743330743331,0.5498597081930414,0.5658810325476993,0.6259539842873176,0.4875982042648709,0.6216329966329968,0.568504921004921,0.07074263469007788,17,0.49020549351018616,0.45873015873015877,0.5786690587105062,0.6830107110594915,0.5757088659218476,0.5503816966251871,0.5696593369721202,0.5979900922554595,0.46006324085615635,0.5717316166232576,0.5536150271264371,0.06496165074485233,8
7,17.497060656547546,0.5123823304272344,0.19016823768615723,0.02912756679239282,200,10,1,0.2,9,balanced_subsample,True,"{'clf__n_estimators': 200, 'clf__min_samples_split': 10, 'clf__min_samples_leaf': 1, 'clf__max_features': 0.2, 'clf__max_depth': 9, 'clf__class_weight': 'balanced_subsample', 'clf__bootstrap': True}",0.5277777777777778,0.47289562289562287,0.5775252525252524,0.6918673918673919,0.5562224812224812,0.4791245791245792,0.5608305274971941,0.6234287317620651,0.48044332210998886,0.6077441077441078,0.5577859794526462,0.06742427657732447,47,0.5009539842873176,0.46677793454109245,0.5943969610636277,0.6675324675324675,0.5156606228760701,0.4451516076516076,0.6068422318422318,0.6930149066088808,0.4436433611872208,0.5356772856772856,0.5469651363267802,0.08508692422159693,41,0.5277777777777778,0.47289562289562287,0.5775252525252524,0.6918673918673919,0.5562224812224812,0.4791245791245792,0.5608305274971941,0.6234287317620651,0.48044332210998886,0.6077441077441078,0.5577859794526462,0.06742427657732447,47,0.5107843137254903,0.4598657891340819,0.5718898000967454,0.6704355585934533,0.5304572565061516,0.45350419390929253,0.5596950635650325,0.5842275757546064,0.45189512408726934,0.5635616819827346,0.5356316357354858,0.06583980614795254,46
8,16.386842823028566,0.38087289852989253,0.2091359853744507,0.05505754400919105,200,18,1,0.2,9,balanced_subsample,True,"{'clf__n_estimators': 200, 'clf__min_samples_split': 18, 'clf__min_samples_leaf': 1, 'clf__max_features': 0.2, 'clf__max_depth': 9, 'clf__class_weight': 'balanced_subsample', 'clf__bootstrap': True}",0.49783950617283945,0.47542087542087547,0.5638888888888888,0.7032310282310282,0.5900608650608651,0.5777777777777777,0.5237934904601571,0.6347923681257015,0.4711840628507295,0.6540404040404041,0.5692029267029266,0.07453673627879023,15,0.4872635080968414,0.47980769230769227,0.5456775355898161,0.6543933486915943,0.5660439868773203,0.5961199294532628,0.6164495997829332,0.6832621082621082,0.43919938086604754,0.6929151095817763,0.5761132199509392,0.0837978411582024,21,0.49783950617283945,0.47542087542087547,0.5638888888888888,0.7032310282310282,0.5900608650608651,0.5777777777777777,0.5237934904601571,0.6347923681257015,0.4711840628507295,0.6540404040404041,0.5692029267029266,0.07453673627879023,15,0.488703757365015,0.469431788779769,0.5491349838719939,0.6660414087186721,0.5691345318269048,0.5586896455722467,0.5038950320036463,0.5894585935183106,0.44512250469534975,0.6094288791031288,0.5449041125455037,0.06489261262951801,24
9,51.06084778308868,2.5552433620518893,0.21176624298095703,0.018320053629959858,200,2,1,0.6,9,balanced_subsample,True,"{'clf__n_estimators': 200, 'clf__min_samples_split': 2, 'clf__min_samples_leaf': 1, 'clf__max_features': 0.6, 'clf__max_depth': 9, 'clf__class_weight': 'balanced_subsample', 'clf__bootstrap': True}",0.4993827160493827,0.47542087542087547,0.6361111111111111,0.6821937321937322,0.591912716912717,0.4907407407407407,0.553675645342312,0.5699775533108866,0.516077441077441,0.5900673400673401,0.560555987222654,0.06351161569275009,45,0.4956504824151884,0.495679012345679,0.631001456001456,0.5853590204467397,0.6297062099693679,0.47885802469135796,0.6104256854256854,0.5265767956824867,0.48767746414805235,0.5080938080938081,0.5449027959219822,0.05891580346721746,44,0.4993827160493827,0.47542087542087547,0.6361111111111111,0.6821937321937322,0.591912716912717,0.4907407407407407,0.553675645342312,0.5699775533108866,0.516077441077441,0.5900673400673401,0.560555987222654,0.06351161569275009,45,0.48871363104628823,0.473672049777041,0.6179414585847335,0.6212280722489603,0.5766994698566514,0.47251997095134346,0.5576166406742528,0.5318115577706369,0.4781100965311491,0.5381525524037601,0.5356465499844817,0.054428493710021154,45
10,58.000306844711304,1.8742990150666081,0.27078092098236084,0.04299425088983887,200,10,1,0.6,9,balanced_subsample,True,"{'clf__n_estimators': 200, 'clf__min_samples_split': 10, 'clf__min_samples_leaf': 1, 'clf__max_features': 0.6, 'clf__max_depth': 9, 'clf__class_weight': 'balanced_subsample', 'clf__bootstrap': True}",0.5339506172839505,0.47289562289562287,0.6222222222222222,0.665060865060865,0.5754985754985755,0.46198092031425364,0.6305274971941639,0.6183782267115601,0.5417508417508418,0.5761784511784511,0.5698443840110506,0.06405535050984308,14,0.5067058987337626,0.47402659069325737,0.6151484818151485,0.5870650953984288,0.6107508881631689,0.4245929995929996,0.6326719576719576,0.5724325057658392,0.5207231040564373,0.49185449185449187,0.5435972013745493,0.06621783643476041,46,0.5339506172839505,0.47289562289562287,0.6222222222222222,0.665060865060865,0.5754985754985755,0.46198092031425364,0.6305274971941639,0.6183782267115601,0.5417508417508418,0.5761784511784511,0.5698443840110506,0.06405535050984308,14,0.5148813645386142,0.4641851542436339,0.6037754608016046,0.6153540212538514,0.5610632811543117,0.4375769955938733,0.6193106723544479,0.5814902120559533,0.5111280045490572,0.520077463083999,0.5428842629629347,0.060180926018554404,29
11,74.69574131965638,8.45532614915861,0.4148858547210693,0.13338345359076254,200,18,1,0.6,9,balanced_subsample,True,"{'clf__n_estimators': 200, 'clf__min_samples_split': 18, 'clf__min_samples_leaf': 1, 'clf__max_features': 0.6, 'clf__max_depth': 9, 'clf__class_weight': 'balanced_subsample', 'clf__bootstrap': True}",0.4901234567901235,0.46153198653198657,0.6222222222222222,0.6764245014245014,0.5893874643874644,0.47432659932659926,0.5881874298540966,0.613327721661055,0.5417508417508418,0.5761784511784511,0.5633460675127342,0.06658054863416242,34,0.46950040700040696,0.4864197530864198,0.6128507295173962,0.589339708947552,0.6084739834739835,0.4453703703703703,0.6164826560175397,0.5543338210004877,0.5109969913891481,0.4927868427868428,0.5386555263590147,0.06191394033986565,48,0.4901234567901235,0.46153198653198657,0.6222222222222222,0.6764245014245014,0.5893874643874644,0.47432659932659926,0.5881874298540966,0.613327721661055,0.5417508417508418,0.5761784511784511,0.5633460675127342,0.06658054863416242,34,0.4763376365038769,0.46256093866592984,0.6016582851464173,0.6220839701636816,0.5666734878723183,0.449361507378385,0.5763186204287944,0.5696685365862214,0.5082773258160255,0.520151768309663,0.5353092076871314,0.05735464028101541,47
12,35.09883854389191,1.2231713674238873,0.5556384325027466,0.054250121165989686,200,2,1,0.2,10,balanced_subsample,True,"{'clf__n_estimators': 200, 'clf__min_samples_split': 2, 'clf__min_samples_leaf': 1, 'clf__max_features': 0.2, 'clf__max_depth': 10, 'clf__class_weight': 'balanced_subsample', 'clf__bootstrap': True}",0.48395061728395056,0.47794612794612795,0.6291245791245791,0.7168673918673919,0.5328606578606578,0.547895622895623,0.5608305274971941,0.6141694725028058,0.4918069584736251,0.6308922558922558,0.5686344211344212,0.07392596603345547,16,0.4656585698252365,0.49246838301716345,0.647149600580973,0.688035113035113,0.6111615725436864,0.6521292354625687,0.6157407407407407,0.6801194777820795,0.46062665229331906,0.6598463265129931,0.5972935671793874,0.08486821493765334,7,0.48395061728395056,0.47794612794612795,0.6291245791245791,0.7168673918673919,0.5328606578606578,0.547895622895623,0.5608305274971941,0.6141694725028058,0.4918069584736251,0.6308922558922558,0.5686344211344212,0.07392596603345547,16,0.4707299011558646,0.4729536258948024,0.621664144585037,0.6936612012635405,0.5095346351100827,0.531437835141539,0.5626987679229651,0.5774042950513538,0.4646290507614748,0.5816511013253509,0.548636455821201,0.07011407503258855,15
13,34.22447085380554,0.4638692818659281,0.5403592109680175,0.08274679808393474,200,10,1,0.2,10,balanced_subsample,True,"{'clf__n_estimators': 200, 'clf__min_samples_split': 10, 'clf__min_samples_leaf': 1, 'clf__max_features': 0.2, 'clf__max_depth': 10, 'clf__class_weight': 'balanced_subsample', 'clf__bootstrap': True}",0.5395061728395061,0.46338383838383834,0.6062289562289562,0.7254144004144004,0.5414076664076665,0.5161616161616162,0.5237934904601571,0.6347923681257015,0.4993827160493827,0.6077441077441078,0.5657815332815334,0.07351578197329744,28,0.5076182850573094,0.4818879855465221,0.6124797497346516,0.6935185185185184,0.6205988944810082,0.49878979857050026,0.6056637806637806,0.6901661519308578,0.5836894586894588,0.5383227883227883,0.5832735411515395,0.07175547875113142,14,0.5395061728395061,0.46338383838383834,0.6062289562289562,0.7254144004144004,0.5414076664076665,0.5161616161616162,0.5237934904601571,0.6347923681257015,0.4993827160493827,0.6077441077441078,0.5657815332815334,0.07351578197329744,28,0.519300045599635,0.4612945514906299,0.5950103126695908,0.6982683982683983,0.5188524870066451,0.4963215367447792,0.5040075955475822,0.5901721758168534,0.47196618243362765,0.5642152767539765,0.5419408562331718,0.06785506077076486,33
14,33.47835536003113,0.28411340816974323,0.5270561933517456,0.08861707501269193,200,18,1,0.2,10,balanced_subsample,True,"{'clf__n_estimators': 200, 'clf__min_samples_split': 18, 'clf__min_samples_leaf': 1, 'clf__max_features': 0.2, 'clf__max_depth': 10, 'clf__class_weight': 'balanced_subsample', 'clf__bootstrap': True}",0.48395061728395056,0.50993265993266,0.6145622895622895,0.7231416731416732,0.6018453768453768,0.5321548821548822,0.5386644219977553,0.6259539842873176,0.4850729517396184,0.6654040404040403,0.5780682897349564,0.07659860347872081,4,0.4733746192079526,0.5296072845092453,0.6141981475314808,0.6430799220272905,0.5701479076479077,0.5146682396682397,0.6182339265672598,0.696383083147789,0.4469629886296553,0.6899632855773207,0.5796619404514141,0.0825946566088633,19,0.48395061728395056,0.50993265993266,0.6145622895622895,0.7231416731416732,0.6018453768453768,0.5321548821548822,0.5386644219977553,0.6259539842873176,0.4850729517396184,0.6654040404040403,0.5780682897349564,0.07659860347872081,4,0.4748148684761261,0.5079186258234468,0.6015192617179512,0.6728932765518132,0.5822768927427124,0.5148062782925906,0.5172257220123084,0.5917410204089539,0.4524661537543985,0.6130099863427725,0.5528672086123074,0.06608963642637394,9
15,95.68554244041442,2.70782635999372,0.4482546806335449,0.07936693361166981,200,2,1,0.6,10,balanced_subsample,True,"{'clf__n_estimators': 200, 'clf__min_samples_split': 2, 'clf__min_samples_leaf': 1, 'clf__max_features': 0.6, 'clf__max_depth': 10, 'clf__class_weight': 'balanced_subsample', 'clf__bootstrap': True}",0.5003086419753087,0.46153198653198657,0.5902356902356902,0.698860398860399,0.609000259000259,0.4768518518518518,0.5751402918069585,0.6234287317620651,0.5236531986531987,0.5669191919191919,0.562593024259691,0.0695156205778343,37,0.5025969938760636,0.4893169420301203,0.6063427800269906,0.6082213356723161,0.6048962329450133,0.466358024691358,0.6393135983715693,0.5993044594670611,0.48997888703771053,0.48330748330748324,0.5489636737425687,0.06399282957347402,39,0.5003086419753087,0.46153198653198657,0.5902356902356902,0.698860398860399,0.609000259000259,0.4768518518518518,0.5751402918069585,0.6234287317620651,0.5236531986531987,0.5669191919191919,0.562593024259691,0.0695156205778343,37,0.49726155487025053,0.4650301786821247,0.5825342542857764,0.6425632729959257,0.6000661603172783,0.4602007469654528,0.581028742881168,0.5955621862271478,0.48804635651098216,0.5111885741951102,0.5423482027931217,0.06164085820446285,32
16,88.60009615421295,4.840553863383337,0.3764831304550171,0.12266500745053126,200,10,1,0.6,10,balanced_subsample,True,"{'clf__n_estimators': 200, 'clf__min_samples_split': 10, 'clf__min_samples_leaf': 1, 'clf__max_features': 0.6, 'clf__max_depth': 10, 'clf__class_weight': 'balanced_subsample', 'clf__bootstrap': True}",0.5459876543209876,0.46153198653198657,0.6358585858585859,0.6900608650608651,0.6125356125356125,0.46198092031425364,0.5562008978675644,0.6209034792368127,0.4727272727272728,0.5622895622895623,0.5620076836743503,0.07499033923609048,41,0.5325461349851593,0.48148148148148157,0.6216374269005848,0.6033488479566911,0.6421261487050961,0.4272045855379189,0.6165544332210998,0.5850956051936443,0.46070411070411077,0.48672998672998674,0.5457428761415773,0.07348482826916124,42,0.5459876543209876,0.46153198653198657,0.6358585858585859,0.6900608650608651,0.6125356125356125,0.46198092031425364,0.5562008978675644,0.6209034792368127,0.4727272727272728,0.5622895622895623,0.5620076836743503,0.07499033923609048,41,0.5346467141815979,0.4602217573793801,0.6181809670571029,0.6362986715153898,0.5973339994342705,0.43979101251377245,0.5613915783804816,0.5879390603484438,0.44985107696778176,0.5119920321152729,0.5397646869893494,0.06839183143761798,37
17,47.276122426986696,6.412924610237262,0.18668169975280763,0.01682450517049272,200,18,1,0.6,10,balanced_subsample,True,"{'clf__n_estimators': 200, 'clf__min_samples_split': 18, 'clf__min_samples_leaf': 1, 'clf__max_features': 0.6, 'clf__max_depth': 10, 'clf__class_weight': 'balanced_subsample', 'clf__bootstrap': True}",0.5293209876543209,0.47542087542087547,0.5990740740740742,0.6764245014245014,0.5616096866096867,0.47432659932659926,0.5957631874298541,0.6209034792368127,0.529405162738496,0.5597643097643098,0.5622012863679531,0.06032800588631563,40,0.497693664360331,0.49295161327681647,0.5993827160493826,0.589339708947552,0.5933557183557184,0.4473765432098765,0.6346560846560847,0.5911646994980329,0.5069664902998237,0.4745489078822412,0.5427436146535859,0.0618606602356757,47,0.5293209876543209,0.47542087542087547,0.5990740740740742,0.6764245014245014,0.5616096866096867,0.47432659932659926,0.5957631874298541,0.6209034792368127,0.529405162738496,0.5597643097643098,0.5622012863679531,0.06032800588631563,40,0.5096528144268979,0.47103233756140533,0.5833903931943147,0.6220839701636816,0.5481083706317976,0.44965925610750623,0.6024677486475238,0.5903956751782838,0.49393223735328995,0.5003174603174603,0.5371040263582162,0.05707907670114293,41
18,16.461859107017517,1.0768724347013936,0.177276086807251,0.014466053736291931,200,2,1,0.2,11,balanced_subsample,True,"{'clf__n_estimators': 200, 'clf__min_samples_split': 2, 'clf__min_samples_leaf': 1, 'clf__max_features': 0.2, 'clf__max_depth': 11, 'clf__class_weight': 'balanced_subsample', 'clf__bootstrap': True}",0.5024691358024691,0.47979797979797983,0.6106060606060606,0.6918673918673919,0.5809699559699559,0.5346801346801348,0.5263187429854096,0.6148428731762066,0.48549382716049383,0.617003367003367,0.5644049469049469,0.06597095368556669,32,0.4864919031585699,0.4820827320827321,0.6132956549623215,0.6527074777074777,0.6672178130511465,0.6121082621082621,0.6201799317047543,0.7245847176079735,0.5684201600868267,0.6533929033929033,0.6080481555862969,0.07316912532945782,4,0.5024691358024691,0.47979797979797983,0.6106060606060606,0.6918673918673919,0.5809699559699559,0.5346801346801348,0.5263187429854096,0.6148428731762066,0.48549382716049383,0.617003367003367,0.5644049469049469,0.06597095368556669,32,0.48895274584929754,0.47462754763496356,0.5998649212271503,0.6598437283898426,0.5635519516331504,0.5122750056960582,0.510693895791935,0.5941713777920675,0.4628234805478605,0.5680509244124805,0.5434855578974805,0.060468207960596654,28
19,15.124657130241394,0.19431304158085083,0.17484509944915771,0.024390609512335754,200,10,1,0.2,11,balanced_subsample,True,"{'clf__n_estimators': 200, 'clf__min_samples_split': 10, 'clf__min_samples_leaf': 1, 'clf__max_features': 0.2, 'clf__max_depth': 11, 'clf__class_weight': 'balanced_subsample', 'clf__bootstrap': True}",0.5049382716049382,0.47794612794612795,0.6152356902356902,0.6865255115255116,0.6104312354312355,0.5031425364758698,0.5361391694725027,0.6148428731762066,0.4875982042648709,0.5984848484848485,0.5635284468617802,0.06691493349671745,33,0.5384458497203596,0.49384920634920637,0.6188271604938271,0.6421034212700879,0.6600274725274725,0.5496356632321544,0.6157647907647907,0.6966490299823633,0.5598222764889431,0.525974025974026,0.5901098896803231,0.06247354915515117,11,0.5049382716049382,0.47794612794612795,0.6152356902356902,0.6865255115255116,0.6104312354312355,0.5031425364758698,0.5361391694725027,0.6148428731762066,0.4875982042648709,0.5984848484848485,0.5635284468617802,0.06691493349671745,33,0.4994983930821614,0.4740378838874051,0.6061546840958606,0.6511731635270307,0.5743920433021665,0.497374583214345,0.5151187066586934,0.5815832746065305,0.45712473248705127,0.5533845483273401,0.5409842013188584,0.059256266590383536,35
20,14.94931800365448,0.43615371954031734,0.18103339672088622,0.02177212593761257,200,18,1,0.2,11,balanced_subsample,True,"{'clf__n_estimators': 200, 'clf__min_samples_split': 18, 'clf__min_samples_leaf': 1, 'clf__max_features': 0.2, 'clf__max_depth': 11, 'clf__class_weight': 'balanced_subsample', 'clf__bootstrap': True}",0.48395061728395056,0.47794612794612795,0.626851851851852,0.7118168868168868,0.5733941983941984,0.4655443322109989,0.5386644219977553,0.6259539842873176,0.48451178451178456,0.6216329966329968,0.561026720193387,0.07964097677544694,43,0.476739991274875,0.4800925925925925,0.6237904571237904,0.6470804137470804,0.6398254523254523,0.48030626780626773,0.6232603815937148,0.7010127127774186,0.4586182336182336,0.6498748165414833,0.5780601319400909,0.08756332569642505,20,0.48395061728395056,0.47794612794612795,0.626851851851852,0.7118168868168868,0.5733941983941984,0.4655443322109989,0.5386644219977553,0.6259539842873176,0.48451178451178456,0.6216329966329968,0.561026720193387,0.07964097677544694,43,0.4760591747433852,0.47096171802054165,0.6103606874848705,0.6643650426874826,0.5462492958611735,0.44786373047242617,0.5178272257717069,0.5949156235835571,0.45863236977463706,0.5717316166232576,0.5358966485023039,0.06983317191551841,44
21,43.55389461517334,0.8690576300313004,0.1867243766784668,0.010441213991890122,200,2,1,0.6,11,balanced_subsample,True,"{'clf__n_estimators': 200, 'clf__min_samples_split': 2, 'clf__min_samples_leaf': 1, 'clf__max_features': 0.6, 'clf__max_depth': 11, 'clf__class_weight': 'balanced_subsample', 'clf__bootstrap': True}",0.48395061728395056,0.45227272727272727,0.6272727272727273,0.7090002590002591,0.5830743330743331,0.4907407407407407,0.6441638608305276,0.6209034792368127,0.49489337822671153,0.5669191919191919,0.5673191314857983,0.07999280003169026,22,0.4744228639577477,0.4791566458233125,0.6335032738541511,0.7666366972094526,0.6832091237579042,0.4794532627865961,0.6403936000835225,0.5742931360578419,0.4759788926455593,0.5936533252322727,0.5800700821408361,0.09719066342152952,18,0.48395061728395056,0.45227272727272727,0.6272727272727273,0.7090002590002591,0.5830743330743331,0.4907407407407407,0.6441638608305276,0.6209034792368127,0.49489337822671153,0.5669191919191919,0.5673191314857983,0.07999280003169026,22,0.47538091916608544,0.45428050348490984,0.6140727956282395,0.6773600102333521,0.5849744913639436,0.4748468630608442,0.6298234203945745,0.5846166202612978,0.4668385112829557,0.511460969496913,0.5473655104373115,0.07604545166465781,16
22,42.740361833572386,0.6916635784924599,0.1902707815170288,0.028841975195662048,200,10,1,0.6,11,balanced_subsample,True,"{'clf__n_estimators': 200, 'clf__min_samples_split': 10, 'clf__min_samples_leaf': 1, 'clf__max_features': 0.6, 'clf__max_depth': 11, 'clf__class_weight': 'balanced_subsample', 'clf__bootstrap': True}",0.49506172839506174,0.45227272727272727,0.6247474747474748,0.703949753949754,0.5754985754985755,0.47432659932659926,0.6055836139169473,0.6070145903479237,0.5705106621773288,0.5723905723905724,0.5681356298022965,0.0722539979005846,18,0.48714162667651034,0.473625140291807,0.6183885640025991,0.7481019343764441,0.6029677113010448,0.44857210690544025,0.6256629603528827,0.5701329534662869,0.5546398046398047,0.48719433719433725,0.5616427139207156,0.08691353916290352,27,0.49506172839506174,0.45227272727272727,0.6247474747474748,0.703949753949754,0.5754985754985755,0.47432659932659926,0.6055836139169473,0.6070145903479237,0.5705106621773288,0.5723905723905724,0.5681356298022965,0.0722539979005846,18,0.48728863728863736,0.45355647118193015,0.607621546156126,0.6555615618567114,0.5596171716830823,0.4534514261741862,0.6056780897476959,0.5685702783528871,0.5422222371138781,0.5136566725455614,0.5447224092100695,0.06454407687975652,25
23,42.52019772529602,1.6906908191789742,0.19727654457092286,0.04806850887590388,200,18,1,0.6,11,balanced_subsample,True,"{'clf__n_estimators': 200, 'clf__min_samples_split': 18, 'clf__min_samples_leaf': 1, 'clf__max_features': 0.6, 'clf__max_depth': 11, 'clf__class_weight': 'balanced_subsample', 'clf__bootstrap': True}",0.5410493827160494,0.46153198653198657,0.6404882154882154,0.6868168868168868,0.5616096866096867,0.46574074074074073,0.6043490460157126,0.6044893378226712,0.513973063973064,0.5761784511784511,0.5656226797893465,0.0689300842434559,29,0.5052740469407137,0.48088824755491427,0.6313175615807195,0.6316763733430399,0.5933557183557184,0.44334215167548496,0.7330948372615038,0.5703741190583296,0.48121186805397326,0.49185449185449187,0.556238941567889,0.08659002446287982,34,0.5410493827160494,0.46153198653198657,0.6404882154882154,0.6868168868168868,0.5616096866096867,0.46574074074074073,0.6043490460157126,0.6044893378226712,0.513973063973064,0.5761784511784511,0.5656226797893465,0.0689300842434559,29,0.5187643946467476,0.46183690636295016,0.6249395574328243,0.6454076294166998,0.5481083706317976,0.4460106112111765,0.6016434488570712,0.5701975918923653,0.4799135372306104,0.520077463083999,0.5416899510766242,0.06517377406514827,34
24,17.39625554084778,1.2522627509757949,0.18151307106018066,0.03037718212321811,200,2,1,0.2,,,True,"{'clf__n_estimators': 200, 'clf__min_samples_split': 2, 'clf__min_samples_leaf': 1, 'clf__max_features': 0.2, 'clf__max_depth': None, 'clf__class_weight': None, 'clf__bootstrap': True}",0.5438271604938272,0.4388047138047138,0.5948653198653199,0.7057562807562808,0.5673335923335924,0.5459034792368125,0.5769921436588104,0.6423681257014591,0.5338945005611673,0.593855218855219,0.5743600535267203,0.06670954816702244,8,0.5147707231040565,0.45832177989040734,0.5918447293447293,0.674387032720366,0.5332591790925124,0.5275437299827543,0.7312648569894945,0.7336046901368378,0.5198005698005699,0.5224497724497724,0.5807247063511501,0.09297969018134593,17,0.5438271604938272,0.4388047138047138,0.5948653198653199,0.7057562807562808,0.5673335923335924,0.5459034792368125,0.5769921436588104,0.6423681257014591,0.5338945005611673,0.593855218855219,0.5743600535267203,0.06670954816702244,8,0.5277742972976238,0.44338604825420247,0.5826852383077282,0.6772175021401028,0.5477885591255718,0.5321229726458484,0.5759655377302436,0.6164173865448228,0.5167557932263814,0.5494004619391617,0.5569513797211687,0.059283565272267275,5
25,16.241448855400087,0.29614964154618256,0.19068663120269774,0.06317698137383479,200,10,1,0.2,,,True,"{'clf__n_estimators': 200, 'clf__min_samples_split': 10, 'clf__min_samples_leaf': 1, 'clf__max_features': 0.2, 'clf__max_depth': None, 'clf__class_weight': None, 'clf__bootstrap': True}",0.5027777777777778,0.4591750841750842,0.5807239057239058,0.7143032893032893,0.6432595182595182,0.47974186307519634,0.5399551066217733,0.6166947250280583,0.5107463524130191,0.6216329966329968,0.5669010619010618,0.0777283338084514,25,0.484240802264058,0.4830527497194164,0.6002542963783273,0.6717550967550968,0.6907548188035993,0.49291819291819294,0.735663286017896,0.6969187675070028,0.4800451355329404,0.6498748165414833,0.5985477962438013,0.0982761481106841,6,0.5027777777777778,0.4591750841750842,0.5807239057239058,0.7143032893032893,0.6432595182595182,0.47974186307519634,0.5399551066217733,0.6166947250280583,0.5107463524130191,0.6216329966329968,0.5669010619010618,0.0777283338084514,25,0.4896335146335147,0.4612221660522352,0.5797080989778759,0.6804198600770854,0.606952061940022,0.4606890863115763,0.5190365157909018,0.5861428274419453,0.48582388830066847,0.5717316166232576,0.5441359636149082,0.068665502723682,27
26,16.091782546043397,0.24977147585691026,0.18348777294158936,0.03982015835014445,200,18,1,0.2,,,True,"{'clf__n_estimators': 200, 'clf__min_samples_split': 18, 'clf__min_samples_leaf': 1, 'clf__max_features': 0.2, 'clf__max_depth': None, 'clf__class_weight': None, 'clf__bootstrap': True}",0.520679012345679,0.4476430976430977,0.605976430976431,0.7083203833203834,0.6296231546231547,0.48164983164983166,0.5868125701459035,0.5914421997755331,0.5200056116722783,0.6447811447811449,0.5736933436933438,0.07608479300674238,10,0.550993042272112,0.47538126361655775,0.6221380471380472,0.7583851333851334,0.6627104377104377,0.446847442680776,0.7489331723027375,0.6634710968044302,0.5894213810880476,0.6829435996102664,0.6201224616608545,0.10002391863274292,2,0.520679012345679,0.4476430976430977,0.605976430976431,0.7083203833203834,0.6296231546231547,0.48164983164983166,0.5868125701459035,0.5914421997755331,0.5200056116722783,0.6447811447811449,0.5736933436933438,0.07608479300674238,10,0.5133572567783093,0.45131016379345706,0.5981680781474383,0.6601425296065183,0.6174742411584517,0.4550420168067226,0.5859510935878325,0.5570142417968504,0.4870068054807011,0.5995093944010353,0.5524975821557316,0.06841222918124519,11
27,47.570769262313846,0.7009261574974411,0.18541383743286133,0.01110915351845801,200,2,1,0.6,,,True,"{'clf__n_estimators': 200, 'clf__min_samples_split': 2, 'clf__min_samples_leaf': 1, 'clf__max_features': 0.6, 'clf__max_depth': None, 'clf__class_weight': None, 'clf__bootstrap': True}",0.4867283950617284,0.4501683501683502,0.6297979797979798,0.7092527842527843,0.5900608650608651,0.5154882154882154,0.5381032547699215,0.6209034792368127,0.5822951739618407,0.5913299663299664,0.5714128464128465,0.07199280361904509,11,0.48648025101513476,0.46913580246913583,0.628395061728395,0.6337927754594421,0.5828403078403078,0.4987952237952238,0.6109567901234567,0.584486170258528,0.5671652421652422,0.5237123987123987,0.5585760023567266,0.0570932906376139,30,0.4867283950617284,0.4501683501683502,0.6297979797979798,0.7092527842527843,0.5900608650608651,0.5154882154882154,0.5381032547699215,0.6209034792368127,0.5822951739618407,0.5913299663299664,0.5714128464128465,0.07199280361904509,11,0.48374125874125873,0.45528781761432124,0.6167392883079157,0.6604848025413327,0.5797325102880657,0.4961499385791325,0.5494477597802406,0.5894929689047337,0.5649781197619611,0.5452156962454445,0.5541270160764407,0.05953352361837362,7
28,47.57220818996429,0.903445425922728,0.18460187911987305,0.017297600245158723,200,10,1,0.6,,,True,"{'clf__n_estimators': 200, 'clf__min_samples_split': 10, 'clf__min_samples_leaf': 1, 'clf__max_features': 0.6, 'clf__max_depth': None, 'clf__class_weight': None, 'clf__bootstrap': True}",0.5114197530864197,0.4501683501683502,0.6133838383838384,0.7067275317275317,0.5414076664076665,0.4895061728395061,0.6374298540965209,0.6095398428731762,0.5452581369248036,0.5681818181818181,0.5673022964689631,0.0723308348315597,23,0.5194435194435194,0.482010582010582,0.6145299145299146,0.6221220137886804,0.6300602928509905,0.47522045855379186,0.6375420875420876,0.5863143631436314,0.527075702075702,0.5064685314685314,0.5600787465407432,0.06108243237319503,29,0.5114197530864197,0.4501683501683502,0.6133838383838384,0.7067275317275317,0.5414076664076665,0.4895061728395061,0.6374298540965209,0.6095398428731762,0.5452581369248036,0.5681818181818181,0.5673022964689631,0.0723308348315597,23,0.5103311337019202,0.45868519995907203,0.5983697172275012,0.6540340047649988,0.5254744120644504,0.4724141816000299,0.6238092557597201,0.581128512010865,0.5255360803199216,0.5205965955393873,0.5470379092947867,0.06122734133924343,18
29,46.27936880588531,1.5934185203956501,0.19286613464355468,0.019881012337969378,200,18,1,0.6,,,True,"{'clf__n_estimators': 200, 'clf__min_samples_split': 18, 'clf__min_samples_leaf': 1, 'clf__max_features': 0.6, 'clf__max_depth': None, 'clf__class_weight': None, 'clf__bootstrap': True}",0.4842592592592593,0.47794612794612795,0.6154882154882154,0.7042022792022792,0.5569800569800569,0.5104377104377105,0.6093995510662178,0.6183782267115601,0.5674242424242424,0.5959595959595959,0.5740475265475266,0.06635623000919717,9,0.47617351784018447,0.48650793650793656,0.6044468469649069,0.6146723646723646,0.5149671316337983,0.4720458553791887,0.761939941461218,0.5663803698117423,0.5261891761891762,0.5213712213712214,0.5544694361831737,0.08384889684483637,35,0.4842592592592593,0.47794612794612795,0.6154882154882154,0.7042022792022792,0.5569800569800569,0.5104377104377105,0.6093995510662178,0.6183782267115601,0.5674242424242424,0.5959595959595959,0.5740475265475266,0.06635623000919717,9,0.47863073407698153,0.47189993469063235,0.598200535548612,0.6444143058067108,0.5331323001171642,0.4813931649002386,0.6020763006057124,0.5800994561564224,0.5309577254021698,0.5448600355702449,0.546566449287489,0.05595624657402494,21
30,14.693853497505188,1.4714285643407488,0.17913029193878174,0.016862453081644822,200,2,1,0.2,9,,True,"{'clf__n_estimators': 200, 'clf__min_samples_split': 2, 'clf__min_samples_leaf': 1, 'clf__max_features': 0.2, 'clf__max_depth': 9, 'clf__class_weight': None, 'clf__bootstrap': True}",0.4864197530864198,0.47542087542087547,0.5830808080808081,0.6893421393421393,0.6087477337477337,0.6041245791245792,0.5608305274971941,0.5935465768799103,0.4711840628507295,0.5976430976430976,0.5670340153673487,0.06640005734668716,24,0.4739026943484308,0.4803475935828877,0.590693257359924,0.6640119140119141,0.6564153439153438,0.5876834585167917,0.6088837088837089,0.6481296911529469,0.4475776984548914,0.5278425278425278,0.5685487888069367,0.07660196933929879,22,0.4864197530864198,0.47542087542087547,0.5830808080808081,0.6893421393421393,0.6087477337477337,0.6041245791245792,0.5608305274971941,0.5935465768799103,0.4711840628507295,0.5976430976430976,0.5670340153673487,0.06640005734668716,24,0.47588489941431117,0.47049407381424035,0.5728338814329837,0.6649451115903131,0.6046739559904489,0.5851586035796562,0.5602262424513064,0.5533205619412516,0.4447758766934224,0.5549304420471468,0.5487243648955081,0.06400713180896553,13
31,13.765619826316833,0.27104660414136983,0.18485379219055176,0.015317098988837846,200,10,1,0.2,9,,True,"{'clf__n_estimators': 200, 'clf__min_samples_split': 10, 'clf__min_samples_leaf': 1, 'clf__max_features': 0.2, 'clf__max_depth': 9, 'clf__class_weight': None, 'clf__bootstrap': True}",0.48395061728395056,0.4409090909090909,0.5784511784511784,0.7171199171199171,0.6115255115255115,0.5534511784511784,0.5237934904601571,0.6166947250280583,0.5174803591470258,0.6561447811447811,0.5699520849520849,0.07891611686659233,13,0.46514587551409253,0.4324094604582409,0.57912637471461,0.6828044437693559,0.608068783068783,0.5105650522317189,0.6117317867317867,0.7028711484593838,0.48098904019956656,0.5752909209049561,0.5649002886052494,0.08648848528299158,25,0.48395061728395056,0.4409090909090909,0.5784511784511784,0.7171199171199171,0.6115255115255115,0.5534511784511784,0.5237934904601571,0.6166947250280583,0.5174803591470258,0.6561447811447811,0.5699520849520849,0.07891611686659233,13,0.4697285648266041,0.4298059964726632,0.5684355697119788,0.6895371487950795,0.6036241456100098,0.5261824595157929,0.5044284709684577,0.587862404161522,0.484721910196238,0.6071027345531678,0.5471429404811514,0.0742253740027022,17
32,13.542397141456604,0.37367344928786056,0.18763043880462646,0.016052147973287446,200,18,1,0.2,9,,True,"{'clf__n_estimators': 200, 'clf__min_samples_split': 18, 'clf__min_samples_leaf': 1, 'clf__max_features': 0.2, 'clf__max_depth': 9, 'clf__class_weight': None, 'clf__bootstrap': True}",0.47685185185185186,0.47289562289562287,0.5664141414141414,0.6978891478891479,0.5666601916601917,0.5185185185185185,0.5583052749719416,0.612317620650954,0.5082210998877665,0.646885521885522,0.5624958991625658,0.0694465806451879,38,0.45928937067148445,0.46677793454109245,0.5637291720625054,0.6225751668734125,0.6079545454545454,0.48143738977072315,0.6065245478036174,0.6948402444526476,0.46820244407963707,0.6747858703999055,0.564611668610957,0.08542283199033561,26,0.47685185185185186,0.47289562289562287,0.5664141414141414,0.6978891478891479,0.5666601916601917,0.5185185185185185,0.5583052749719416,0.612317620650954,0.5082210998877665,0.646885521885522,0.5624958991625658,0.0694465806451879,38,0.4625221664893348,0.4598657891340819,0.5554047785377645,0.651428897047337,0.5586298120780879,0.488571700097591,0.5549756631832002,0.5839553167139375,0.4720360561275149,0.5951274501993667,0.5382517629608217,0.06152549319139506,38
33,40.35698511600494,0.7139361355011273,0.1805264949798584,0.019979644848372818,200,2,1,0.6,9,,True,"{'clf__n_estimators': 200, 'clf__min_samples_split': 2, 'clf__min_samples_leaf': 1, 'clf__max_features': 0.6, 'clf__max_depth': 9, 'clf__class_weight': None, 'clf__bootstrap': True}",0.5410493827160494,0.46153198653198657,0.6247474747474748,0.6736078736078736,0.5754985754985755,0.5138888888888888,0.6099046015712682,0.6183782267115601,0.49489337822671153,0.5643939393939394,0.5677894327894328,0.06250633031648352,19,0.5035341202007868,0.4864197530864198,0.6279157945824613,0.5933075533952726,0.6059228458351266,0.5391754850088183,0.617003367003367,0.5847781847781848,0.4773441615546879,0.4829738163071496,0.5518375081752275,0.05729665343162137,37,0.5410493827160494,0.46153198653198657,0.6247474747474748,0.6736078736078736,0.5754985754985755,0.5138888888888888,0.6099046015712682,0.6183782267115601,0.49489337822671153,0.5643939393939394,0.5677894327894328,0.06250633031648352,19,0.5168907563025209,0.46256093866592984,0.6081540870125894,0.6216861598440544,0.5594440510868056,0.4987684919256028,0.6033660602288053,0.5856296456071515,0.463507130682315,0.5085901027077497,0.5428597424063525,0.05725368426321997,31
34,40.25610444545746,0.566713657181807,0.18340425491333007,0.019532608926344033,200,10,1,0.6,9,,True,"{'clf__n_estimators': 200, 'clf__min_samples_split': 10, 'clf__min_samples_leaf': 1, 'clf__max_features': 0.6, 'clf__max_depth': 9, 'clf__class_weight': None, 'clf__bootstrap': True}",0.49537037037037035,0.47289562289562287,0.58493265993266,0.6925861175861177,0.5805490805490805,0.4768518518518518,0.5814534231200897,0.6183782267115601,0.516077441077441,0.5875420875420876,0.5606636881636882,0.06622112696323773,44,0.5029588185075989,0.4690883190883191,0.5951997451997451,0.7449298228709993,0.6269360269360269,0.46494708994708994,0.6034381280505312,0.5810303893637226,0.4846807188912452,0.499023199023199,0.5572232257878478,0.08492077886603785,33,0.49537037037037035,0.47289562289562287,0.58493265993266,0.6925861175861177,0.5805490805490805,0.4768518518518518,0.5814534231200897,0.6183782267115601,0.516077441077441,0.5875420875420876,0.5606636881636882,0.06622112696323773,44,0.4934603388597322,0.4618459729570842,0.5719649674901366,0.648842985911556,0.5724426807760141,0.46019285330879534,0.5804467483034083,0.584267989833731,0.47799609962757234,0.5282337970349883,0.5379694434103017,0.060084561157586015,39
35,42.03756005764008,1.4218612832596174,0.20104618072509767,0.03631381816222321,200,18,1,0.6,9,,True,"{'clf__n_estimators': 200, 'clf__min_samples_split': 18, 'clf__min_samples_leaf': 1, 'clf__max_features': 0.6, 'clf__max_depth': 9, 'clf__class_weight': None, 'clf__bootstrap': True}",0.5324074074074074,0.4564814814814815,0.5851851851851853,0.7013856513856513,0.591912716912717,0.4768518518518518,0.6020763187429854,0.613327721661055,0.48984287317620656,0.5622895622895623,0.5611760770094103,0.07039983119217795,42,0.5162117692605497,0.45218454385121043,0.5953953953953953,0.6442282300125437,0.6252706002706003,0.46494708994708994,0.6126641651031896,0.540430702195408,0.4743885743885744,0.5859936859936861,0.5511714756418248,0.06750270264013675,38,0.5324074074074074,0.4564814814814815,0.5851851851851853,0.7013856513856513,0.591912716912717,0.4768518518518518,0.6020763187429854,0.613327721661055,0.48984287317620656,0.5622895622895623,0.5611760770094103,0.07039983119217795,42,0.5211368089275067,0.4494399579194901,0.5734714873603762,0.6581059129304744,0.5734452685740931,0.46019285330879534,0.5957241886653653,0.5588385312479147,0.45820124211341656,0.5027449916338805,0.5351301242681312,0.06512752566542306,48
36,17.846677899360657,1.4105944478051997,0.1928694725036621,0.018513281016911694,200,2,1,0.2,10,,True,"{'clf__n_estimators': 200, 'clf__min_samples_split': 2, 'clf__min_samples_leaf': 1, 'clf__max_features': 0.2, 'clf__max_depth': 10, 'clf__class_weight': None, 'clf__bootstrap': True}",0.532716049382716,0.48905723905723913,0.5923400673400674,0.6918673918673919,0.6154817404817404,0.5686307519640853,0.6152637485970819,0.6166947250280583,0.4711840628507295,0.6123737373737375,0.5805609513942847,0.06327481116693187,3,0.5679012345679012,0.5017697298185103,0.6183914306463325,0.6672417089083755,0.6715649037803508,0.5711663586663587,0.6366843033509699,0.7028711484593838,0.4482270491042421,0.6434343434343434,0.6029252210736769,0.07632583842550125,5,0.532716049382716,0.48905723905723913,0.5923400673400674,0.6918673918673919,0.6154817404817404,0.5686307519640853,0.6152637485970819,0.6166947250280583,0.4711840628507295,0.6123737373737375,0.5805609513942847,0.06327481116693187,3,0.5282147315855181,0.4834768475291351,0.5871442702240539,0.6709496522408646,0.5849214398403039,0.5580028681880533,0.6165950926004149,0.587862404161522,0.44565653684181705,0.562026523635982,0.5624850366847665,0.061264914880974436,1
37,17.027985620498658,1.0314745288427494,0.20232055187225342,0.031447460980958804,200,10,1,0.2,10,,True,"{'clf__n_estimators': 200, 'clf__min_samples_split': 10, 'clf__min_samples_leaf': 1, 'clf__max_features': 0.2, 'clf__max_depth': 10, 'clf__class_weight': None, 'clf__bootstrap': True}",0.48395061728395056,0.5143097643097643,0.5691919191919192,0.7367780367780369,0.6432595182595182,0.5835016835016835,0.5608305274971941,0.6095398428731762,0.48482042648709317,0.6216329966329968,0.5807815332815333,0.07367313453540776,2,0.4656585698252365,0.5121082621082621,0.5913105413105413,0.6814762398095732,0.6916266321754126,0.5452984312633435,0.6079645662978996,0.6740399092025109,0.4594966761633429,0.6498748165414833,0.5878854644697606,0.0837738427177623,13,0.48395061728395056,0.5143097643097643,0.5691919191919192,0.7367780367780369,0.6432595182595182,0.5835016835016835,0.5608305274971941,0.6095398428731762,0.48482042648709317,0.6216329966329968,0.5807815332815333,0.07367313453540776,2,0.4707299011558646,0.5063389556869359,0.5619302607254413,0.6952694167061441,0.6404017801245658,0.5585189497817115,0.5594351545331937,0.5718849375498992,0.45950524459296394,0.5717316166232576,0.5595746217479978,0.06781845397910204,3
38,16.635105633735655,0.8978793853033358,0.19883944988250732,0.03716876667942058,200,18,1,0.2,10,,True,"{'clf__n_estimators': 200, 'clf__min_samples_split': 18, 'clf__min_samples_leaf': 1, 'clf__max_features': 0.2, 'clf__max_depth': 10, 'clf__class_weight': None, 'clf__bootstrap': True}",0.5413580246913581,0.47289562289562287,0.5756734006734007,0.702978502978503,0.6226366226366227,0.4923400673400673,0.5212682379349045,0.674354657687991,0.4993827160493827,0.6447811447811449,0.5747668997668998,0.07770665222743862,7,0.5066100340490585,0.46762216112061306,0.5857790357790358,0.6710937210937211,0.6620370370370371,0.5096284482249395,0.5967430717430717,0.733226546820521,0.5899720198500686,0.5752784252784253,0.5897990500996493,0.07806970316126881,12,0.5413580246913581,0.47289562289562287,0.5756734006734007,0.702978502978503,0.6226366226366227,0.4923400673400673,0.5212682379349045,0.674354657687991,0.4993827160493827,0.6447811447811449,0.5747668997668998,0.07770665222743862,7,0.5207855190160549,0.4601287295592942,0.5690234293769176,0.6770231738767207,0.6152750461497991,0.47540163310129835,0.49844009258466115,0.6326402741673047,0.47565025871662026,0.6017461659503511,0.5526114322499023,0.07271729478824675,10
39,47.617739748954776,0.8690390992403038,0.1925879716873169,0.015997771629486335,200,2,1,0.6,10,,True,"{'clf__n_estimators': 200, 'clf__min_samples_split': 2, 'clf__min_samples_leaf': 1, 'clf__max_features': 0.6, 'clf__max_depth': 10, 'clf__class_weight': None, 'clf__bootstrap': True}",0.5203703703703704,0.46153198653198657,0.6247474747474748,0.6953638953638954,0.5502460502460502,0.4768518518518518,0.6219977553310887,0.6234287317620651,0.505695847362514,0.5972222222222222,0.5677456185789519,0.07238248778511094,20,0.5076138856626662,0.48088824755491427,0.6279157945824613,0.6423525798525798,0.5912878787878788,0.466358024691358,0.6425567039908125,0.6074345407678741,0.48388331940963514,0.5236354288985868,0.5573926404198767,0.0680139843698038,31,0.5203703703703704,0.46153198653198657,0.6247474747474748,0.6953638953638954,0.5502460502460502,0.4768518518518518,0.6219977553310887,0.6234287317620651,0.505695847362514,0.5972222222222222,0.5677456185789519,0.07238248778511094,20,0.5106870734777711,0.46183690636295016,0.6081540870125894,0.6550857152104043,0.5420954205436964,0.4602007469654528,0.6207768011419126,0.5986397997014783,0.48003328706702764,0.5494946519513504,0.5487004489434633,0.06642546539662526,14
40,46.0142605304718,0.8306674624890963,0.20623502731323243,0.030343646923566638,200,10,1,0.6,10,,True,"{'clf__n_estimators': 200, 'clf__min_samples_split': 10, 'clf__min_samples_leaf': 1, 'clf__max_features': 0.6, 'clf__max_depth': 10, 'clf__class_weight': None, 'clf__bootstrap': True}",0.47870370370370374,0.46153198653198657,0.5902356902356902,0.6953638953638954,0.5666601916601917,0.48796296296296293,0.5982884399551066,0.6209034792368127,0.4692199775533109,0.5736531986531986,0.5542523525856861,0.07351776497977294,48,0.48614494893564664,0.4768590295722078,0.6063427800269906,0.6494232869232869,0.6188809308728008,0.4714085297418631,0.6342630933210643,0.5879900963234297,0.46349715099715105,0.48724732058065384,0.5482057167295095,0.07303405591274303,40,0.47870370370370374,0.46153198653198657,0.5902356902356902,0.6953638953638954,0.5666601916601917,0.48796296296296293,0.5982884399551066,0.6209034792368127,0.4692199775533109,0.5736531986531986,0.5542523525856861,0.07351776497977294,48,0.4752477152477153,0.4636378088687023,0.5825342542857764,0.6587894189141079,0.5622967144208975,0.46813725490196073,0.6059150326797386,0.5848401196227284,0.444973868328155,0.5152567693744163,0.5361628956644198,0.06888825471881335,43
41,45.163771748542786,1.8608306472942742,0.21527619361877443,0.07277012153303279,200,18,1,0.6,10,,True,"{'clf__n_estimators': 200, 'clf__min_samples_split': 18, 'clf__min_samples_leaf': 1, 'clf__max_features': 0.6, 'clf__max_depth': 10, 'clf__class_weight': None, 'clf__bootstrap': True}",0.5015432098765431,0.47542087542087547,0.6222222222222222,0.6874967624967625,0.5754985754985755,0.48796296296296293,0.5469416386083052,0.6158529741863075,0.529405162738496,0.5900673400673401,0.563241172407839,0.06415021988021471,35,0.49276895943562615,0.49295161327681647,0.6128507295173962,0.6000561167227834,0.6008156073945548,0.4714085297418631,0.6007255090588424,0.5591123463930481,0.5070287374208943,0.5045843545843547,0.5442302503546179,0.05289320077171514,45,0.5015432098765431,0.47542087542087547,0.6222222222222222,0.6874967624967625,0.5754985754985755,0.48796296296296293,0.5469416386083052,0.6158529741863075,0.529405162738496,0.5900673400673401,0.563241172407839,0.06415021988021471,35,0.4910625104742751,0.47103233756140533,0.6016582851464173,0.6327076652203986,0.5571223592226302,0.46813725490196073,0.5501414486989793,0.5697704332115785,0.4992903977114504,0.535369287416071,0.5376291979565166,0.05255181904469664,40
42,17.84664101600647,1.334842370130574,0.2041001558303833,0.014440261472830592,200,2,1,0.2,11,,True,"{'clf__n_estimators': 200, 'clf__min_samples_split': 2, 'clf__min_samples_leaf': 1, 'clf__max_features': 0.2, 'clf__max_depth': 11, 'clf__class_weight': None, 'clf__bootstrap': True}",0.495679012345679,0.48905723905723913,0.618013468013468,0.6833203833203834,0.5951113701113702,0.47208193041526375,0.5237934904601571,0.6284792368125702,0.5107463524130191,0.6077441077441078,0.5624026590693257,0.0688142068131351,39,0.5262050125821216,0.5022326927814732,0.6388414055080721,0.6508556258556258,0.5938031593519398,0.47070395109610796,0.6022425105758439,0.7213757244764998,0.5803369470036137,0.5356772856772856,0.5822274314908584,0.07208152728035698,16,0.495679012345679,0.48905723905723913,0.618013468013468,0.6833203833203834,0.5951113701113702,0.47208193041526375,0.5237934904601571,0.6284792368125702,0.5107463524130191,0.6077441077441078,0.5624026590693257,0.0688142068131351,39,0.4892100518368267,0.4835978835978836,0.6081699346405229,0.6544191118541149,0.5867560918297546,0.4612071929679249,0.5039813624931265,0.6026197218850892,0.4750967596123965,0.5635616819827346,0.5428619792700374,0.06465166302012842,30
43,16.86273009777069,0.7006261605706422,0.18741884231567382,0.017222043523090445,200,10,1,0.2,11,,True,"{'clf__n_estimators': 200, 'clf__min_samples_split': 10, 'clf__min_samples_leaf': 1, 'clf__max_features': 0.2, 'clf__max_depth': 11, 'clf__class_weight': None, 'clf__bootstrap': True}",0.4864197530864198,0.4383838383838384,0.6198653198653198,0.7032310282310282,0.6318958818958819,0.4917789001122334,0.5769921436588104,0.6259539842873176,0.468658810325477,0.6216329966329968,0.5664812656479323,0.08395659350337682,27,0.4855649518440216,0.44595959595959594,0.6225308641975308,0.6384540410856201,0.7030603655603654,0.5274680647487665,0.7369967793880837,0.7113117160996778,0.4455791122457789,0.6498748165414833,0.5966800307670923,0.1058650091710929,8,0.4864197530864198,0.4383838383838384,0.6198653198653198,0.7032310282310282,0.6318958818958819,0.4917789001122334,0.5769921436588104,0.6259539842873176,0.468658810325477,0.6216329966329968,0.5664812656479323,0.08395659350337682,27,0.482996632996633,0.4378560209613561,0.6094615624027387,0.6617585064739537,0.6097926027757623,0.48238663911422935,0.5754439475595307,0.5933604626258301,0.44372136783889055,0.5717316166232576,0.5468509359372182,0.07445391545846368,19
44,16.552227210998534,0.7539968972803106,0.19699201583862305,0.03395795480379552,200,18,1,0.2,11,,True,"{'clf__n_estimators': 200, 'clf__min_samples_split': 18, 'clf__min_samples_leaf': 1, 'clf__max_features': 0.2, 'clf__max_depth': 11, 'clf__class_weight': None, 'clf__bootstrap': True}",0.5345679012345679,0.47794612794612795,0.592087542087542,0.7004532504532505,0.6324009324009324,0.5485690235690236,0.5361391694725027,0.6234287317620651,0.5221099887766554,0.6077441077441078,0.5775446775446775,0.062240225450399915,6,0.5099908346032377,0.49617208672086716,0.5985690235690235,0.6682345432345432,0.6282644824311492,0.5965093435681671,0.6169191919191918,0.6925584277210294,0.48056323144042445,0.5356772856772856,0.582345845088492,0.06963485812975194,15,0.5345679012345679,0.47794612794612795,0.592087542087542,0.7004532504532505,0.6324009324009324,0.5485690235690236,0.5361391694725027,0.6234287317620651,0.5221099887766554,0.6077441077441078,0.5775446775446775,0.062240225450399915,6,0.5212012279659338,0.47513227513227513,0.582313627205268,0.6747608618419858,0.6211853415822167,0.5408711398191803,0.5125382827240412,0.587757953422915,0.4852052329122523,0.5635616819827346,0.5564527624588804,0.05915202492496198,6
45,49.99014518260956,1.7749117488773312,0.1990208387374878,0.04724774438468567,200,2,1,0.6,11,,True,"{'clf__n_estimators': 200, 'clf__min_samples_split': 2, 'clf__min_samples_leaf': 1, 'clf__max_features': 0.6, 'clf__max_depth': 11, 'clf__class_weight': None, 'clf__bootstrap': True}",0.4864197530864198,0.47542087542087547,0.6272727272727273,0.7178386428386428,0.6036972286972286,0.4756172839506172,0.5637766554433221,0.6234287317620651,0.5221099887766554,0.5580808080808082,0.5653662695329362,0.07498337383872963,31,0.48989858117765084,0.48241708607562267,0.630622009569378,0.7362934904601571,0.6620226656812023,0.46318342151675485,0.645679012345679,0.6027336860670194,0.480093330970524,0.4910903910903911,0.5684033674954379,0.09293909824948839,23,0.4864197530864198,0.47542087542087547,0.6272727272727273,0.7178386428386428,0.6036972286972286,0.4756172839506172,0.5637766554433221,0.6234287317620651,0.5221099887766554,0.5580808080808082,0.5653662695329362,0.07498337383872963,31,0.48330144091013655,0.4681640557457551,0.6118870657004011,0.6596810512872219,0.6031093032641021,0.4592126046729627,0.5774260364371191,0.5933331096121794,0.48911014230915256,0.5078152285254378,0.5453040038464467,0.0677976861634172,23
46,47.75014600753784,1.3413436780940136,0.19936175346374513,0.023564962807971216,200,10,1,0.6,11,,True,"{'clf__n_estimators': 200, 'clf__min_samples_split': 10, 'clf__min_samples_leaf': 1, 'clf__max_features': 0.6, 'clf__max_depth': 11, 'clf__class_weight': None, 'clf__bootstrap': True}",0.5182098765432098,0.47542087542087547,0.6291245791245791,0.6840391090391091,0.6036972286972286,0.45370370370370366,0.5216891133557799,0.6070145903479237,0.5236531986531987,0.5833333333333334,0.5599885608218942,0.06914906361671765,46,0.5195767195767196,0.479418849744053,0.6166060328083032,0.738644542591911,0.6590043876629242,0.41574074074074074,0.6247414195995755,0.5678710665552771,0.4913614913614913,0.49840510366826163,0.5611370354309257,0.09306112738972679,28,0.5182098765432098,0.47542087542087547,0.6291245791245791,0.6840391090391091,0.6036972286972286,0.45370370370370366,0.5216891133557799,0.6070145903479237,0.5236531986531987,0.5833333333333334,0.5599885608218942,0.06914906361671765,46,0.5124651593617111,0.4694450359741038,0.6125335744266934,0.6420421896130966,0.6018755089016526,0.42447089947089944,0.510222810671727,0.5734402395692719,0.4900337659596919,0.5285188796609104,0.5365048063609758,0.06564804449344373,42
47,43.239047384262086,8.063448533475848,0.18637051582336425,0.02856345421038208,200,18,1,0.6,11,,True,"{'clf__n_estimators': 200, 'clf__min_samples_split': 18, 'clf__min_samples_leaf': 1, 'clf__max_features': 0.6, 'clf__max_depth': 11, 'clf__class_weight': None, 'clf__bootstrap': True}",0.4790123456790123,0.46153198653198657,0.6272727272727273,0.6903133903133903,0.5616096866096867,0.499074074074074,0.5932379349046015,0.6183782267115601,0.5288439955106621,0.5669191919191919,0.5626193559526893,0.06851236979300926,36,0.4612840862840863,0.48088824755491427,0.6335032738541511,0.5972001763668431,0.590009746588694,0.478395061728395,0.6290404040404041,0.5784662867996201,0.5101178873108697,0.496982696982697,0.5455887867510675,0.06311908771235888,43,0.4790123456790123,0.46153198653198657,0.6272727272727273,0.6903133903133903,0.5616096866096867,0.499074074074074,0.5932379349046015,0.6183782267115601,0.5288439955106621,0.5669191919191919,0.5626193559526893,0.06851236979300926,36,0.46821493099604056,0.46183690636295016,0.6140727956282395,0.6324616158781481,0.5459524591638414,0.477115930547303,0.598255100019806,0.5836496434322521,0.5064780879184333,0.5215333691179103,0.5409570839064923,0.06003570251326016,36
